1 100 0.41881895065307617 0.24929213523864746 19.827852249145508 0.3526516556739807
1 100 0.4162518084049225 0.24941207468509674 20.007781982421875 0.34975022077560425
1 200 0.31046587228775024 0.24948760867118835 21.779155731201172 0.17214630544185638
1 300 0.3299850523471832 0.24898138642311096 20.898691177368164 0.2091086506843567
1 400 0.28365808725357056 0.2459057867527008 20.9990291595459 0.19653575122356415
1 500 0.2583990693092346 0.24691401422023773 21.076662063598633 0.17185348272323608
1 600 0.22991636395454407 0.24277718365192413 22.692707061767578 0.14297384023666382
1 700 0.20047885179519653 0.23673948645591736 26.334009170532227 0.07294927537441254
1 800 0.20042705535888672 0.23717299103736877 26.18711280822754 0.09907037764787674
1 900 0.15433989465236664 0.23869308829307556 27.751569747924805 0.04859577491879463
1 1000 0.24586093425750732 0.23217645287513733 25.977880477905273 0.07092972099781036
1 1100 0.1357317566871643 0.2350807785987854 27.925283432006836 0.06420237571001053
1 1200 0.20292437076568604 0.23341979086399078 23.961143493652344 0.06904016435146332
1 1300 0.18250222504138947 0.2292790710926056 27.532453536987305 0.042909517884254456
1 1400 0.16306263208389282 0.22491347789764404 27.84273338317871 0.10643480718135834
1 1500 0.14591866731643677 0.23198340833187103 28.780900955200195 0.08955278992652893
1 1600 0.1358758956193924 0.23450642824172974 27.586807250976562 0.05802305042743683
1 1700 0.1404442936182022 0.2326781004667282 28.613950729370117 0.048395827412605286
1 1800 0.19828882813453674 0.2249409258365631 27.26018524169922 0.06408984959125519
1 1900 0.1901916116476059 0.22783875465393066 26.475292205810547 0.10099118947982788
1 2000 0.13525067269802094 0.23605722188949585 29.122514724731445 0.0432843342423439
1 2100 0.16534429788589478 0.23453980684280396 28.094873428344727 0.06445439904928207
1 2200 0.1880091428756714 0.22825375199317932 26.837535858154297 0.09706302732229233
1 2300 0.12175458669662476 0.23838558793067932 26.399391174316406 0.08414219319820404
1 2400 0.15543043613433838 0.2417573630809784 28.975830078125 0.05962599441409111
1 2500 0.15277981758117676 0.2380060851573944 26.844646453857422 0.07377078384160995
1 2600 0.13322898745536804 0.23866981267929077 28.550559997558594 0.05095696076750755
1 2700 0.14396467804908752 0.24003583192825317 27.92351531982422 0.05682747811079025
1 2800 0.119365394115448 0.24112480878829956 28.37812614440918 0.058392032980918884
1 2900 0.1556636542081833 0.23508360981941223 26.611156463623047 0.07424429059028625
1 3000 0.16895516216754913 0.23795315623283386 25.388774871826172 0.09560754150152206
1 3100 0.14384302496910095 0.24097281694412231 28.668197631835938 0.06611113995313644
1 3200 0.11597076058387756 0.2453399896621704 28.589094161987305 0.05928434431552887
1 3300 0.135049968957901 0.24284563958644867 31.17568016052246 0.0499124675989151
1 3400 0.10073094815015793 0.2479831874370575 28.786039352416992 0.06649664789438248
1 3500 0.1698937714099884 0.24807754158973694 24.057435989379883 0.06990396231412888
1 3600 0.15664070844650269 0.23889108002185822 27.355396270751953 0.07156448811292648
1 3700 0.10194461047649384 0.24553751945495605 30.9598388671875 0.05359822139143944
1 3800 0.1541271060705185 0.24437525868415833 27.445682525634766 0.07810863107442856
1 3900 0.14652195572853088 0.23834699392318726 28.25581169128418 0.08412455767393112
1 4000 0.1510230451822281 0.23899541795253754 27.847103118896484 0.061260584741830826
1 4100 0.1261761635541916 0.24494458734989166 29.287559509277344 0.06820179522037506
1 4200 0.13039709627628326 0.24065515398979187 28.276695251464844 0.06555837392807007
1 4300 0.11633492261171341 0.2449607253074646 26.71780014038086 0.05809788778424263
1 4400 0.12784262001514435 0.24058787524700165 29.28382682800293 0.070281021296978
1 4500 0.13623903691768646 0.2448238581418991 30.07601547241211 0.061219729483127594
1 4600 0.14347021281719208 0.23956477642059326 27.96168327331543 0.05046464130282402
1 4700 0.11864025145769119 0.2431011199951172 27.816837310791016 0.06565269827842712
1 4800 0.1326022893190384 0.24321189522743225 28.134449005126953 0.05506579950451851
1 4900 0.11932607740163803 0.2453087568283081 30.393157958984375 0.06009361520409584
1 5000 0.11685559153556824 0.24299614131450653 27.654417037963867 0.048189084976911545
1 5100 0.1641159951686859 0.24425163865089417 27.618919372558594 0.09183646738529205
1 5200 0.1622498631477356 0.23408570885658264 28.842185974121094 0.06827923655509949
1 5300 0.10320618748664856 0.2443884313106537 29.66809844970703 0.046078383922576904
1 5400 0.10225357115268707 0.2467626929283142 31.217649459838867 0.0319957360625267
2 5500 0.13478782773017883 0.24220287799835205 28.952308654785156 0.050665829330682755
2 5600 0.1292894184589386 0.24459972977638245 30.934175491333008 0.07602271437644958
2 5700 0.10630390048027039 0.24469497799873352 28.517452239990234 0.04099377617239952
2 5800 0.10240426659584045 0.24074070155620575 31.508668899536133 0.03914762660861015
2 5900 0.12299284338951111 0.24884019792079926 26.47831916809082 0.08523765951395035
2 6000 0.1259065568447113 0.24239623546600342 29.54056167602539 0.049762461334466934
2 6100 0.19387668371200562 0.2433750480413437 25.605337142944336 0.12789008021354675
2 6200 0.16232791543006897 0.23993411660194397 27.34855079650879 0.07354193925857544
2 6300 0.2239016890525818 0.23640327155590057 26.163354873657227 0.0850013718008995
2 6400 0.10767683386802673 0.24601447582244873 30.290359497070312 0.04402128607034683
2 6500 0.11707170307636261 0.24612724781036377 27.116037368774414 0.0572870634496212
2 6600 0.1444501131772995 0.2363642156124115 29.48101806640625 0.057431332767009735
2 6700 0.13099631667137146 0.23449251055717468 29.272924423217773 0.07182503491640091
2 6800 0.0998140424489975 0.2432219684123993 30.373138427734375 0.034563660621643066
2 6900 0.09314798563718796 0.24853473901748657 32.660091400146484 0.03713665157556534
2 7000 0.09769027680158615 0.248363196849823 34.03044891357422 0.03830266371369362
2 7100 0.16254979372024536 0.23230019211769104 27.019454956054688 0.06737305968999863
2 7200 0.13215358555316925 0.2426905333995819 30.290725708007812 0.04706720635294914
2 7300 0.08178481459617615 0.24626505374908447 31.074478149414062 0.04904346168041229
2 7400 0.11216424405574799 0.24398978054523468 32.11241149902344 0.038224030286073685
2 7500 0.11136380583047867 0.24964216351509094 31.093067169189453 0.032154232263565063
2 7600 0.12822787463665009 0.23824769258499146 27.98337173461914 0.05005209147930145
2 7700 0.11100734025239944 0.24137388169765472 31.384971618652344 0.04178463667631149
2 7800 0.09581921994686127 0.24425190687179565 32.6021842956543 0.0612328015267849
2 7900 0.08686462044715881 0.24569597840309143 33.45640182495117 0.033152997493743896
2 8000 0.12971892952919006 0.2526695132255554 31.087305068969727 0.04381975904107094
2 8100 0.11395975202322006 0.23929421603679657 32.05971908569336 0.04025822877883911
2 8200 0.12141816318035126 0.23718391358852386 30.33357810974121 0.06262790411710739
2 8300 0.11460486054420471 0.24765844643115997 29.643705368041992 0.03979046642780304
2 8400 0.09556767344474792 0.24351347982883453 29.293792724609375 0.0542701818048954
2 8500 0.09958316385746002 0.24088597297668457 33.09478759765625 0.03906655311584473
2 8600 0.12251818180084229 0.23968924582004547 26.988338470458984 0.05904456228017807
2 8700 0.13150529563426971 0.23539209365844727 27.49871063232422 0.08262275904417038
2 8800 0.11754298210144043 0.23628592491149902 31.224035263061523 0.04754418134689331
2 8900 0.12974132597446442 0.23995225131511688 28.02199935913086 0.0592220276594162
2 9000 0.1473645716905594 0.23604410886764526 30.07411766052246 0.042661722749471664
2 9100 0.12378456443548203 0.23949876427650452 30.11185073852539 0.056728873401880264
2 9200 0.12961092591285706 0.23277485370635986 30.214223861694336 0.06292637437582016
2 9300 0.11754731833934784 0.24958132207393646 32.27328109741211 0.04238924756646156
2 9400 0.1441822350025177 0.24108904600143433 29.97713279724121 0.1056499034166336
2 9500 0.1164715439081192 0.23730023205280304 31.480411529541016 0.05399830639362335
2 9600 0.1019129753112793 0.24259668588638306 32.25288391113281 0.04103194549679756
2 9700 0.1296042650938034 0.2295166254043579 31.638683319091797 0.05374499037861824
2 9800 0.1080310121178627 0.24440473318099976 33.00394821166992 0.04213087260723114
2 9900 0.13411009311676025 0.23955699801445007 30.62751007080078 0.04356382042169571
2 10000 0.14152690768241882 0.23880210518836975 27.61795997619629 0.054086823016405106
2 10100 0.09573044627904892 0.2464173287153244 28.500465393066406 0.058949247002601624
2 10200 0.1228146106004715 0.23595204949378967 31.98477554321289 0.03904148191213608
2 10300 0.11755459010601044 0.24846580624580383 32.0650634765625 0.04344445839524269
2 10400 0.12996728718280792 0.23271828889846802 31.49123764038086 0.05064381659030914
2 10500 0.12384593486785889 0.2329322099685669 30.654266357421875 0.06211266294121742
2 10600 0.13400445878505707 0.2269604504108429 27.99957847595215 0.07845853269100189
2 10700 0.08618085831403732 0.2412211298942566 32.69752883911133 0.0446983277797699
2 10800 0.10748526453971863 0.2386643886566162 32.71345901489258 0.03781978040933609
2 10900 0.112089142203331 0.23428744077682495 31.484224319458008 0.049387671053409576
3 11000 0.12765474617481232 0.23429110646247864 30.070241928100586 0.07188782840967178
3 11100 0.11821622401475906 0.23740935325622559 29.645395278930664 0.055438119918107986
3 11200 0.14148682355880737 0.23699833452701569 30.97492027282715 0.04557078704237938
3 11300 0.10672980546951294 0.23389188945293427 30.035306930541992 0.05211469531059265
3 11400 0.10769744217395782 0.23410367965698242 30.55903434753418 0.0582672655582428
3 11500 0.0804465189576149 0.2506789267063141 31.62529945373535 0.02886778861284256
3 11600 0.09364353120326996 0.2401098608970642 32.833805084228516 0.03416946902871132
3 11700 0.15976381301879883 0.24247461557388306 29.93556022644043 0.060374096035957336
3 11800 0.1094520315527916 0.24177822470664978 29.161500930786133 0.05992909520864487
3 11900 0.09756091237068176 0.238521009683609 31.30246925354004 0.04444092884659767
3 12000 0.12337817251682281 0.2324441373348236 32.19279098510742 0.05553198978304863
3 12100 0.13905750215053558 0.23071792721748352 29.035831451416016 0.06949272751808167
3 12200 0.13291297852993011 0.23926851153373718 29.336313247680664 0.044821057468652725
3 12300 0.12828843295574188 0.23704887926578522 30.596431732177734 0.0565711073577404
3 12400 0.10671070218086243 0.23358109593391418 31.341218948364258 0.06633569300174713
3 12500 0.1449260413646698 0.24283909797668457 29.779314041137695 0.05399893596768379
3 12600 0.12307430058717728 0.23172476887702942 29.944408416748047 0.07316628843545914
3 12700 0.10941638052463531 0.2443522810935974 30.727005004882812 0.04118344560265541
3 12800 0.11787635833024979 0.23179109394550323 30.641529083251953 0.06332407146692276
3 12900 0.0942116230726242 0.2415812611579895 33.313560485839844 0.033434171229600906
3 13000 0.11784471571445465 0.2396572232246399 29.360679626464844 0.04872572794556618
3 13100 0.10536842048168182 0.23433350026607513 30.89624786376953 0.053227297961711884
3 13200 0.1220812052488327 0.2366977334022522 31.099830627441406 0.046237360686063766
3 13300 0.09154824167490005 0.23816290497779846 32.50507354736328 0.04284472018480301
3 13400 0.09293773770332336 0.23721718788146973 31.939664840698242 0.043199457228183746
3 13500 0.10701045393943787 0.24244704842567444 28.789859771728516 0.07048846036195755
3 13600 0.10004867613315582 0.23806047439575195 31.07994842529297 0.04416009038686752
3 13700 0.13288725912570953 0.23388639092445374 31.925037384033203 0.05365907773375511
3 13800 0.1250622272491455 0.23138871788978577 29.82032012939453 0.08885914087295532
3 13900 0.07701243460178375 0.2425704002380371 35.008113861083984 0.03907323628664017
3 14000 0.10086067020893097 0.23744556307792664 28.65149688720703 0.04502864554524422
3 14100 0.13603943586349487 0.23418867588043213 31.13118553161621 0.05775346979498863
3 14200 0.12555958330631256 0.22682954370975494 30.150348663330078 0.05420424044132233
3 14300 0.09668311476707458 0.23933295905590057 29.95916748046875 0.04535091295838356
3 14400 0.10437733680009842 0.2338041067123413 29.72295570373535 0.04592166841030121
3 14500 0.12628930807113647 0.23610034584999084 28.44814682006836 0.05266375094652176
3 14600 0.11588578671216965 0.23382046818733215 31.601308822631836 0.04639890789985657
3 14700 0.13883712887763977 0.23402902483940125 26.020374298095703 0.07139578461647034
3 14800 0.1105135828256607 0.23313426971435547 30.6492977142334 0.045780498534440994
3 14900 0.1101585179567337 0.23836907744407654 32.77903747558594 0.04293902963399887
3 15000 0.10835112631320953 0.2377612441778183 33.83180236816406 0.050548214465379715
3 15100 0.09389595687389374 0.2386849820613861 32.03631591796875 0.041963230818510056
3 15200 0.09152494370937347 0.23747895658016205 33.23976135253906 0.051928259432315826
3 15300 0.09934546053409576 0.2460767924785614 33.29843521118164 0.03118479810655117
3 15400 0.11155073344707489 0.23451322317123413 32.35055923461914 0.038668420165777206
3 15500 0.16521047055721283 0.2258194237947464 27.318988800048828 0.0890069305896759
3 15600 0.09273526072502136 0.24750256538391113 34.001922607421875 0.02563292533159256
3 15700 0.11019618809223175 0.2365041971206665 32.059104919433594 0.04982234165072441
3 15800 0.11209556460380554 0.2351721227169037 31.29882049560547 0.06091086193919182
3 15900 0.10087596625089645 0.2379630208015442 32.987648010253906 0.04185326024889946
3 16000 0.11706337332725525 0.23800507187843323 32.46983337402344 0.04196329042315483
3 16100 0.09107547998428345 0.2438078075647354 32.533348083496094 0.03741442784667015
3 16200 0.10583489388227463 0.24040409922599792 32.010765075683594 0.036767277866601944
3 16300 0.10175822675228119 0.23350685834884644 32.70819854736328 0.05322698503732681
3 16400 0.10878698527812958 0.23566491901874542 30.289636611938477 0.03736760839819908
4 16500 0.08955909311771393 0.23935428261756897 31.432069778442383 0.042234212160110474
4 16600 0.10209065675735474 0.24214079976081848 30.955692291259766 0.03825739398598671
4 16700 0.13140028715133667 0.23450377583503723 30.02640724182129 0.052164144814014435
4 16800 0.11296802759170532 0.23723846673965454 32.59355926513672 0.040175922214984894
4 16900 0.09917799383401871 0.23706814646720886 31.638593673706055 0.042548660188913345
4 17000 0.11721015721559525 0.23215296864509583 30.671585083007812 0.046139903366565704
4 17100 0.0805293396115303 0.24196383357048035 31.353792190551758 0.030806126073002815
4 17200 0.11223183572292328 0.23255300521850586 31.79923439025879 0.0455724261701107
4 17300 0.09972231835126877 0.2408120334148407 33.85280227661133 0.04058836027979851
4 17400 0.08547666668891907 0.23506605625152588 31.683738708496094 0.0470985509455204
4 17500 0.09851986914873123 0.24073128402233124 34.47034454345703 0.0476626418530941
4 17600 0.09935653209686279 0.2338687777519226 30.873455047607422 0.046698808670043945
4 17700 0.10982140898704529 0.23820720613002777 30.04012680053711 0.04394808039069176
4 17800 0.18271593749523163 0.22495228052139282 25.55040168762207 0.06146763265132904
4 17900 0.15756288170814514 0.2330476939678192 24.564985275268555 0.07830145955085754
4 18000 0.17096158862113953 0.23140425980091095 22.462308883666992 0.1084316149353981
4 18100 0.1326235830783844 0.24909313023090363 27.600767135620117 0.04073389619588852
4 18200 0.13389837741851807 0.23050060868263245 30.541324615478516 0.053924884647130966
4 18300 0.07656412571668625 0.25323745608329773 32.9005126953125 0.03758099675178528
4 18400 0.15474243462085724 0.23841267824172974 27.090049743652344 0.06942716240882874
4 18500 0.11529603600502014 0.23277921974658966 32.28041458129883 0.04313834756612778
4 18600 0.09541863203048706 0.25199759006500244 29.559999465942383 0.057139210402965546
4 18700 0.07930350303649902 0.2420068383216858 33.856895446777344 0.03588273376226425
4 18800 0.11444458365440369 0.234391450881958 31.31355094909668 0.04460353031754494
4 18900 0.10805998742580414 0.23823627829551697 31.01504898071289 0.043787550181150436
4 19000 0.0904981717467308 0.24692799150943756 34.668418884277344 0.03146969899535179
4 19100 0.1035037636756897 0.24178394675254822 31.01070213317871 0.04638499394059181
4 19200 0.09261534363031387 0.23910817503929138 32.56809997558594 0.04289744794368744
4 19300 0.10724160075187683 0.24717825651168823 32.794742584228516 0.03587483614683151
4 19400 0.09978188574314117 0.23408493399620056 32.90538787841797 0.040981750935316086
4 19500 0.09691280126571655 0.23683294653892517 33.88444900512695 0.040263473987579346
4 19600 0.08698202669620514 0.24181297421455383 34.3114013671875 0.03517145663499832
4 19700 0.10430160164833069 0.23836971819400787 32.10969924926758 0.05444006994366646
4 19800 0.10716205835342407 0.2329738438129425 32.741519927978516 0.038136567920446396
4 19900 0.08784444630146027 0.24129308760166168 34.176963806152344 0.029345260933041573
4 20000 0.09621340036392212 0.24224399030208588 34.04841613769531 0.04982765391469002
4 20100 0.1373874545097351 0.23649145662784576 29.090763092041016 0.06485117226839066
4 20200 0.11628676950931549 0.22987091541290283 32.0548095703125 0.06683091074228287
4 20300 0.09878724813461304 0.23989710211753845 31.1558837890625 0.050665780901908875
4 20400 0.09367196261882782 0.2375715970993042 34.3931884765625 0.02536519430577755
4 20500 0.1583634316921234 0.23513653874397278 29.80190658569336 0.044132720679044724
4 20600 0.10733756422996521 0.24031689763069153 32.555755615234375 0.04006393253803253
4 20700 0.1490228772163391 0.23143994808197021 29.56714630126953 0.04333103075623512
4 20800 0.12206755578517914 0.2358081042766571 30.700292587280273 0.05436631292104721
4 20900 0.09455506503582001 0.23650091886520386 32.419395446777344 0.04912351816892624
4 21000 0.10170921683311462 0.23833046853542328 32.010772705078125 0.0378628745675087
4 21100 0.0947532132267952 0.23078051209449768 32.56607437133789 0.04328496381640434
4 21200 0.08117693662643433 0.2448369413614273 32.57620620727539 0.03377983719110489
4 21300 0.09843005239963531 0.23453491926193237 33.12626266479492 0.041595812886953354
4 21400 0.08414478600025177 0.2340187430381775 33.3292236328125 0.036228280514478683
4 21500 0.13479547202587128 0.2229572981595993 29.730060577392578 0.06434822827577591
4 21600 0.13943088054656982 0.23386980593204498 31.417314529418945 0.038433123379945755
4 21700 0.09494884312152863 0.25230109691619873 33.00062942504883 0.03862716630101204
4 21800 0.11344802379608154 0.22929522395133972 32.09741973876953 0.059120189398527145
4 21900 0.12455987930297852 0.2274864912033081 31.7757625579834 0.046410974115133286
5 22000 0.12309572100639343 0.2295597493648529 31.96790885925293 0.05470346286892891
5 22100 0.0686413049697876 0.24076561629772186 35.57571792602539 0.027732858434319496
5 22200 0.10599721968173981 0.232560932636261 32.26302719116211 0.0512206070125103
5 22300 0.09467756748199463 0.23667222261428833 33.94301223754883 0.035755082964897156
5 22400 0.12999984622001648 0.2356930375099182 30.399171829223633 0.04950419440865517
5 22500 0.10563796758651733 0.2337089478969574 32.93721008300781 0.03889055922627449
5 22600 0.12352372705936432 0.23381558060646057 31.076946258544922 0.058226361870765686
5 22700 0.07048770040273666 0.24300628900527954 34.1729850769043 0.022429069504141808
5 22800 0.10310692340135574 0.23180976510047913 32.575557708740234 0.06329630315303802
5 22900 0.16007071733474731 0.23018169403076172 28.613842010498047 0.06700610369443893
5 23000 0.08937250822782516 0.24058066308498383 33.18462371826172 0.036668047308921814
5 23100 0.10882300138473511 0.22811025381088257 31.361663818359375 0.055438559502363205
5 23200 0.11951558291912079 0.2233874797821045 31.60666275024414 0.05713546648621559
5 23300 0.09589841961860657 0.23471704125404358 31.057462692260742 0.03967972472310066
5 23400 0.0897718071937561 0.23402157425880432 34.12466049194336 0.03454934433102608
5 23500 0.14015865325927734 0.2270592749118805 30.282316207885742 0.05795607715845108
5 23600 0.07290329039096832 0.24352851510047913 34.54766082763672 0.03727060928940773
5 23700 0.10146156698465347 0.2322371006011963 31.41122055053711 0.052341826260089874
5 23800 0.10213421285152435 0.23777928948402405 32.80345153808594 0.04389163851737976
5 23900 0.12309199571609497 0.22487610578536987 30.103076934814453 0.05687306448817253
5 24000 0.09791432321071625 0.2347753345966339 30.964637756347656 0.07030770182609558
5 24100 0.09315405786037445 0.23597155511379242 32.673423767089844 0.04471621662378311
5 24200 0.09921056032180786 0.23642681539058685 32.31757354736328 0.04551694169640541
5 24300 0.09896668046712875 0.23501896858215332 32.64850616455078 0.06987696141004562
5 24400 0.08012937754392624 0.23533232510089874 34.19773864746094 0.029790343716740608
5 24500 0.1188046932220459 0.23237749934196472 32.20259094238281 0.04189634695649147
5 24600 0.11404382437467575 0.23221561312675476 32.7047233581543 0.04275726526975632
5 24700 0.08944490551948547 0.23471471667289734 33.709197998046875 0.041059866547584534
5 24800 0.09630490094423294 0.22876358032226562 33.17887878417969 0.033556777983903885
5 24900 0.11972580850124359 0.2331535816192627 31.66603660583496 0.044091153889894485
5 25000 0.09729032218456268 0.24476316571235657 32.95350646972656 0.042421855032444
5 25100 0.09131249040365219 0.23488891124725342 32.59595489501953 0.0520511232316494
5 25200 0.1226239949464798 0.23679456114768982 31.722959518432617 0.03593248128890991
5 25300 0.1099931001663208 0.2350047379732132 31.502784729003906 0.05696302279829979
5 25400 0.09751157462596893 0.2319374680519104 31.845125198364258 0.05470042675733566
5 25500 0.0996372252702713 0.23241844773292542 31.013694763183594 0.05895340442657471
5 25600 0.07219662517309189 0.2396254539489746 35.24325180053711 0.024205073714256287
5 25700 0.08733832836151123 0.24090594053268433 34.02988815307617 0.040274254977703094
5 25800 0.10662312805652618 0.2353200614452362 32.022254943847656 0.0784541442990303
5 25900 0.1108083575963974 0.23494338989257812 32.081214904785156 0.04331180080771446
5 26000 0.09955963492393494 0.2376996874809265 32.106502532958984 0.03282676637172699
5 26100 0.11912982165813446 0.2228682041168213 31.567014694213867 0.05623099207878113
5 26200 0.09967692196369171 0.23638607561588287 33.07918930053711 0.03992995247244835
5 26300 0.07554934173822403 0.24130240082740784 35.42954635620117 0.039549656212329865
5 26400 0.06375870108604431 0.23625895380973816 35.441505432128906 0.02606469765305519
5 26500 0.08593311905860901 0.23808172345161438 34.11921691894531 0.041971441358327866
5 26600 0.10888621211051941 0.23389828205108643 31.446901321411133 0.04681338742375374
5 26700 0.08999079465866089 0.23635536432266235 33.82432174682617 0.04568937420845032
5 26800 0.08629147708415985 0.24144095182418823 33.473567962646484 0.03558953106403351
5 26900 0.09078679978847504 0.23852214217185974 33.857643127441406 0.03627448156476021
5 27000 0.09491230547428131 0.2387741506099701 32.005008697509766 0.03991299867630005
5 27100 0.08339421451091766 0.23927095532417297 34.526817321777344 0.05331200361251831
5 27200 0.06787926703691483 0.2403482049703598 35.66121292114258 0.03436960279941559
5 27300 0.10815653204917908 0.24082419276237488 30.51825523376465 0.04635455459356308
5 27400 0.07446306943893433 0.24551641941070557 35.08140182495117 0.02393101155757904
6 27500 0.06888218969106674 0.24238643050193787 34.425498962402344 0.0259898379445076
6 27600 0.0873284861445427 0.23584572970867157 33.05474853515625 0.048213668167591095
6 27700 0.0740373283624649 0.2486703097820282 35.081947326660156 0.024142764508724213
6 27800 0.08585810661315918 0.2403344213962555 34.37773132324219 0.02746467851102352
6 27900 0.07706080377101898 0.23943686485290527 33.73843002319336 0.038625434041023254
6 28000 0.11937650293111801 0.22951532900333405 30.857019424438477 0.0429009385406971
6 28100 0.07795660197734833 0.24333947896957397 34.71656799316406 0.03906617686152458
6 28200 0.0820147842168808 0.23853647708892822 34.44642639160156 0.029694311320781708
6 28300 0.09541071951389313 0.23759645223617554 32.468162536621094 0.03821540251374245
6 28400 0.06871671974658966 0.2412092685699463 32.95779800415039 0.03230239078402519
6 28500 0.07584571093320847 0.24798139929771423 34.4093132019043 0.03185422345995903
6 28600 0.08352066576480865 0.23924089968204498 34.256622314453125 0.03963867574930191
6 28700 0.08905107527971268 0.23825129866600037 34.44742965698242 0.029642146080732346
6 28800 0.07748047262430191 0.2390158474445343 33.8415641784668 0.041226521134376526
6 28900 0.09193532913923264 0.23992344737052917 32.603397369384766 0.0444023571908474
6 29000 0.09383445978164673 0.2381311058998108 33.883766174316406 0.03253103792667389
6 29100 0.09985961019992828 0.2433941662311554 31.91212272644043 0.05040017515420914
6 29200 0.07999525219202042 0.2465762495994568 34.381587982177734 0.027946773916482925
6 29300 0.06862906366586685 0.24103116989135742 34.6092529296875 0.02954793907701969
6 29400 0.1054937094449997 0.2329631745815277 32.7758674621582 0.0370049774646759
6 29500 0.09887535870075226 0.23449251055717468 32.551109313964844 0.049020055681467056
6 29600 0.08533596992492676 0.2375887930393219 33.031944274902344 0.042795468121767044
6 29700 0.10591691732406616 0.2384749799966812 31.66474151611328 0.056634996086359024
6 29800 0.08140504360198975 0.24121326208114624 34.77796173095703 0.03128479793667793
6 29900 0.07616620510816574 0.24127677083015442 34.78883361816406 0.030917419120669365
6 30000 0.06671255081892014 0.2442304491996765 36.694061279296875 0.025267431512475014
6 30100 0.06462110579013824 0.24271175265312195 35.34465026855469 0.03069363906979561
6 30200 0.12240895628929138 0.23500826954841614 30.524211883544922 0.057078681886196136
6 30300 0.06386302411556244 0.238139346241951 34.55141067504883 0.03151066228747368
6 30400 0.07144796848297119 0.2471490204334259 34.984474182128906 0.02823266014456749
6 30500 0.12425286322832108 0.23091726005077362 30.11704444885254 0.061924826353788376
6 30600 0.07129472494125366 0.2363925576210022 33.71531677246094 0.03896219655871391
6 30700 0.07629711925983429 0.23471082746982574 34.67781066894531 0.03519750386476517
6 30800 0.08596152067184448 0.23867830634117126 31.908164978027344 0.05231700837612152
6 30900 0.1055043488740921 0.23505067825317383 32.31837463378906 0.06799433380365372
6 31000 0.0646655261516571 0.2392112761735916 35.26865768432617 0.03852907940745354
6 31100 0.08961789309978485 0.23578688502311707 33.85633087158203 0.03078901395201683
6 31200 0.05816879868507385 0.244174063205719 36.239349365234375 0.03043111227452755
6 31300 0.08720211684703827 0.2341654896736145 32.651527404785156 0.03916752338409424
6 31400 0.09171877801418304 0.23780938982963562 32.458744049072266 0.05564671754837036
6 31500 0.07104388624429703 0.23654130101203918 34.105201721191406 0.042415231466293335
6 31600 0.09132036566734314 0.24429760873317719 31.829618453979492 0.05494999513030052
6 31700 0.07939635217189789 0.2359965443611145 33.64475631713867 0.036180175840854645
6 31800 0.06961715221405029 0.24377520382404327 35.437503814697266 0.02713301219046116
6 31900 0.10014782845973969 0.2365465611219406 32.106224060058594 0.052958302199840546
6 32000 0.07593881338834763 0.24619364738464355 35.333717346191406 0.030154963955283165
6 32100 0.06603384017944336 0.2482728511095047 36.445701599121094 0.021888844668865204
6 32200 0.0686391144990921 0.24069936573505402 35.23582077026367 0.032686542719602585
6 32300 0.1287267655134201 0.2317408323287964 29.326982498168945 0.06252364069223404
6 32400 0.07007957249879837 0.24191367626190186 35.11851119995117 0.025648850947618484
6 32500 0.06339952349662781 0.24051493406295776 35.31605911254883 0.04317888244986534
6 32600 0.08493047952651978 0.2346271276473999 34.25539779663086 0.036800317466259
6 32700 0.07969284802675247 0.2429054230451584 33.46363067626953 0.043200697749853134
6 32800 0.07935605198144913 0.2374456226825714 35.1560173034668 0.03248579055070877
6 32900 0.08707907050848007 0.23941130936145782 32.76249694824219 0.04258089140057564
7 33000 0.10920807719230652 0.22785204648971558 32.16584777832031 0.05264200270175934
7 33100 0.05558053404092789 0.24431271851062775 37.19499588012695 0.024876048788428307
7 33200 0.08612152934074402 0.24236023426055908 33.22060775756836 0.045808710157871246
7 33300 0.06451193988323212 0.24190528690814972 36.80561447143555 0.021070227026939392
7 33400 0.08394742012023926 0.24605858325958252 35.614891052246094 0.028706084936857224
7 33500 0.06992210447788239 0.23794299364089966 34.16486358642578 0.04108256846666336
7 33600 0.10121190547943115 0.23834723234176636 33.063087463378906 0.0606880821287632
7 33700 0.05962261185050011 0.2375553399324417 34.99062728881836 0.04572156071662903
7 33800 0.08065730333328247 0.24480237066745758 33.98927688598633 0.05158931761980057
7 33900 0.08286058902740479 0.23753073811531067 34.7352294921875 0.04350412264466286
7 34000 0.08921907842159271 0.23731808364391327 31.913488388061523 0.05255567282438278
7 34100 0.11580909788608551 0.2319636344909668 30.908153533935547 0.05921221151947975
7 34200 0.08599437028169632 0.23499685525894165 33.46894454956055 0.0538921020925045
7 34300 0.08800876140594482 0.23477961122989655 33.55810546875 0.0424046516418457
7 34400 0.09090426564216614 0.2386803925037384 33.50291442871094 0.03869541734457016
7 34500 0.06043039262294769 0.24234020709991455 36.63850402832031 0.02097923867404461
7 34600 0.077910415828228 0.23453250527381897 34.62317657470703 0.04963032901287079
7 34700 0.06682669371366501 0.24514180421829224 34.68031311035156 0.03322752192616463
7 34800 0.0722920298576355 0.23210343718528748 33.07128143310547 0.053458087146282196
7 34900 0.06161199137568474 0.2408328503370285 35.616241455078125 0.042543597519397736
7 35000 0.07228712737560272 0.24072527885437012 35.39848327636719 0.04208273068070412
7 35100 0.07208529114723206 0.2423432469367981 34.67168045043945 0.027524208649992943
7 35200 0.09961730241775513 0.22889219224452972 32.26898956298828 0.039378371089696884
7 35300 0.057590238749980927 0.23928378522396088 36.82467269897461 0.025017771869897842
7 35400 0.10248015820980072 0.2374839037656784 32.53104019165039 0.04762168973684311
7 35500 0.08361482620239258 0.23824870586395264 32.98163604736328 0.04256732389330864
7 35600 0.08663883060216904 0.23643431067466736 33.98756408691406 0.033252790570259094
7 35700 0.07345995306968689 0.23946353793144226 35.15971755981445 0.024420399218797684
7 35800 0.0981406718492508 0.22867783904075623 31.84995460510254 0.04259299859404564
7 35900 0.10013511776924133 0.23388046026229858 32.177642822265625 0.05136653035879135
7 36000 0.09361100196838379 0.23292705416679382 32.38014221191406 0.04262222722172737
7 36100 0.08723108470439911 0.23692503571510315 33.088314056396484 0.048840802162885666
7 36200 0.08130233734846115 0.23342275619506836 33.17518997192383 0.04388026148080826
7 36300 0.07893459498882294 0.24327701330184937 35.322044372558594 0.035671383142471313
7 36400 0.06964336335659027 0.2400745153427124 34.95901107788086 0.04252668470144272
7 36500 0.09778245538473129 0.2408243864774704 33.06489181518555 0.03419680893421173
7 36600 0.10034608840942383 0.2350987195968628 33.14755630493164 0.03250481188297272
7 36700 0.10244826972484589 0.22475659847259521 31.52512550354004 0.04791649058461189
7 36800 0.07838917523622513 0.2421988844871521 34.4774055480957 0.05143186077475548
7 36900 0.07068184018135071 0.241001695394516 35.64850997924805 0.02692580223083496
7 37000 0.06473375856876373 0.23538699746131897 35.392723083496094 0.03771482780575752
7 37100 0.0881483405828476 0.23924821615219116 34.30359649658203 0.032771673053503036
7 37200 0.074069082736969 0.23539896309375763 34.378597259521484 0.031471509486436844
7 37300 0.08189232647418976 0.2408607304096222 34.069236755371094 0.0328686386346817
7 37400 0.11233624815940857 0.23874974250793457 31.89795684814453 0.049823787063360214
7 37500 0.10068366676568985 0.2355709969997406 32.05491638183594 0.046428922563791275
7 37600 0.10989578068256378 0.22750312089920044 31.55324363708496 0.05288088694214821
7 37700 0.0910097286105156 0.2387503981590271 32.559059143066406 0.045133329927921295
7 37800 0.08551307022571564 0.241506427526474 34.27939987182617 0.0354171022772789
7 37900 0.07174224406480789 0.23977676033973694 35.75772476196289 0.057864028960466385
7 38000 0.08504322171211243 0.23895017802715302 34.71802520751953 0.042100388556718826
7 38100 0.09340722858905792 0.23908638954162598 32.527618408203125 0.03687470778822899
7 38200 0.08537567406892776 0.2315516173839569 33.98297882080078 0.05400680750608444
7 38300 0.0714682936668396 0.23915794491767883 34.30671310424805 0.047722864896059036
8 38400 0.09859631955623627 0.23356395959854126 32.84764862060547 0.038089219480752945
8 38500 0.08331219851970673 0.23743268847465515 33.9901123046875 0.04624495655298233
8 38600 0.07359112799167633 0.23798967897891998 34.35185623168945 0.03769347071647644
8 38700 0.07777313143014908 0.23920373618602753 35.19434356689453 0.03098260425031185
8 38800 0.04924604296684265 0.24593834578990936 37.267547607421875 0.023805813863873482
8 38900 0.10093896836042404 0.23096075654029846 32.68214416503906 0.03824888914823532
8 39000 0.05806433781981468 0.24811992049217224 37.129615783691406 0.02238730899989605
8 39100 0.08078969269990921 0.23628222942352295 32.672943115234375 0.053743649274110794
8 39200 0.07622473686933517 0.23793989419937134 35.26283264160156 0.03133414685726166
8 39300 0.06099603325128555 0.2395479530096054 34.85516357421875 0.032612673938274384
8 39400 0.09456846117973328 0.2338552176952362 32.605995178222656 0.04255562275648117
8 39500 0.08333596587181091 0.23861467838287354 34.51101303100586 0.03528866544365883
8 39600 0.08171355724334717 0.23369121551513672 32.759422302246094 0.051858775317668915
8 39700 0.0884462222456932 0.23823270201683044 33.51178741455078 0.03449438512325287
8 39800 0.07614073157310486 0.23822638392448425 33.8641471862793 0.0275986697524786
8 39900 0.08096510171890259 0.2355348914861679 34.01122283935547 0.040587350726127625
8 40000 0.07019796967506409 0.2365485429763794 34.60890579223633 0.034895509481430054
8 40100 0.06635428965091705 0.24135541915893555 35.40565490722656 0.032856445759534836
8 40200 0.06415427476167679 0.23702093958854675 34.4178352355957 0.042781293392181396
8 40300 0.08217065781354904 0.2330653965473175 33.11003112792969 0.03868623450398445
8 40400 0.08942261338233948 0.23203223943710327 33.04039764404297 0.038622766733169556
8 40500 0.07595708966255188 0.23337678611278534 33.92845916748047 0.04541276395320892
8 40600 0.08883478492498398 0.23681952059268951 32.154415130615234 0.04737425968050957
8 40700 0.06363512575626373 0.2441762387752533 35.7403564453125 0.02999548427760601
8 40800 0.0798284187912941 0.2389550805091858 32.752037048339844 0.03535344451665878
8 40900 0.09537281095981598 0.23317241668701172 33.330841064453125 0.0530688501894474
8 41000 0.06341667473316193 0.23790434002876282 35.31965255737305 0.02359721250832081
8 41100 0.06370936334133148 0.23887136578559875 34.94404983520508 0.02845504693686962
8 41200 0.07179010659456253 0.23849254846572876 35.065406799316406 0.02969399094581604
8 41300 0.09686428308486938 0.23406991362571716 33.62971496582031 0.04329939931631088
8 41400 0.06588086485862732 0.2372698038816452 35.917388916015625 0.02984105981886387
8 41500 0.07520134001970291 0.2424146682024002 34.517738342285156 0.03339545801281929
8 41600 0.08485712856054306 0.23963011801242828 33.81476593017578 0.035673122853040695
8 41700 0.088438019156456 0.23507392406463623 33.41260528564453 0.04300227388739586
8 41800 0.0762636736035347 0.2339596152305603 34.99384307861328 0.033196303993463516
8 41900 0.08667866885662079 0.23809689283370972 33.02616882324219 0.03898744285106659
8 42000 0.09780057519674301 0.2317102551460266 30.36219596862793 0.04821593686938286
8 42100 0.06955010443925858 0.2363063395023346 35.26892852783203 0.04084302484989166
8 42200 0.075050488114357 0.2366124987602234 34.61357879638672 0.040150392800569534
8 42300 0.06382349878549576 0.23937982320785522 35.87030029296875 0.02646113932132721
8 42400 0.07904960215091705 0.23058463633060455 33.80423355102539 0.04105390980839729
8 42500 0.08717407286167145 0.23802736401557922 34.619346618652344 0.04606536403298378
8 42600 0.0695168524980545 0.2435954511165619 36.02436065673828 0.03456926345825195
8 42700 0.08850666880607605 0.23275554180145264 31.702678680419922 0.04193480685353279
8 42800 0.0828908234834671 0.23623275756835938 34.7102165222168 0.02677047625184059
8 42900 0.06995116174221039 0.23461118340492249 33.367637634277344 0.03622289374470711
8 43000 0.06608709692955017 0.2337346374988556 34.44279098510742 0.030349796637892723
8 43100 0.06962716579437256 0.23707090318202972 35.44503402709961 0.040118541568517685
8 43200 0.07213251292705536 0.23902177810668945 34.766143798828125 0.034692421555519104
8 43300 0.08122555911540985 0.2365483045578003 34.576026916503906 0.04178894683718681
8 43400 0.05999184399843216 0.23903362452983856 35.93883514404297 0.02913176454603672
8 43500 0.07584460824728012 0.23612675070762634 34.20110321044922 0.04939867928624153
8 43600 0.05573541298508644 0.24342459440231323 36.39554977416992 0.03491629287600517
8 43700 0.06607270240783691 0.2424478381872177 35.736751556396484 0.03230730816721916
8 43800 0.055827219039201736 0.24015790224075317 37.11042022705078 0.03564050421118736
9 43900 0.060697078704833984 0.24611935019493103 36.6908073425293 0.02160428650677204
9 44000 0.07434987276792526 0.24044299125671387 35.60655212402344 0.035994019359350204
9 44100 0.0912833958864212 0.22989240288734436 32.69853210449219 0.0310516394674778
9 44200 0.09318352490663528 0.23113885521888733 32.86593246459961 0.04407660663127899
9 44300 0.09313526749610901 0.2286742478609085 31.361413955688477 0.059559255838394165
9 44400 0.09242960810661316 0.23142629861831665 32.86703109741211 0.039764538407325745
9 44500 0.07867427915334702 0.2372286468744278 34.638038635253906 0.03284907713532448
9 44600 0.08626960217952728 0.2283824384212494 33.237937927246094 0.0551997534930706
9 44700 0.09278342127799988 0.23221953213214874 33.22216796875 0.054175764322280884
9 44800 0.07484522461891174 0.23535573482513428 33.578125 0.03575068339705467
9 44900 0.075008325278759 0.23342382907867432 33.691627502441406 0.0439930334687233
9 45000 0.10971282422542572 0.23482996225357056 32.191749572753906 0.03898561745882034
9 45100 0.07766111940145493 0.23934371769428253 34.557395935058594 0.03482266888022423
9 45200 0.08184049278497696 0.2284601628780365 33.379737854003906 0.03797150030732155
9 45300 0.0811188668012619 0.23342987895011902 32.316619873046875 0.05151677876710892
9 45400 0.05456096678972244 0.239942267537117 37.68817138671875 0.025357665494084358
9 45500 0.08585807681083679 0.22766101360321045 32.61791229248047 0.04785308986902237
9 45600 0.06869781017303467 0.23519355058670044 36.290550231933594 0.03148365765810013
9 45700 0.06452202796936035 0.23673796653747559 35.378841400146484 0.03173276409506798
9 45800 0.07436273247003555 0.2381763458251953 34.41321563720703 0.027004292234778404
9 45900 0.05789574980735779 0.2381495237350464 35.25364685058594 0.03369840607047081
9 46000 0.0716315284371376 0.23572266101837158 35.09203338623047 0.038135383278131485
9 46100 0.0657188668847084 0.23713408410549164 34.80902862548828 0.03565366193652153
9 46200 0.07564163208007812 0.2323075830936432 33.90321731567383 0.04610753804445267
9 46300 0.04867210239171982 0.2423042356967926 37.023773193359375 0.02742942050099373
9 46400 0.0457378625869751 0.24425294995307922 38.01314163208008 0.023562755435705185
9 46500 0.07919922471046448 0.23472708463668823 33.463470458984375 0.047745976597070694
9 46600 0.07141075283288956 0.24117907881736755 35.52690124511719 0.025533422827720642
9 46700 0.09090910851955414 0.23570434749126434 32.81184387207031 0.03791229799389839
9 46800 0.040919285267591476 0.24703603982925415 39.00775909423828 0.019098281860351562
9 46900 0.0742165595293045 0.22981102764606476 33.76002502441406 0.047088224440813065
9 47000 0.06890861690044403 0.2343243956565857 34.928436279296875 0.03758003190159798
9 47100 0.051241956651210785 0.23913061618804932 37.30516815185547 0.021359624341130257
9 47200 0.08569968491792679 0.23234373331069946 33.1893196105957 0.05406520515680313
9 47300 0.053931720554828644 0.24021275341510773 37.1470832824707 0.030505429953336716
9 47400 0.050216689705848694 0.24121645092964172 37.24055480957031 0.023254703730344772
9 47500 0.08436349034309387 0.23059320449829102 33.630741119384766 0.04353882372379303
9 47600 0.06520061194896698 0.23982512950897217 36.26063919067383 0.043956637382507324
9 47700 0.0739792138338089 0.2342349886894226 33.96375274658203 0.03463675454258919
9 47800 0.08796696364879608 0.22726887464523315 31.715370178222656 0.07228392362594604
9 47900 0.07044689357280731 0.2335083782672882 33.220191955566406 0.05759897455573082
9 48000 0.07370451837778091 0.23479530215263367 34.24962615966797 0.03426823392510414
9 48100 0.06720857322216034 0.23333272337913513 34.656307220458984 0.04366101697087288
9 48200 0.061752766370773315 0.2389976978302002 34.34664535522461 0.041819486767053604
9 48300 0.060480404645204544 0.23813779652118683 36.45413589477539 0.03563292697072029
9 48400 0.04942654073238373 0.24202293157577515 37.52641296386719 0.028351856395602226
9 48500 0.06417600810527802 0.2369355857372284 36.56352996826172 0.03194328397512436
9 48600 0.07198108732700348 0.23630917072296143 34.86128234863281 0.04226270318031311
9 48700 0.0841073989868164 0.23072266578674316 32.70609664916992 0.03786586597561836
9 48800 0.05379534885287285 0.2446105182170868 37.661903381347656 0.026217712089419365
9 48900 0.06351444125175476 0.2354750633239746 35.355716705322266 0.03853919729590416
9 49000 0.08502468466758728 0.23321841657161713 34.34736633300781 0.037115342915058136
9 49100 0.07738707959651947 0.2341708093881607 33.405303955078125 0.0337434820830822
9 49200 0.08561462163925171 0.23573359847068787 33.532554626464844 0.04489786922931671
9 49300 0.07006049156188965 0.23308418691158295 35.87464141845703 0.03698388859629631
10 49400 0.08696052432060242 0.24034973978996277 32.98375701904297 0.04796130955219269
10 49500 0.06251978874206543 0.23500007390975952 36.039459228515625 0.04071838781237602
10 49600 0.06553158909082413 0.23714852333068848 35.50411605834961 0.0324103944003582
10 49700 0.07996384799480438 0.24265450239181519 34.35736083984375 0.027976825833320618
10 49800 0.056335464119911194 0.24242714047431946 38.62210464477539 0.033939749002456665
10 49900 0.06170602887868881 0.2329547256231308 36.42488098144531 0.029051244258880615
10 50000 0.07458354532718658 0.23646138608455658 34.29133987426758 0.03278667479753494
10 50100 0.06221427023410797 0.23619891703128815 36.68922424316406 0.026989169418811798
10 50200 0.05335179716348648 0.23980095982551575 36.00439453125 0.03054279088973999
10 50300 0.05587742477655411 0.23969313502311707 36.100746154785156 0.025622079148888588
10 50400 0.05860673636198044 0.23812226951122284 34.821685791015625 0.02441922202706337
10 50500 0.07092972099781036 0.238385409116745 33.939903259277344 0.036507949233055115
10 50600 0.056093938648700714 0.2382187396287918 36.04743957519531 0.02741055004298687
10 50700 0.06382983177900314 0.2360737919807434 36.887271881103516 0.037927787750959396
10 50800 0.056923091411590576 0.2465505450963974 35.39825439453125 0.032845333218574524
10 50900 0.06895115971565247 0.23172669112682343 34.81284713745117 0.040484510362148285
10 51000 0.08319558948278427 0.2293989658355713 33.816627502441406 0.048914145678281784
10 51100 0.06865823268890381 0.23762348294258118 36.150611877441406 0.019870048388838768
10 51200 0.0797441303730011 0.23628705739974976 34.08495330810547 0.033285122364759445
10 51300 0.059193745255470276 0.2430223822593689 37.62044906616211 0.02418971247971058
10 51400 0.07448258996009827 0.23651821911334991 35.13859939575195 0.03300152346491814
10 51500 0.04779462143778801 0.24052400887012482 38.528221130371094 0.025643428787589073
10 51600 0.08933600783348083 0.23491409420967102 34.07666015625 0.03668688237667084
10 51700 0.059066757559776306 0.23207443952560425 35.87139892578125 0.025758760049939156
10 51800 0.0823432207107544 0.23276543617248535 34.500328063964844 0.03738672658801079
10 51900 0.05871089920401573 0.23968738317489624 36.88130569458008 0.04258275032043457
10 52000 0.06754238158464432 0.2378716766834259 35.866172790527344 0.031457915902137756
10 52100 0.06182432547211647 0.23646509647369385 35.47789764404297 0.036680009216070175
10 52200 0.05749852955341339 0.23697222769260406 35.44475555419922 0.033149175345897675
10 52300 0.06912060081958771 0.2324678897857666 36.396663665771484 0.03470814973115921
10 52400 0.06988506764173508 0.23737961053848267 35.66272735595703 0.03190258517861366
10 52500 0.06459478288888931 0.23683708906173706 36.27192306518555 0.030872095376253128
10 52600 0.06703712791204453 0.24100536108016968 34.67013168334961 0.034114666283130646
10 52700 0.06992490589618683 0.2461191862821579 36.048526763916016 0.023363327607512474
10 52800 0.07160282135009766 0.2337358593940735 34.40224075317383 0.03263549506664276
10 52900 0.055624403059482574 0.23823755979537964 36.52047348022461 0.030131381005048752
10 53000 0.05981236323714256 0.23591448366641998 35.29701614379883 0.024903466925024986
10 53100 0.06993675231933594 0.23949584364891052 34.79632568359375 0.03143030405044556
10 53200 0.07218004018068314 0.2348271608352661 35.539756774902344 0.027246125042438507
10 53300 0.07416395843029022 0.23377934098243713 35.03645706176758 0.033520832657814026
10 53400 0.06953039020299911 0.23053163290023804 34.01300048828125 0.031597256660461426
10 53500 0.050890691578388214 0.23962359130382538 37.1938591003418 0.019288277253508568
10 53600 0.05964428931474686 0.23790520429611206 37.263671875 0.020235104486346245
10 53700 0.07884956896305084 0.23897531628608704 34.94009017944336 0.03384384140372276
10 53800 0.08353054523468018 0.23506996035575867 33.56861877441406 0.02940479665994644
10 53900 0.09408248960971832 0.22954589128494263 32.767112731933594 0.045648593455553055
10 54000 0.08636823296546936 0.2305079996585846 33.00251007080078 0.037216417491436005
10 54100 0.09164448082447052 0.23303227126598358 33.980472564697266 0.04543193802237511
10 54200 0.07209760695695877 0.23966439068317413 35.39803695678711 0.03832623362541199
10 54300 0.06876277923583984 0.23297077417373657 35.34062194824219 0.05062542483210564
10 54400 0.07036904990673065 0.2470611035823822 36.29186248779297 0.02599547803401947
10 54500 0.07324263453483582 0.2307262271642685 33.488121032714844 0.048547517508268356
10 54600 0.05430382862687111 0.2380656898021698 36.44308853149414 0.024607539176940918
10 54700 0.06659278273582458 0.23616668581962585 35.14532470703125 0.030261021107435226
10 54800 0.07078994810581207 0.23521050810813904 35.10638427734375 0.02923460863530636
11 54900 0.05808717757463455 0.2357119917869568 36.43727111816406 0.02549905516207218
11 55000 0.06723730266094208 0.23404709994792938 34.956764221191406 0.03785363584756851
11 55100 0.07164746522903442 0.2326652705669403 34.216087341308594 0.0430566743016243
11 55200 0.0561211034655571 0.2369706779718399 36.457069396972656 0.03187019005417824
11 55300 0.10858958214521408 0.2184867411851883 30.464662551879883 0.0726904422044754
11 55400 0.08114123344421387 0.23354679346084595 33.931968688964844 0.03418896719813347
11 55500 0.06310205161571503 0.23411864042282104 36.4642333984375 0.025025585666298866
11 55600 0.08049777895212173 0.2346172332763672 34.37706756591797 0.039761435240507126
11 55700 0.07101058214902878 0.22962097823619843 34.3601188659668 0.05128062143921852
11 55800 0.08190521597862244 0.2323053628206253 33.612098693847656 0.0399724617600441
11 55900 0.06818179786205292 0.23697690665721893 35.040863037109375 0.03210577368736267
11 56000 0.049871742725372314 0.23929181694984436 37.01802062988281 0.029769068583846092
11 56100 0.06532379239797592 0.23663949966430664 35.69574737548828 0.035732828080654144
11 56200 0.13390538096427917 0.2350628674030304 29.004764556884766 0.06930273771286011
11 56300 0.07952944934368134 0.23461264371871948 33.26283645629883 0.05590211600065231
11 56400 0.07158678770065308 0.23530110716819763 35.35873031616211 0.03781659156084061
11 56500 0.07767124474048615 0.23470202088356018 33.11859893798828 0.04559590294957161
11 56600 0.0703125 0.23076850175857544 34.7147331237793 0.03838939219713211
11 56700 0.0619303360581398 0.24035638570785522 35.84331130981445 0.025004468858242035
11 56800 0.05302046984434128 0.2353905737400055 37.899620056152344 0.0330209955573082
11 56900 0.06326267868280411 0.24307125806808472 36.0982780456543 0.03284308686852455
11 57000 0.07465584576129913 0.23462241888046265 35.09480285644531 0.03291824832558632
11 57100 0.07974950969219208 0.23185142874717712 32.97249221801758 0.038793183863162994
11 57200 0.06081192195415497 0.23434562981128693 35.86058807373047 0.02774631604552269
11 57300 0.07908877730369568 0.22507071495056152 33.16420364379883 0.053403351455926895
11 57400 0.06500722467899323 0.23475712537765503 36.31317901611328 0.028825674206018448
11 57500 0.07272875308990479 0.22677358984947205 34.8310546875 0.040872108191251755
11 57600 0.07307037711143494 0.24215587973594666 34.88454818725586 0.0337248332798481
11 57700 0.0870448499917984 0.23376134037971497 34.34836196899414 0.045356810092926025
11 57800 0.0949677899479866 0.23683257400989532 31.804353713989258 0.0485059879720211
11 57900 0.06758967787027359 0.2370564192533493 35.55493927001953 0.03799154609441757
11 58000 0.05684874951839447 0.23873236775398254 37.300140380859375 0.03941454738378525
11 58100 0.056049324572086334 0.2387004941701889 36.67357635498047 0.02597619965672493
11 58200 0.06582044810056686 0.23492103815078735 35.828514099121094 0.02692214585840702
11 58300 0.04842675104737282 0.23988154530525208 37.68168640136719 0.028546465560793877
11 58400 0.06727132201194763 0.23083478212356567 35.58128356933594 0.03511478751897812
11 58500 0.05614253133535385 0.23556041717529297 36.72089385986328 0.031005021184682846
11 58600 0.08349937945604324 0.23159882426261902 32.92945098876953 0.057734083384275436
11 58700 0.073057621717453 0.23426023125648499 33.841766357421875 0.034129079431295395
11 58800 0.08635161817073822 0.2330789566040039 33.145626068115234 0.03610149770975113
11 58900 0.09058311581611633 0.23574471473693848 34.2977180480957 0.029311271384358406
11 59000 0.06513383239507675 0.23709698021411896 35.395652770996094 0.018297579139471054
11 59100 0.08005575090646744 0.22924017906188965 33.43122863769531 0.033119674772024155
11 59200 0.05356326699256897 0.2369345873594284 36.6442985534668 0.03120449371635914
11 59300 0.07710345089435577 0.23219546675682068 33.96237564086914 0.04504125937819481
11 59400 0.06675133109092712 0.2353323996067047 35.963531494140625 0.032769735902547836
11 59500 0.0615999735891819 0.23544089496135712 36.46517562866211 0.03374867886304855
11 59600 0.05695216357707977 0.2354244589805603 36.433067321777344 0.031936634331941605
11 59700 0.06245127692818642 0.2361641824245453 36.792144775390625 0.026205645874142647
11 59800 0.07621370255947113 0.23028302192687988 33.96379470825195 0.042086921632289886
11 59900 0.057426221668720245 0.23334601521492004 34.732303619384766 0.03027063049376011
11 60000 0.05022367835044861 0.2430160790681839 37.642822265625 0.02240603417158127
11 60100 0.04571811109781265 0.23995216190814972 38.86840057373047 0.025750376284122467
11 60200 0.04746619611978531 0.2366805374622345 36.99462127685547 0.024027565494179726
11 60300 0.08265310525894165 0.23119217157363892 33.51026153564453 0.03020150028169155
12 60400 0.0771341398358345 0.23564694821834564 33.72548294067383 0.05680598318576813
12 60500 0.062728151679039 0.2335509955883026 35.971824645996094 0.025767844170331955
12 60600 0.06954699754714966 0.2449151873588562 33.97233581542969 0.049296729266643524
12 60700 0.07922424376010895 0.2346959263086319 33.23370361328125 0.04038485884666443
12 60800 0.0511249415576458 0.23916059732437134 36.653621673583984 0.026796534657478333
12 60900 0.07688078284263611 0.23414398729801178 34.02327346801758 0.03672027960419655
12 61000 0.06955135613679886 0.2380836009979248 35.402008056640625 0.025201207026839256
12 61100 0.07375144958496094 0.23461712896823883 33.43156814575195 0.04171357303857803
12 61200 0.07462725043296814 0.2347780466079712 34.29815673828125 0.039826296269893646
12 61300 0.060401514172554016 0.24215689301490784 36.98217010498047 0.050387606024742126
12 61400 0.0684666633605957 0.2360243797302246 35.22003173828125 0.036072105169296265
12 61500 0.07873271405696869 0.24214580655097961 34.73447799682617 0.03762340173125267
12 61600 0.037930529564619064 0.24230745434761047 38.88144302368164 0.023978369310498238
12 61700 0.06295200437307358 0.2332005798816681 35.607078552246094 0.028908496722579002
12 61800 0.053137704730033875 0.23523645102977753 36.401241302490234 0.03643804416060448
12 61900 0.07572206854820251 0.23507526516914368 34.4616584777832 0.039526913315057755
12 62000 0.08054216206073761 0.2329074889421463 33.39545440673828 0.04937366023659706
12 62100 0.067964568734169 0.23450356721878052 34.24525451660156 0.05256064236164093
12 62200 0.06056822091341019 0.2364273965358734 35.140254974365234 0.04109233245253563
12 62300 0.0806940495967865 0.23531396687030792 33.46947479248047 0.03219602257013321
12 62400 0.09275534749031067 0.22963541746139526 32.360862731933594 0.04076444357633591
12 62500 0.08908361196517944 0.23558999598026276 33.74544906616211 0.04075516387820244
12 62600 0.07065990567207336 0.2333618551492691 34.614994049072266 0.04504438489675522
12 62700 0.0768226683139801 0.2373770773410797 34.91749572753906 0.04043218493461609
12 62800 0.05021226406097412 0.24223655462265015 37.44212341308594 0.02191007323563099
12 62900 0.051646362990140915 0.23842647671699524 36.90727996826172 0.025018613785505295
12 63000 0.07274298369884491 0.23343874514102936 33.624855041503906 0.043424610048532486
12 63100 0.0768447145819664 0.2345493733882904 34.14974594116211 0.03486591950058937
12 63200 0.07247918844223022 0.23752640187740326 35.40785217285156 0.03461111709475517
12 63300 0.06604325026273727 0.23394352197647095 33.89755630493164 0.0420072004199028
12 63400 0.08078142255544662 0.22942417860031128 32.335906982421875 0.04660087078809738
12 63500 0.05965534970164299 0.24142056703567505 35.3287467956543 0.026770155876874924
12 63600 0.07690469920635223 0.22924771904945374 33.87370681762695 0.04046352207660675
12 63700 0.06409554183483124 0.23782646656036377 36.35437774658203 0.03351381793618202
12 63800 0.048725664615631104 0.23920248448848724 37.59864807128906 0.023189274594187737
12 63900 0.06462717056274414 0.23677875101566315 35.77667999267578 0.021572548896074295
12 64000 0.08201982825994492 0.23108381032943726 33.226070404052734 0.04528482258319855
12 64100 0.06988048553466797 0.23516219854354858 35.67954635620117 0.02938077785074711
12 64200 0.05017458647489548 0.24003398418426514 37.73193359375 0.028641046956181526
12 64300 0.051199570298194885 0.24292051792144775 38.57615661621094 0.02782016433775425
12 64400 0.0743299201130867 0.23050999641418457 34.79176330566406 0.05552050098776817
12 64500 0.05738282948732376 0.23783621191978455 38.235008239746094 0.028327221050858498
12 64600 0.07862307876348495 0.22995790839195251 34.91490173339844 0.032487254589796066
12 64700 0.07165788114070892 0.2357536107301712 35.73722839355469 0.02592812478542328
12 64800 0.07095557451248169 0.2345408797264099 34.04975891113281 0.057100340723991394
12 64900 0.06365829706192017 0.23952695727348328 37.15843963623047 0.028320344164967537
12 65000 0.04312697425484657 0.24215400218963623 38.95731735229492 0.01855866052210331
12 65100 0.05655635893344879 0.2381553053855896 37.49269485473633 0.02709670551121235
12 65200 0.06257656216621399 0.24012520909309387 36.721702575683594 0.023092374205589294
12 65300 0.05784858018159866 0.23584944009780884 36.54368591308594 0.023379284888505936
12 65400 0.05255761370062828 0.23734065890312195 37.760467529296875 0.02018105983734131
12 65500 0.09027858823537827 0.23403887450695038 33.53184127807617 0.030696844682097435
12 65600 0.08422401547431946 0.24301625788211823 34.25078582763672 0.03105122223496437
12 65700 0.10344070941209793 0.23332157731056213 29.394378662109375 0.06554897129535675
12 65800 0.06662596017122269 0.23319177329540253 33.32813262939453 0.04154769331216812
13 65900 0.0704268366098404 0.23496568202972412 34.45208740234375 0.03739678114652634
13 66000 0.043665602803230286 0.24323366582393646 39.111759185791016 0.018123487010598183
13 66100 0.04916434735059738 0.2373386174440384 37.21455383300781 0.027434928342700005
13 66200 0.049206435680389404 0.2380608469247818 37.0414924621582 0.02891124039888382
13 66300 0.04583364725112915 0.2384442687034607 37.09809112548828 0.02400890737771988
13 66400 0.05733528733253479 0.23547866940498352 36.96847152709961 0.03130321204662323
13 66500 0.07770516723394394 0.23455744981765747 34.487857818603516 0.05159804970026016
13 66600 0.06782691180706024 0.24112001061439514 35.17283248901367 0.03864063322544098
13 66700 0.047907374799251556 0.2399706393480301 37.159751892089844 0.019803175702691078
13 66800 0.06716139614582062 0.2381683737039566 35.025962829589844 0.023946408182382584
13 66900 0.06937050074338913 0.24047404527664185 36.060264587402344 0.03966344892978668
13 67000 0.05123525857925415 0.2442605346441269 37.52201461791992 0.024636685848236084
13 67100 0.06410522013902664 0.2369994819164276 35.62800216674805 0.029157405719161034
13 67200 0.07967083156108856 0.23028206825256348 33.56696701049805 0.035965949296951294
13 67300 0.06914330273866653 0.232182577252388 34.67488479614258 0.03662911057472229
13 67400 0.052561186254024506 0.24553078413009644 38.49488067626953 0.025747379288077354
13 67500 0.06860657036304474 0.23423674702644348 34.38041305541992 0.04382569342851639
13 67600 0.051311194896698 0.24074535071849823 37.93003845214844 0.029909489676356316
13 67700 0.051769234240055084 0.23782560229301453 37.150413513183594 0.02660033293068409
13 67800 0.09182978421449661 0.22799915075302124 32.861167907714844 0.040529631078243256
13 67900 0.055003777146339417 0.23777741193771362 36.66925811767578 0.03510275110602379
13 68000 0.07658535987138748 0.24091732501983643 32.00031280517578 0.043911319226026535
13 68100 0.05792144685983658 0.2420824021100998 36.99745178222656 0.031736500561237335
13 68200 0.06858295202255249 0.24373747408390045 34.319725036621094 0.027963967993855476
13 68300 0.07278092950582504 0.23017242550849915 33.34214782714844 0.046805642545223236
13 68400 0.0738951787352562 0.23700101673603058 34.30006408691406 0.04274938255548477
13 68500 0.05728272348642349 0.23886050283908844 37.2158317565918 0.026196002960205078
13 68600 0.03892190381884575 0.24690036475658417 40.27290344238281 0.019455980509519577
13 68700 0.07593526691198349 0.24250277876853943 35.095401763916016 0.02855609729886055
13 68800 0.05774933844804764 0.23710793256759644 37.209468841552734 0.02831188216805458
13 68900 0.06001207232475281 0.2371279001235962 35.23786544799805 0.026569288223981857
13 69000 0.0631309375166893 0.2426542341709137 35.81073760986328 0.03464715555310249
13 69100 0.060807522386312485 0.23886173963546753 35.896148681640625 0.023633591830730438
13 69200 0.07292166352272034 0.23008131980895996 34.41388702392578 0.044614069163799286
13 69300 0.058433350175619125 0.24006971716880798 36.20692443847656 0.030503539368510246
13 69400 0.06355546414852142 0.23840439319610596 36.91642761230469 0.03433110937476158
13 69500 0.04867583513259888 0.24187254905700684 37.818695068359375 0.021405134350061417
13 69600 0.08723969757556915 0.23461945354938507 32.75578689575195 0.032434601336717606
13 69700 0.05610022693872452 0.24312183260917664 37.751773834228516 0.021282432600855827
13 69800 0.07116525620222092 0.23584982752799988 33.49509811401367 0.04240145534276962
13 69900 0.09323927760124207 0.23196455836296082 33.908382415771484 0.03429754078388214
13 70000 0.07753688097000122 0.23811671137809753 33.61970138549805 0.029278965666890144
13 70100 0.06270737200975418 0.23903131484985352 35.64792251586914 0.030524011701345444
13 70200 0.06649938970804214 0.23531436920166016 35.12680435180664 0.038789812475442886
13 70300 0.07071224600076675 0.23580946028232574 35.32026672363281 0.031338080763816833
13 70400 0.043953098356723785 0.2407296597957611 38.4951171875 0.018590569496154785
13 70500 0.06770448386669159 0.23387527465820312 35.600929260253906 0.026694336906075478
13 70600 0.05075843632221222 0.23832431435585022 37.44585418701172 0.027760887518525124
13 70700 0.08919152617454529 0.23478081822395325 32.023433685302734 0.04800041392445564
13 70800 0.06983628123998642 0.2378547191619873 35.010772705078125 0.03461753576993942
13 70900 0.054976873099803925 0.2363598644733429 37.011207580566406 0.019381973892450333
13 71000 0.05775490775704384 0.23763099312782288 36.17308807373047 0.027961252257227898
13 71100 0.05330411344766617 0.24182063341140747 36.77788162231445 0.022781897336244583
13 71200 0.06321671605110168 0.2384617030620575 36.08045959472656 0.025346850976347923
14 71300 0.05215015634894371 0.236963152885437 37.6373291015625 0.0329337976872921
14 71400 0.08242601156234741 0.24427996575832367 33.35540771484375 0.027934987097978592
14 71500 0.07941204309463501 0.23857101798057556 34.49903106689453 0.032174255698919296
14 71600 0.0580257773399353 0.23661604523658752 36.09324645996094 0.023979095742106438
14 71700 0.06261708587408066 0.23961898684501648 35.396148681640625 0.02943316474556923
14 71800 0.07322342693805695 0.23749089241027832 35.527870178222656 0.03133733570575714
14 71900 0.07104784995317459 0.23758858442306519 34.98137664794922 0.03201437368988991
14 72000 0.07013347744941711 0.23729677498340607 34.41979217529297 0.04423891380429268
14 72100 0.0720653235912323 0.23799502849578857 34.568603515625 0.03419998660683632
14 72200 0.07015912234783173 0.2369145303964615 35.44495391845703 0.031187646090984344
14 72300 0.06634017080068588 0.2309381365776062 35.15535354614258 0.04034704342484474
14 72400 0.07373206317424774 0.238165020942688 34.1684455871582 0.027702657505869865
14 72500 0.07829069346189499 0.2320629358291626 34.38508605957031 0.03386790677905083
14 72600 0.07560035586357117 0.234810471534729 34.65579605102539 0.03788933902978897
14 72700 0.06266363710165024 0.23412716388702393 34.951454162597656 0.03549564629793167
14 72800 0.07188401371240616 0.2392963171005249 34.61162567138672 0.028606602922081947
14 72900 0.05235367268323898 0.24043278396129608 37.68128967285156 0.026263566687703133
14 73000 0.05885819345712662 0.2336745262145996 35.03934097290039 0.03747861459851265
14 73100 0.06165607273578644 0.23974420130252838 36.91032409667969 0.02668529562652111
14 73200 0.08234653621912003 0.22935186326503754 33.61266326904297 0.035912998020648956
14 73300 0.07421079277992249 0.23793759942054749 34.83831024169922 0.03159245476126671
14 73400 0.07681241631507874 0.23385009169578552 35.117820739746094 0.03709335997700691
14 73500 0.056493405252695084 0.24075549840927124 37.509281158447266 0.026368381455540657
14 73600 0.0594823881983757 0.23714564740657806 35.25123977661133 0.03157396614551544
14 73700 0.09075925499200821 0.23184311389923096 32.734256744384766 0.04720764234662056
14 73800 0.07061418145895004 0.2351653128862381 35.3148193359375 0.025553088635206223
14 73900 0.059313103556632996 0.2397407740354538 36.453277587890625 0.025983421131968498
14 74000 0.051536791026592255 0.24097387492656708 38.180824279785156 0.027436373755335808
14 74100 0.07433916628360748 0.2346716970205307 33.93128967285156 0.0443730503320694
14 74200 0.06444912403821945 0.23975609242916107 36.08784484863281 0.027456600219011307
14 74300 0.0800185576081276 0.23355427384376526 34.225196838378906 0.030354363843798637
14 74400 0.04410437121987343 0.24264051020145416 39.019718170166016 0.02114260569214821
14 74500 0.06972832977771759 0.232082799077034 35.50460433959961 0.028615618124604225
14 74600 0.0569266602396965 0.23755502700805664 35.89329147338867 0.020977608859539032
14 74700 0.05814091116189957 0.24607154726982117 37.59708786010742 0.0257102083414793
14 74800 0.045748837292194366 0.2431565523147583 39.0067024230957 0.021313611418008804
14 74900 0.07550276815891266 0.23444688320159912 34.129539489746094 0.04078429192304611
14 75000 0.07767419517040253 0.234289288520813 34.86124038696289 0.03355896472930908
14 75100 0.06595820933580399 0.23745140433311462 35.09142303466797 0.03548708185553551
14 75200 0.05901547521352768 0.23732858896255493 35.97713851928711 0.0289472583681345
14 75300 0.05340069532394409 0.2345373034477234 36.672447204589844 0.032549843192100525
14 75400 0.036514297127723694 0.24476437270641327 40.845115661621094 0.017750265076756477
14 75500 0.0814332365989685 0.24014049768447876 32.736900329589844 0.039244964718818665
14 75600 0.06297604739665985 0.23489394783973694 37.295806884765625 0.028906982392072678
14 75700 0.0583198256790638 0.2412702441215515 37.620689392089844 0.027963291853666306
14 75800 0.06516487151384354 0.23589423298835754 34.34468078613281 0.029328159987926483
14 75900 0.04649222642183304 0.2482748031616211 37.50279235839844 0.02114161103963852
14 76000 0.055211640894412994 0.2347978800535202 36.276641845703125 0.02536371722817421
14 76100 0.06239497661590576 0.2386338859796524 35.039024353027344 0.0434965156018734
14 76200 0.04864377900958061 0.2386942356824875 37.37351989746094 0.02407894842326641
14 76300 0.05522274971008301 0.2409714311361313 37.177337646484375 0.025689609348773956
14 76400 0.0694306343793869 0.2373817265033722 34.21942138671875 0.03818777576088905
14 76500 0.058240726590156555 0.23650872707366943 37.36738204956055 0.03254658356308937
14 76600 0.0632202997803688 0.23270027339458466 35.8856201171875 0.03697643056511879
14 76700 0.07402590662240982 0.23430079221725464 33.571903228759766 0.03882197290658951
15 76800 0.07965514063835144 0.23246696591377258 32.66938018798828 0.046405866742134094
15 76900 0.06194108724594116 0.2408810406923294 35.91404724121094 0.037078361958265305
15 77000 0.04680607467889786 0.24384835362434387 38.11500930786133 0.016879867762327194
15 77100 0.06896541267633438 0.23102831840515137 34.461273193359375 0.039655651897192
15 77200 0.04742266982793808 0.23995107412338257 38.80661392211914 0.02351905032992363
15 77300 0.06462721526622772 0.2337857186794281 36.549400329589844 0.022259097546339035
15 77400 0.060403287410736084 0.23990337550640106 37.283355712890625 0.028412286192178726
15 77500 0.06950125098228455 0.23595473170280457 34.80470275878906 0.04496939107775688
15 77600 0.06482042372226715 0.23266854882240295 34.74325180053711 0.03483548015356064
15 77700 0.05492149293422699 0.23826271295547485 37.34832763671875 0.02426976151764393
15 77800 0.07812747359275818 0.23900240659713745 34.041099548339844 0.044704437255859375
15 77900 0.058263521641492844 0.2323748767375946 35.824546813964844 0.037491798400878906
15 78000 0.06037843972444534 0.24005669355392456 36.058433532714844 0.030179793015122414
15 78100 0.06439308822154999 0.24051332473754883 35.62192916870117 0.022485526278614998
15 78200 0.04674571007490158 0.24082252383232117 37.06953430175781 0.02398570440709591
15 78300 0.060156092047691345 0.23538923263549805 36.3487548828125 0.03191111981868744
15 78400 0.05773193761706352 0.2374819815158844 36.63330078125 0.031322672963142395
15 78500 0.0642477348446846 0.24394847452640533 36.14023208618164 0.02198834717273712
15 78600 0.047247227281332016 0.24427194893360138 38.11777877807617 0.019901366904377937
15 78700 0.05360206216573715 0.2359251081943512 36.56913757324219 0.026848671957850456
15 78800 0.06759576499462128 0.2388077974319458 36.703269958496094 0.02780141867697239
15 78900 0.04069891199469566 0.24342456459999084 38.54499816894531 0.022190185263752937
15 79000 0.06323694437742233 0.23873525857925415 36.73554229736328 0.025354210287332535
15 79100 0.05369178205728531 0.24482497572898865 37.6900520324707 0.03000509925186634
15 79200 0.06959229707717896 0.23479487001895905 35.71124267578125 0.025067463517189026
15 79300 0.08258837461471558 0.23727339506149292 33.77423095703125 0.054465506225824356
15 79400 0.053008947521448135 0.23943063616752625 36.910030364990234 0.03966948762536049
15 79500 0.06422517448663712 0.23792704939842224 35.82655334472656 0.0367572121322155
15 79600 0.06234942004084587 0.23792420327663422 35.382408142089844 0.03149261698126793
15 79700 0.04202325642108917 0.24099305272102356 38.950218200683594 0.02359868213534355
15 79800 0.04925740137696266 0.24026808142662048 38.16881561279297 0.023394374176859856
15 79900 0.05046491697430611 0.23724228143692017 37.255393981933594 0.031151147559285164
15 80000 0.053644198924303055 0.2369355708360672 36.83243942260742 0.025225205346941948
15 80100 0.0692659243941307 0.23495391011238098 34.540733337402344 0.03511957824230194
15 80200 0.061737921088933945 0.2408914864063263 34.357566833496094 0.03575579822063446
15 80300 0.07442280650138855 0.22871920466423035 34.56438446044922 0.027664752677083015
15 80400 0.06927001476287842 0.23759505152702332 36.50677490234375 0.03001047857105732
15 80500 0.05091927573084831 0.2442297488451004 37.38272476196289 0.02328898385167122
15 80600 0.04034040495753288 0.24562811851501465 39.553321838378906 0.0150418970733881
15 80700 0.04970816895365715 0.24011723697185516 37.35392761230469 0.019000450149178505
15 80800 0.0634448230266571 0.23660680651664734 37.22801208496094 0.029117286205291748
15 80900 0.038735631853342056 0.2449033558368683 40.33483123779297 0.013887754641473293
15 81000 0.054815106093883514 0.24450595676898956 37.191837310791016 0.019692998379468918
15 81100 0.04647708311676979 0.24375751614570618 39.02481460571289 0.023996317759156227
15 81200 0.04972177743911743 0.24079521000385284 36.861488342285156 0.025786148384213448
15 81300 0.055388838052749634 0.23867371678352356 37.57483673095703 0.02837374247610569
15 81400 0.045529477298259735 0.24097953736782074 37.44068145751953 0.027950316667556763
15 81500 0.05302815139293671 0.24191313982009888 37.52307891845703 0.018949352204799652
15 81600 0.04891794174909592 0.2504604756832123 39.679744720458984 0.02021777629852295
15 81700 0.08253709226846695 0.23145554959774017 34.56153869628906 0.040252454578876495
15 81800 0.07785056531429291 0.23713447153568268 34.28754425048828 0.033916912972927094
15 81900 0.04650486260652542 0.2425525188446045 37.70292282104492 0.0316777341067791
15 82000 0.06544263660907745 0.2352631390094757 35.73731994628906 0.02690751478075981
15 82100 0.06122022122144699 0.24259889125823975 35.212669372558594 0.02837473340332508
15 82200 0.06664848327636719 0.23561356961727142 34.270755767822266 0.03715609386563301
16 82300 0.06145564466714859 0.23984506726264954 36.472900390625 0.03787994384765625
16 82400 0.0406203493475914 0.2462054193019867 40.36374282836914 0.023825552314519882
16 82500 0.05596638470888138 0.23867326974868774 37.1846923828125 0.025218965485692024
16 82600 0.07505796104669571 0.23640303313732147 34.87445068359375 0.029294453561306
16 82700 0.06996942311525345 0.23513944447040558 36.29703903198242 0.026022184640169144
16 82800 0.06363749504089355 0.23699751496315002 35.20277786254883 0.038233913481235504
16 82900 0.07787170261144638 0.24118059873580933 34.631954193115234 0.04032453894615173
16 83000 0.05933607369661331 0.2400834560394287 36.17314147949219 0.027556829154491425
16 83100 0.059516578912734985 0.236972838640213 36.15534591674805 0.03946039453148842
16 83200 0.05638387054204941 0.24135935306549072 37.61859893798828 0.024930646643042564
16 83300 0.04607716202735901 0.2425500750541687 39.19905471801758 0.019410690292716026
16 83400 0.04740563780069351 0.23909640312194824 37.607887268066406 0.019752833992242813
16 83500 0.04510914534330368 0.24068689346313477 38.1806755065918 0.018491113558411598
16 83600 0.04001476615667343 0.24129396677017212 38.32201385498047 0.0211299117654562
16 83700 0.054656982421875 0.23909741640090942 37.238197326660156 0.023182030767202377
16 83800 0.06213037669658661 0.23616981506347656 35.77323913574219 0.030133860185742378
16 83900 0.07238420844078064 0.23612985014915466 35.965484619140625 0.03723147511482239
16 84000 0.05249740183353424 0.23806101083755493 37.276405334472656 0.019967788830399513
16 84100 0.056364815682172775 0.24065226316452026 35.0114631652832 0.036863069981336594
16 84200 0.06616449356079102 0.23471778631210327 34.7547721862793 0.044350773096084595
16 84300 0.051494039595127106 0.24502363801002502 38.13764190673828 0.030478350818157196
16 84400 0.0501922145485878 0.24318796396255493 37.83648681640625 0.02242494374513626
16 84500 0.0562904067337513 0.23898039758205414 37.064735412597656 0.030368424952030182
16 84600 0.04318397492170334 0.24224622547626495 38.75453567504883 0.015347897075116634
16 84700 0.057267189025878906 0.24153001606464386 37.91783905029297 0.029666481539607048
16 84800 0.07310128211975098 0.240775465965271 33.68416976928711 0.03633325546979904
16 84900 0.06431201100349426 0.23670460283756256 35.50640869140625 0.03364136070013046
16 85000 0.0506143718957901 0.23938032984733582 38.38248825073242 0.0223138015717268
16 85100 0.0573737695813179 0.2357899248600006 36.67604064941406 0.025848275050520897
16 85200 0.05661526322364807 0.23950894176959991 35.271602630615234 0.028430230915546417
16 85300 0.04323417693376541 0.2506091296672821 39.98482131958008 0.016949454322457314
16 85400 0.07089383900165558 0.23302000761032104 34.52954864501953 0.04060235619544983
16 85500 0.06469003856182098 0.2391408085823059 37.310951232910156 0.028241127729415894
16 85600 0.06979712098836899 0.23326775431632996 35.9713249206543 0.03544486686587334
16 85700 0.0459001362323761 0.24010848999023438 38.28950119018555 0.021491050720214844
16 85800 0.0557846836745739 0.242624431848526 37.05794143676758 0.026960181072354317
16 85900 0.06122018024325371 0.23469141125679016 36.64379119873047 0.028954721987247467
16 86000 0.05538349971175194 0.23952922224998474 36.55868911743164 0.02225579507648945
16 86100 0.05054612457752228 0.24439197778701782 39.45519256591797 0.022779259830713272
16 86200 0.059443436563014984 0.2392396777868271 36.138832092285156 0.0399220809340477
16 86300 0.07378505915403366 0.23400789499282837 34.311649322509766 0.034047484397888184
16 86400 0.06178199499845505 0.23610907793045044 34.15608215332031 0.03820206597447395
16 86500 0.05421070754528046 0.23426088690757751 37.44497299194336 0.03041314147412777
16 86600 0.04668569192290306 0.24151179194450378 38.769779205322266 0.01913519576191902
16 86700 0.04506572335958481 0.2440052628517151 37.26491928100586 0.0271663386374712
16 86800 0.05072788894176483 0.239679753780365 37.64707565307617 0.024824708700180054
16 86900 0.05431847274303436 0.24173212051391602 37.400604248046875 0.016646871343255043
16 87000 0.05047057941555977 0.24155548214912415 36.40045928955078 0.020458407700061798
16 87100 0.06234660744667053 0.23769497871398926 35.56005859375 0.022154154255986214
16 87200 0.055745191872119904 0.23821097612380981 36.7608642578125 0.035444099456071854
16 87300 0.06280888617038727 0.2340068370103836 35.00715255737305 0.029134444892406464
16 87400 0.06191094219684601 0.23456932604312897 36.50093078613281 0.026863159611821175
16 87500 0.052884239703416824 0.2362377643585205 36.74992370605469 0.04073679447174072
16 87600 0.07726135849952698 0.24001726508140564 34.076866149902344 0.0638662576675415
16 87700 0.07181042432785034 0.23342010378837585 34.88230895996094 0.03789998218417168
17 87800 0.045746512711048126 0.24737727642059326 37.98770523071289 0.016801804304122925
17 87900 0.04708798974752426 0.23923689126968384 36.72443389892578 0.030486522242426872
17 88000 0.06776166707277298 0.2368583381175995 35.92456817626953 0.03980866074562073
17 88100 0.06769902259111404 0.23426562547683716 35.12112808227539 0.03077256679534912
17 88200 0.05882184952497482 0.23949658870697021 35.95841598510742 0.028791630640625954
17 88300 0.05728127807378769 0.23930624127388 36.452362060546875 0.029028724879026413
17 88400 0.059957630932331085 0.23827332258224487 37.082462310791016 0.025436734780669212
17 88500 0.06263711303472519 0.23633688688278198 36.06447982788086 0.04311429336667061
17 88600 0.060220856219530106 0.23565982282161713 35.99922180175781 0.026742927730083466
17 88700 0.07173588871955872 0.2372894287109375 31.96666717529297 0.04186679795384407
17 88800 0.05185268819332123 0.2414095103740692 38.095314025878906 0.01938275434076786
17 88900 0.049548279494047165 0.24191534519195557 37.78742980957031 0.02621769905090332
17 89000 0.06131940335035324 0.23916923999786377 35.778038024902344 0.026491396129131317
17 89100 0.05197865143418312 0.25071054697036743 37.989715576171875 0.0161153394728899
17 89200 0.05102607607841492 0.24023331701755524 36.2202262878418 0.03179699555039406
17 89300 0.06643444299697876 0.2342754602432251 36.357505798339844 0.029102785512804985
17 89400 0.04196189343929291 0.24078086018562317 39.28562545776367 0.026298725977540016
17 89500 0.07156571745872498 0.23820632696151733 35.3720703125 0.0299643836915493
17 89600 0.07800084352493286 0.24525392055511475 34.19341278076172 0.03174469992518425
17 89700 0.058299720287323 0.23674465715885162 36.872779846191406 0.03815780207514763
17 89800 0.05050764977931976 0.24455176293849945 37.9461669921875 0.026747150346636772
17 89900 0.06307186186313629 0.24244260787963867 36.14701843261719 0.026263786479830742
17 90000 0.05664534866809845 0.23984447121620178 36.086181640625 0.02346312627196312
17 90100 0.07192716747522354 0.24049896001815796 35.153568267822266 0.04087674617767334
17 90200 0.06826180219650269 0.2312925159931183 34.89874267578125 0.03867721185088158
17 90300 0.06161513179540634 0.23906144499778748 36.77351760864258 0.03248017653822899
17 90400 0.056857164949178696 0.23339122533798218 35.87173080444336 0.02608991600573063
17 90500 0.0625605508685112 0.24574574828147888 35.239261627197266 0.028099393472075462
17 90600 0.06401312351226807 0.24425238370895386 36.201332092285156 0.03247799351811409
17 90700 0.05962606891989708 0.2453070878982544 35.526187896728516 0.03128381446003914
17 90800 0.04667789861559868 0.24397900700569153 39.33269500732422 0.017283078283071518
17 90900 0.04264000058174133 0.23961320519447327 39.400909423828125 0.029842007905244827
17 91000 0.06932718306779861 0.24821017682552338 35.800071716308594 0.024923959746956825
17 91100 0.06287296116352081 0.23638518154621124 35.32893371582031 0.03543062508106232
17 91200 0.050158992409706116 0.23982319235801697 37.375282287597656 0.027405519038438797
17 91300 0.06679841130971909 0.23375925421714783 34.65821838378906 0.04068145155906677
17 91400 0.05539454519748688 0.24571484327316284 37.95659637451172 0.02376667596399784
17 91500 0.06287580728530884 0.23526528477668762 36.19508361816406 0.02903863415122032
17 91600 0.05080920457839966 0.2395610809326172 36.88983917236328 0.023472758010029793
17 91700 0.06694819033145905 0.23198461532592773 34.94866943359375 0.04259772598743439
17 91800 0.05216696858406067 0.2425948977470398 37.90406036376953 0.022392405197024345
17 91900 0.05100592225790024 0.24040092527866364 37.779266357421875 0.020284809172153473
17 92000 0.05517682433128357 0.2406991422176361 36.87339782714844 0.02957693114876747
17 92100 0.05285041034221649 0.23879384994506836 37.3588981628418 0.02167302556335926
17 92200 0.0625523030757904 0.24060720205307007 36.95965576171875 0.03167436644434929
17 92300 0.062045298516750336 0.23607930541038513 34.99922180175781 0.03280172869563103
17 92400 0.07408274710178375 0.23462684452533722 34.42594909667969 0.03536831960082054
17 92500 0.062034156173467636 0.23811200261116028 35.061866760253906 0.03691497817635536
17 92600 0.054122716188430786 0.23891325294971466 37.4565544128418 0.028486620634794235
17 92700 0.049323830753564835 0.2412029206752777 38.74673843383789 0.02208160236477852
17 92800 0.05291745066642761 0.23814842104911804 36.78654479980469 0.0334898941218853
17 92900 0.046336956322193146 0.245759516954422 37.18682098388672 0.02481463924050331
17 93000 0.07312342524528503 0.23708531260490417 34.22504806518555 0.03616432473063469
17 93100 0.059898536652326584 0.24316847324371338 37.517269134521484 0.020185792818665504
17 93200 0.07528311759233475 0.2337735891342163 33.3729133605957 0.04714503511786461
18 93300 0.06310002505779266 0.23810511827468872 35.20750427246094 0.04042474552989006
18 93400 0.06620175391435623 0.2416365146636963 35.10399627685547 0.031130513176321983
18 93500 0.07444792985916138 0.2346893548965454 33.98280334472656 0.04078911617398262
18 93600 0.05682849511504173 0.2397080361843109 36.98709487915039 0.021231379359960556
18 93700 0.062433063983917236 0.2409828007221222 35.93699264526367 0.03065105713903904
18 93800 0.0448269248008728 0.23857013881206512 38.14398956298828 0.025034913793206215
18 93900 0.06175701320171356 0.23788857460021973 35.83469009399414 0.026345491409301758
18 94000 0.061103373765945435 0.23647335171699524 36.49268341064453 0.031715862452983856
18 94100 0.057883165776729584 0.2389896810054779 36.31752395629883 0.024704614654183388
18 94200 0.05630268156528473 0.24972251057624817 37.63982391357422 0.023666929453611374
18 94300 0.06037631630897522 0.24034951627254486 37.15900802612305 0.032617080956697464
18 94400 0.0554419606924057 0.2377360463142395 35.704463958740234 0.028546582907438278
18 94500 0.047488220036029816 0.24056658148765564 38.0119743347168 0.02424566261470318
18 94600 0.045930441468954086 0.24057313799858093 38.236366271972656 0.02912265807390213
18 94700 0.07530857622623444 0.23745247721672058 34.602970123291016 0.031210001558065414
18 94800 0.07301900535821915 0.23325373232364655 34.402400970458984 0.029888443648815155
18 94900 0.04800409823656082 0.24246999621391296 37.67278289794922 0.028464101254940033
18 95000 0.04574326425790787 0.2385392189025879 38.05592346191406 0.02656939998269081
18 95100 0.050778333097696304 0.2435791939496994 38.742156982421875 0.01866891048848629
18 95200 0.06820641458034515 0.2399275153875351 35.33514404296875 0.03954261541366577
18 95300 0.04797264188528061 0.23908579349517822 38.07431411743164 0.02515987493097782
18 95400 0.04754885658621788 0.24224257469177246 37.90802001953125 0.01531116385012865
18 95500 0.04686746746301651 0.2399771362543106 39.59144592285156 0.032906387001276016
18 95600 0.04578959196805954 0.24977540969848633 39.745208740234375 0.01786896027624607
18 95700 0.07529689371585846 0.23540055751800537 33.90886306762695 0.03413942828774452
18 95800 0.03779130429029465 0.2424807995557785 39.206668853759766 0.026084356009960175
18 95900 0.05842580646276474 0.23866981267929077 36.69049835205078 0.021829666569828987
18 96000 0.0587228424847126 0.23547375202178955 35.89659118652344 0.029333066195249557
18 96100 0.06632676720619202 0.23183180391788483 35.25721740722656 0.03268437087535858
18 96200 0.06141956150531769 0.2381189912557602 35.56610107421875 0.03336528688669205
18 96300 0.06251583993434906 0.23634061217308044 36.544761657714844 0.024997606873512268
18 96400 0.06611339747905731 0.2443539798259735 35.61949157714844 0.040155697613954544
18 96500 0.046791672706604004 0.24057668447494507 38.78169250488281 0.023058610036969185
18 96600 0.05936972051858902 0.23760706186294556 37.64425277709961 0.03108307532966137
18 96700 0.06363406777381897 0.24244821071624756 36.69606018066406 0.03826434165239334
18 96800 0.06656134128570557 0.2348414659500122 36.06693649291992 0.023730704560875893
18 96900 0.07484237849712372 0.23962008953094482 34.21002960205078 0.038621146231889725
18 97000 0.05292661860585213 0.2370333969593048 36.780799865722656 0.0404394268989563
18 97100 0.04861363023519516 0.24166980385780334 38.173282623291016 0.01855545863509178
18 97200 0.06122288852930069 0.23576697707176208 36.30061721801758 0.038168419152498245
18 97300 0.05701562017202377 0.2376982420682907 36.96746063232422 0.030417121946811676
18 97400 0.06572522222995758 0.2404707670211792 35.10261917114258 0.033028967678546906
18 97500 0.06287740170955658 0.24095526337623596 36.38816452026367 0.027964124456048012
18 97600 0.07423125207424164 0.23849032819271088 33.2186279296875 0.03382456302642822
18 97700 0.06447186321020126 0.24156931042671204 35.13057327270508 0.02233998291194439
18 97800 0.04993871599435806 0.2417345494031906 38.12685012817383 0.025813166052103043
18 97900 0.06926289945840836 0.23574680089950562 34.61333465576172 0.032429568469524384
18 98000 0.05336751788854599 0.23943619430065155 36.249542236328125 0.024543000385165215
18 98100 0.0687926858663559 0.23556868731975555 34.57549285888672 0.044382043182849884
18 98200 0.04544001445174217 0.24262653291225433 38.00164794921875 0.024653850123286247
18 98300 0.059657253324985504 0.2402748167514801 36.14637756347656 0.027498764917254448
18 98400 0.06872431933879852 0.23947404325008392 35.851783752441406 0.039608996361494064
18 98500 0.06156653165817261 0.23769764602184296 37.12519073486328 0.0348905548453331
18 98600 0.0551614835858345 0.2427714765071869 35.51225280761719 0.02598489634692669
18 98700 0.04691368341445923 0.24356162548065186 38.48460006713867 0.02450842224061489
19 98800 0.06953620910644531 0.2347775399684906 34.56954574584961 0.043198756873607635
19 98900 0.06032753735780716 0.24245589971542358 36.773956298828125 0.0295652374625206
19 99000 0.04221721366047859 0.24407611787319183 39.31352233886719 0.016098208725452423
19 99100 0.06444080173969269 0.2323707938194275 35.04168701171875 0.04078486189246178
19 99200 0.05176117271184921 0.23953843116760254 37.65912628173828 0.02969009429216385
19 99300 0.05430648848414421 0.24352434277534485 36.799251556396484 0.02197365276515484
19 99400 0.039010945707559586 0.24537457525730133 41.053428649902344 0.019782083109021187
19 99500 0.04722808673977852 0.24145179986953735 38.180694580078125 0.020398609340190887
19 99600 0.05798337608575821 0.2465338408946991 35.97785949707031 0.0314963199198246
19 99700 0.07536381483078003 0.2347773015499115 33.004032135009766 0.05188197270035744
19 99800 0.08781079947948456 0.23647356033325195 33.93479537963867 0.041721995919942856
19 99900 0.06278790533542633 0.2434099018573761 35.67040252685547 0.025676071643829346
19 100000 0.05005227029323578 0.23957514762878418 37.221500396728516 0.022500019520521164
19 100100 0.05495365709066391 0.239384263753891 36.58457565307617 0.020158955827355385
19 100200 0.05588066577911377 0.23190852999687195 36.35133743286133 0.03287367522716522
19 100300 0.05123249813914299 0.2362879514694214 37.25372314453125 0.023561565205454826
19 100400 0.04014413058757782 0.24284639954566956 36.91765594482422 0.020865710452198982
19 100500 0.07305102050304413 0.23761938512325287 33.77656936645508 0.04773574694991112
19 100600 0.04275892674922943 0.24106526374816895 38.27979278564453 0.024040687829256058
19 100700 0.06751102209091187 0.2388000339269638 35.59590148925781 0.02279949001967907
19 100800 0.05436650663614273 0.23751412332057953 37.189659118652344 0.03180861473083496
19 100900 0.06388932466506958 0.23833763599395752 35.770774841308594 0.03152842074632645
19 101000 0.03842981904745102 0.24741679430007935 41.40535354614258 0.018055180087685585
19 101100 0.042520467191934586 0.2457723617553711 37.49534225463867 0.02215469814836979
19 101200 0.07306018471717834 0.23245880007743835 34.224822998046875 0.042367029935121536
19 101300 0.05226297676563263 0.23887859284877777 38.0589599609375 0.021718820556998253
19 101400 0.0627451166510582 0.23954913020133972 34.504756927490234 0.03656470403075218
19 101500 0.06666014343500137 0.23914894461631775 35.481651306152344 0.03899114206433296
19 101600 0.0654449462890625 0.2365873157978058 34.74237060546875 0.034111782908439636
19 101700 0.07049325108528137 0.23836269974708557 35.76705551147461 0.03032791055738926
19 101800 0.06214910000562668 0.24616143107414246 37.11375427246094 0.023497391492128372
19 101900 0.05717528611421585 0.23818323016166687 36.07265090942383 0.034952256828546524
19 102000 0.051432035863399506 0.2397463619709015 37.468505859375 0.024540232494473457
19 102100 0.052854929119348526 0.24117925763130188 35.833717346191406 0.030584415420889854
19 102200 0.055045440793037415 0.2344072014093399 36.25646209716797 0.04120609909296036
19 102300 0.07451415807008743 0.23661133646965027 33.17544174194336 0.032556820660829544
19 102400 0.07497482001781464 0.23375272750854492 34.99142837524414 0.028392191976308823
19 102500 0.07687006145715714 0.23735311627388 34.25748062133789 0.035831719636917114
19 102600 0.05881328135728836 0.23704323172569275 34.791770935058594 0.03199324756860733
19 102700 0.06457345187664032 0.238094300031662 36.57512664794922 0.030877534300088882
19 102800 0.048664890229701996 0.2386360466480255 38.01006317138672 0.03070957586169243
19 102900 0.06737281382083893 0.24094736576080322 35.597206115722656 0.029207350686192513
19 103000 0.06398702412843704 0.2322196364402771 34.86016845703125 0.039554186165332794
19 103100 0.0666506364941597 0.23566198348999023 35.623043060302734 0.03145694360136986
19 103200 0.055831003934144974 0.2381778210401535 37.23278045654297 0.02198241464793682
19 103300 0.05002455413341522 0.241370290517807 37.38710021972656 0.02736302837729454
19 103400 0.058083221316337585 0.23959295451641083 37.88690185546875 0.024838417768478394
19 103500 0.05786339193582535 0.24803268909454346 37.813880920410156 0.02424183487892151
19 103600 0.0720059871673584 0.23451215028762817 33.34001922607422 0.04888361692428589
19 103700 0.04468252882361412 0.2428639978170395 38.02903366088867 0.02971048466861248
19 103800 0.05546165257692337 0.2385520339012146 36.93938446044922 0.03245392069220543
19 103900 0.06282645463943481 0.23732265830039978 36.26486587524414 0.029507409781217575
19 104000 0.05275742709636688 0.2400735318660736 38.36213302612305 0.030022909864783287
19 104100 0.03742387145757675 0.24617072939872742 39.15574645996094 0.014087007381021976
20 104200 0.059218667447566986 0.24190464615821838 36.85859680175781 0.020381620153784752
20 104300 0.04751666635274887 0.24027663469314575 38.38197326660156 0.020130105316638947
20 104400 0.06167515367269516 0.23917461931705475 36.119041442871094 0.03660942241549492
20 104500 0.05463212728500366 0.24515560269355774 35.488494873046875 0.02573382295668125
20 104600 0.05562164634466171 0.24076628684997559 37.9927864074707 0.02736319601535797
20 104700 0.056423380970954895 0.23975887894630432 37.76234436035156 0.020240189507603645
20 104800 0.055731043219566345 0.24144604802131653 37.62285232543945 0.025581901893019676
20 104900 0.0779094249010086 0.235191211104393 34.301937103271484 0.03416275233030319
20 105000 0.0731770247220993 0.23864668607711792 34.33634567260742 0.035973723977804184
20 105100 0.060095563530921936 0.24410131573677063 35.33994674682617 0.026314767077565193
20 105200 0.05454312264919281 0.2463533580303192 38.126556396484375 0.018828604370355606
20 105300 0.05159670114517212 0.24253445863723755 37.299888610839844 0.019871216267347336
20 105400 0.06296921521425247 0.2355087399482727 36.04618835449219 0.030923787504434586
20 105500 0.0558641254901886 0.24532027542591095 38.50940704345703 0.019014256075024605
20 105600 0.05346071720123291 0.24132004380226135 38.529579162597656 0.031121645122766495
20 105700 0.060553520917892456 0.24442043900489807 36.05975341796875 0.023921016603708267
20 105800 0.05074017494916916 0.2380589246749878 37.0787353515625 0.030267268419265747
20 105900 0.0655965507030487 0.24487194418907166 36.581703186035156 0.031171271577477455
20 106000 0.05220353603363037 0.24028554558753967 36.7940673828125 0.04294777289032936
20 106100 0.05817199870944023 0.23901352286338806 36.67470169067383 0.044827982783317566
20 106200 0.05844680219888687 0.2388981282711029 34.847312927246094 0.03618628531694412
20 106300 0.06293392181396484 0.23830491304397583 36.206207275390625 0.035026177763938904
20 106400 0.038908738642930984 0.24193722009658813 39.88581466674805 0.023317264392971992
20 106500 0.05023905634880066 0.24404549598693848 38.376434326171875 0.01843828707933426
20 106600 0.06196586787700653 0.23721054196357727 36.553680419921875 0.028219912201166153
20 106700 0.05777675658464432 0.2407103329896927 36.02897644042969 0.028577301651239395
20 106800 0.06489509344100952 0.23792806267738342 34.3813591003418 0.0389590822160244
20 106900 0.04399457201361656 0.2405298352241516 38.77970886230469 0.02141505666077137
20 107000 0.060283731669187546 0.23997989296913147 36.66282272338867 0.028817659243941307
20 107100 0.07282302528619766 0.23611536622047424 34.023128509521484 0.04530102014541626
20 107200 0.05585283041000366 0.2336021363735199 36.415557861328125 0.0399492047727108
20 107300 0.0612727552652359 0.23909930884838104 36.3587646484375 0.02942487969994545
20 107400 0.059880487620830536 0.2400510311126709 36.230796813964844 0.0425516813993454
20 107500 0.037369512021541595 0.24298669397830963 40.23128128051758 0.016858432441949844
20 107600 0.0537991002202034 0.23779156804084778 37.95542907714844 0.028040161356329918
20 107700 0.06161108613014221 0.23872289061546326 36.33289337158203 0.03343956544995308
20 107800 0.04941612482070923 0.2417956292629242 37.401031494140625 0.02010928839445114
20 107900 0.05430300906300545 0.23876632750034332 37.0099983215332 0.02126799337565899
20 108000 0.07759080827236176 0.2344507873058319 34.34040069580078 0.032182611525058746
20 108100 0.041394881904125214 0.24353507161140442 39.81507873535156 0.021745001897215843
20 108200 0.0668971911072731 0.23915904760360718 35.60674285888672 0.030133087188005447
20 108300 0.04660280793905258 0.2421863079071045 37.68989562988281 0.027376674115657806
20 108400 0.04964052140712738 0.24313762784004211 38.187477111816406 0.02021588757634163
20 108500 0.05650267004966736 0.2362053096294403 36.50624084472656 0.02442525327205658
20 108600 0.05351146310567856 0.23725202679634094 36.04402160644531 0.03692140057682991
20 108700 0.047384534031152725 0.24359965324401855 37.59836196899414 0.02655838057398796
20 108800 0.07431147247552872 0.24089543521404266 35.96665954589844 0.031586941331624985
20 108900 0.06153324246406555 0.2429417371749878 36.04846954345703 0.02708151936531067
20 109000 0.0458126999437809 0.2404192090034485 38.7939338684082 0.021573077887296677
20 109100 0.07128296792507172 0.2335125207901001 33.843997955322266 0.032633014023303986
20 109200 0.06175070255994797 0.23498573899269104 35.14334487915039 0.0374639593064785
20 109300 0.05210546404123306 0.24186046421527863 38.031341552734375 0.024047397077083588
20 109400 0.054249636828899384 0.2436208426952362 37.419593811035156 0.027255447581410408
20 109500 0.059949424117803574 0.2385970652103424 36.98760223388672 0.03177229315042496
20 109600 0.04901459068059921 0.23739784955978394 36.31712341308594 0.02558758109807968
21 109700 0.0514119490981102 0.23908627033233643 37.32935333251953 0.01900940015912056
21 109800 0.06608142703771591 0.23926042020320892 34.83419418334961 0.035788681358098984
21 109900 0.04383011534810066 0.2472095936536789 39.31306457519531 0.025753220543265343
21 110000 0.0391828790307045 0.2417752742767334 39.38699722290039 0.016754329204559326
21 110100 0.05903898552060127 0.23899579048156738 36.3369026184082 0.02962726354598999
21 110200 0.050646305084228516 0.24293899536132812 38.66702651977539 0.017253713682293892
21 110300 0.04780290275812149 0.24098864197731018 38.17835235595703 0.033355168998241425
21 110400 0.053833987563848495 0.24276268482208252 37.18897247314453 0.028016597032546997
21 110500 0.05051663517951965 0.24190160632133484 38.061195373535156 0.020901557058095932
21 110600 0.05743274837732315 0.2402980774641037 35.91522979736328 0.027789924293756485
21 110700 0.04631747305393219 0.24007800221443176 38.15161895751953 0.02354438416659832
21 110800 0.056699275970458984 0.23739564418792725 35.72053527832031 0.04379204288125038
21 110900 0.04515085741877556 0.25082874298095703 37.59230422973633 0.016785627231001854
21 111000 0.05390843003988266 0.23663559556007385 37.023475646972656 0.03098701499402523
21 111100 0.08192243427038193 0.23262493312358856 32.82813262939453 0.04012805223464966
21 111200 0.06230328232049942 0.23799952864646912 35.152069091796875 0.029559077695012093
21 111300 0.05937826260924339 0.24298325181007385 37.08062744140625 0.023593885824084282
21 111400 0.03428518399596214 0.24057269096374512 38.860633850097656 0.0181978028267622
21 111500 0.07194476574659348 0.23672133684158325 34.303138732910156 0.03901857137680054
21 111600 0.05832429602742195 0.23876652121543884 36.38191223144531 0.02993074618279934
21 111700 0.049404315650463104 0.24379420280456543 37.60251235961914 0.019036713987588882
21 111800 0.05961167812347412 0.24578645825386047 38.28028869628906 0.023991495370864868
21 111900 0.056986480951309204 0.23757320642471313 35.89961242675781 0.03663386031985283
21 112000 0.05866938829421997 0.24099627137184143 34.7775764465332 0.04034700617194176
21 112100 0.06528614461421967 0.24355114996433258 35.790374755859375 0.04277702048420906
21 112200 0.06935717910528183 0.23756974935531616 34.78141403198242 0.03396329656243324
21 112300 0.0770588368177414 0.23286792635917664 34.00212860107422 0.03883466124534607
21 112400 0.07062889635562897 0.23663964867591858 33.60052490234375 0.03469106927514076
21 112500 0.04587801173329353 0.24215015769004822 39.344871520996094 0.01738966815173626
21 112600 0.0936538577079773 0.23908889293670654 31.105924606323242 0.03786803036928177
21 112700 0.04530949890613556 0.25029927492141724 38.627601623535156 0.015459499321877956
21 112800 0.04886113852262497 0.24186891317367554 39.07084655761719 0.022800665348768234
21 112900 0.10491905361413956 0.23258356750011444 28.563095092773438 0.09494616836309433
21 113000 0.04227595403790474 0.24599671363830566 39.54344177246094 0.02143738605082035
21 113100 0.03869517520070076 0.2454376518726349 40.570037841796875 0.019471025094389915
21 113200 0.04739390313625336 0.24270471930503845 38.1412239074707 0.02007516287267208
21 113300 0.0524289608001709 0.2406926453113556 38.81680679321289 0.024147463962435722
21 113400 0.06526679545640945 0.23922133445739746 35.91352462768555 0.030852818861603737
21 113500 0.03627558797597885 0.24716731905937195 41.3005485534668 0.02151397056877613
21 113600 0.037602268159389496 0.2422230839729309 37.52014923095703 0.022441629320383072
21 113700 0.06434707343578339 0.23931652307510376 36.24953079223633 0.027520326897501945
21 113800 0.05023641139268875 0.23931831121444702 38.41315841674805 0.02783041074872017
21 113900 0.059682052582502365 0.23606157302856445 35.504146575927734 0.030885854735970497
21 114000 0.04866902530193329 0.24171851575374603 38.20098876953125 0.025955870747566223
21 114100 0.06313506513834 0.23562335968017578 35.7877311706543 0.03148952126502991
21 114200 0.04662459343671799 0.2415037453174591 38.8516845703125 0.025447841733694077
21 114300 0.06235947459936142 0.2344716340303421 36.03164291381836 0.023339997977018356
21 114400 0.057082224637269974 0.2423711121082306 37.17566680908203 0.017764590680599213
21 114500 0.05281451717019081 0.24171754717826843 37.71043014526367 0.03037555329501629
21 114600 0.07628874480724335 0.2324778139591217 33.36211395263672 0.04516672343015671
21 114700 0.04556044936180115 0.24012911319732666 38.216365814208984 0.019201550632715225
21 114800 0.04940991848707199 0.24177120625972748 36.88623046875 0.03154794126749039
21 114900 0.058502085506916046 0.24043801426887512 34.94257736206055 0.03827883303165436
21 115000 0.059325143694877625 0.2355215847492218 35.315277099609375 0.03414793685078621
21 115100 0.05244290083646774 0.24131914973258972 36.79961395263672 0.01932425983250141
22 115200 0.06257213652133942 0.2380327433347702 35.15373229980469 0.037016309797763824
22 115300 0.07368988543748856 0.23419979214668274 34.28563690185547 0.04234469309449196
22 115400 0.06282755732536316 0.23566152155399323 35.40289306640625 0.039044078439474106
22 115500 0.055460426956415176 0.23704835772514343 37.239418029785156 0.02753075584769249
22 115600 0.05766309052705765 0.2398454248905182 36.586036682128906 0.032296307384967804
22 115700 0.0615287609398365 0.23845736682415009 36.08635330200195 0.03672415390610695
22 115800 0.04277648776769638 0.24342849850654602 38.53602600097656 0.020443987101316452
22 115900 0.06610790640115738 0.23417791724205017 34.487632751464844 0.040663447231054306
22 116000 0.04700148105621338 0.2419634461402893 38.58379364013672 0.02237580716609955
22 116100 0.04894563555717468 0.246129110455513 37.968379974365234 0.030139368027448654
22 116200 0.037117987871170044 0.24292394518852234 40.67850112915039 0.01816374436020851
22 116300 0.05343349277973175 0.23764482140541077 37.06709671020508 0.03083598054945469
22 116400 0.05525284260511398 0.239740252494812 39.45085525512695 0.021631384268403053
22 116500 0.05903245508670807 0.23782403767108917 37.40971374511719 0.029234889894723892
22 116600 0.06945838034152985 0.23425868153572083 35.036041259765625 0.027235304936766624
22 116700 0.07380334287881851 0.24141034483909607 34.588531494140625 0.03094007447361946
22 116800 0.07582852244377136 0.23683425784111023 34.55567169189453 0.02722061425447464
22 116900 0.07038566470146179 0.2390369176864624 36.61647415161133 0.022047528997063637
22 117000 0.04809867590665817 0.24200046062469482 37.39195251464844 0.021886397153139114
22 117100 0.03674402832984924 0.24664601683616638 40.96815490722656 0.016060644760727882
22 117200 0.05485229194164276 0.24602413177490234 37.55817413330078 0.030329443514347076
22 117300 0.04820309206843376 0.24135372042655945 36.6577262878418 0.02243982069194317
22 117400 0.06525567173957825 0.2375268042087555 36.717220306396484 0.0318051241338253
22 117500 0.06308432668447495 0.23811447620391846 36.11981964111328 0.03204159066081047
22 117600 0.051978133618831635 0.23917095363140106 38.34166717529297 0.023398524150252342
22 117700 0.05570989102125168 0.2387831211090088 36.55059051513672 0.03478362038731575
22 117800 0.06904998421669006 0.2371072620153427 33.53321838378906 0.04508248716592789
22 117900 0.057134680449962616 0.24127882719039917 36.78479766845703 0.023996498435735703
22 118000 0.053465213626623154 0.24359111487865448 38.5993537902832 0.019011547788977623
22 118100 0.049921371042728424 0.24450825154781342 36.978214263916016 0.02875111997127533
22 118200 0.04307635501027107 0.24412937462329865 39.570316314697266 0.017335666343569756
22 118300 0.05820804834365845 0.23970355093479156 36.64118576049805 0.03309052437543869
22 118400 0.07239002734422684 0.23892836272716522 34.74182891845703 0.03520303592085838
22 118500 0.04447928071022034 0.24160587787628174 39.196937561035156 0.020105453208088875
22 118600 0.05945654213428497 0.23963141441345215 35.718505859375 0.034038737416267395
22 118700 0.05433031916618347 0.23672401905059814 37.02269744873047 0.03256126493215561
22 118800 0.04536304622888565 0.24085092544555664 38.43540573120117 0.032950859516859055
22 118900 0.039698727428913116 0.2431541085243225 39.180519104003906 0.021639501675963402
22 119000 0.07232940196990967 0.2478485256433487 35.08930206298828 0.024864215403795242
22 119100 0.03655005991458893 0.2423858493566513 40.55916976928711 0.021382134407758713
22 119200 0.05242042988538742 0.2420264184474945 37.068572998046875 0.014865339733660221
22 119300 0.04965197294950485 0.24185723066329956 37.125701904296875 0.027274563908576965
22 119400 0.048531681299209595 0.24215349555015564 38.7020263671875 0.025599736720323563
22 119500 0.07783172279596329 0.24336406588554382 32.82603073120117 0.035562194883823395
22 119600 0.052712902426719666 0.24117067456245422 38.06484603881836 0.02026074007153511
22 119700 0.04278578609228134 0.24841530621051788 38.7479133605957 0.01675371453166008
22 119800 0.05598617345094681 0.23608389496803284 36.54769515991211 0.030692534521222115
22 119900 0.0635722279548645 0.23892174661159515 35.55830383300781 0.029827341437339783
22 120000 0.05198042839765549 0.24282507598400116 37.40642547607422 0.015320856124162674
22 120100 0.04445932060480118 0.24603119492530823 38.82255935668945 0.01927168481051922
22 120200 0.0465657114982605 0.24056094884872437 37.900657653808594 0.02847546897828579
22 120300 0.061895065009593964 0.23839446902275085 36.921424865722656 0.027967974543571472
22 120400 0.05259854719042778 0.23982927203178406 36.70045471191406 0.033104103058576584
22 120500 0.04417238384485245 0.24507752060890198 39.14176940917969 0.024077419191598892
22 120600 0.047584690153598785 0.24228784441947937 38.02540969848633 0.01823611743748188
23 120700 0.04744202271103859 0.2421158254146576 37.57394027709961 0.02658062055706978
23 120800 0.054219141602516174 0.2416267991065979 38.13228988647461 0.024474963545799255
23 120900 0.04467417299747467 0.23987701535224915 38.07683181762695 0.028984079137444496
23 121000 0.05204194784164429 0.24068701267242432 36.23704147338867 0.02570580132305622
23 121100 0.060319527983665466 0.2356657087802887 35.6802978515625 0.040365271270275116
23 121200 0.057517506182193756 0.2368384301662445 35.677345275878906 0.028330884873867035
23 121300 0.06539394706487656 0.23827297985553741 36.54581832885742 0.0253696758300066
23 121400 0.055043067783117294 0.23784926533699036 36.48695373535156 0.041219934821128845
23 121500 0.06289491802453995 0.2410103976726532 36.736881256103516 0.027019936591386795
23 121600 0.04297001659870148 0.24146363139152527 38.393409729003906 0.030875183641910553
23 121700 0.04511871188879013 0.23907986283302307 38.146690368652344 0.021834801882505417
23 121800 0.07260938733816147 0.23799070715904236 35.74613952636719 0.029584120959043503
23 121900 0.050748709589242935 0.24040818214416504 37.84392166137695 0.018265705555677414
23 122000 0.058152053505182266 0.23979458212852478 35.495445251464844 0.028310639783740044
23 122100 0.046730972826480865 0.24124163389205933 36.896183013916016 0.02853371761739254
23 122200 0.04618073254823685 0.24520786106586456 36.7749137878418 0.021339690312743187
23 122300 0.04592287540435791 0.23937520384788513 37.708290100097656 0.03411098197102547
23 122400 0.04706402122974396 0.24065274000167847 38.21543884277344 0.02771185338497162
23 122500 0.037983488291502 0.24766358733177185 40.435264587402344 0.013090640306472778
23 122600 0.0388975590467453 0.2449343204498291 40.41175842285156 0.02147359400987625
23 122700 0.06810086220502853 0.2397139072418213 35.393577575683594 0.029293475672602654
23 122800 0.060641661286354065 0.24194002151489258 36.89610290527344 0.020222801715135574
23 122900 0.04896437004208565 0.24319857358932495 38.219085693359375 0.020680179819464684
23 123000 0.06458544731140137 0.23626753687858582 35.92412185668945 0.033733781427145004
23 123100 0.06314468383789062 0.23919901251792908 36.086463928222656 0.028433039784431458
23 123200 0.0427430234849453 0.24480323493480682 39.232460021972656 0.01607726328074932
23 123300 0.07608489692211151 0.23858395218849182 32.9902229309082 0.048518143594264984
23 123400 0.04382774978876114 0.2403997778892517 38.630306243896484 0.022039860486984253
23 123500 0.0598708912730217 0.2436957061290741 36.444026947021484 0.057042159140110016
23 123600 0.04819013923406601 0.24327188730239868 38.91899108886719 0.018202537670731544
23 123700 0.05197840556502342 0.24087786674499512 36.92376708984375 0.026500757783651352
23 123800 0.054213520139455795 0.2385762333869934 37.12728500366211 0.020712535828351974
23 123900 0.05621703714132309 0.23947227001190186 37.355140686035156 0.028592651709914207
23 124000 0.050692118704319 0.24168691039085388 36.128692626953125 0.03437509015202522
23 124100 0.03134676441550255 0.24461635947227478 41.92572021484375 0.021969087421894073
23 124200 0.07027220726013184 0.2368195354938507 34.59033966064453 0.033060722053050995
23 124300 0.07021760940551758 0.23313266038894653 34.16194152832031 0.036177631467580795
23 124400 0.05988652631640434 0.23835942149162292 36.50286865234375 0.02710135281085968
23 124500 0.06367310881614685 0.2393007129430771 36.90229034423828 0.022219795733690262
23 124600 0.07241888344287872 0.24394342303276062 35.503421783447266 0.026944564655423164
23 124700 0.05699733644723892 0.2390727400779724 35.09613037109375 0.03864237293601036
23 124800 0.03612221032381058 0.24678197503089905 41.015281677246094 0.012710719369351864
23 124900 0.041996411979198456 0.2416517436504364 39.48979949951172 0.024568835273385048
23 125000 0.05182553827762604 0.23999430239200592 37.2457160949707 0.023545673117041588
23 125100 0.06539686769247055 0.23738232254981995 35.14287567138672 0.035992734134197235
23 125200 0.05777933448553085 0.2455076277256012 37.73106002807617 0.03551609441637993
23 125300 0.06888774037361145 0.23308926820755005 34.52759552001953 0.032597605139017105
23 125400 0.04406505450606346 0.24487879872322083 39.14051818847656 0.018890023231506348
23 125500 0.04444607347249985 0.23996314406394958 37.9604377746582 0.021384932100772858
23 125600 0.06026449054479599 0.23961809277534485 36.61015319824219 0.024078045040369034
23 125700 0.05376895144581795 0.23907369375228882 37.80418014526367 0.02580820769071579
23 125800 0.06376905739307404 0.23600462079048157 36.81719207763672 0.034999310970306396
23 125900 0.06087249889969826 0.23951402306556702 35.93736267089844 0.027884699404239655
23 126000 0.08215808123350143 0.23693087697029114 32.56544876098633 0.056404609233140945
23 126100 0.054034873843193054 0.23864881694316864 36.86432647705078 0.024631833657622337
24 126200 0.03989696130156517 0.24543477594852448 40.86041259765625 0.019431643187999725
24 126300 0.04807247966527939 0.24425505101680756 38.24824905395508 0.02921997383236885
24 126400 0.0557478666305542 0.23547881841659546 35.96524429321289 0.03103586658835411
24 126500 0.06034911796450615 0.24132907390594482 35.571128845214844 0.02950555831193924
24 126600 0.05661468207836151 0.23811572790145874 35.6144905090332 0.027101639658212662
24 126700 0.035868674516677856 0.2430524230003357 39.15148162841797 0.019212931394577026
24 126800 0.06505537033081055 0.24055218696594238 35.05320739746094 0.03969666734337807
24 126900 0.04860299453139305 0.24154025316238403 38.505279541015625 0.021045397967100143
24 127000 0.056662291288375854 0.2411978840827942 38.10747528076172 0.02967861108481884
24 127100 0.050203677266836166 0.24168945848941803 39.34566116333008 0.020351551473140717
24 127200 0.06868135929107666 0.23966743052005768 34.45047378540039 0.0314742811024189
24 127300 0.04771316796541214 0.24379095435142517 37.84653091430664 0.022990498691797256
24 127400 0.054481882601976395 0.24009506404399872 36.97924041748047 0.02496400848031044
24 127500 0.0506724938750267 0.23953533172607422 38.710914611816406 0.020006580278277397
24 127600 0.06474737077951431 0.2379007488489151 34.98889923095703 0.036143623292446136
24 127700 0.050501421093940735 0.24277853965759277 37.90575408935547 0.020843248814344406
24 127800 0.06119605153799057 0.24129708111286163 36.13615417480469 0.029019635170698166
24 127900 0.06175852194428444 0.2359536588191986 35.52571105957031 0.032428037375211716
24 128000 0.04241795837879181 0.24550889432430267 39.51054382324219 0.021402088925242424
24 128100 0.03652495890855789 0.24422505497932434 40.689208984375 0.01993303745985031
24 128200 0.05548543483018875 0.24183085560798645 37.22106170654297 0.024520495906472206
24 128300 0.05294404923915863 0.23908017575740814 36.35478973388672 0.03253856673836708
24 128400 0.040730178356170654 0.24145519733428955 40.41366958618164 0.017731960862874985
24 128500 0.055899232625961304 0.24674423038959503 37.07340621948242 0.028444647789001465
24 128600 0.05165327340364456 0.23913371562957764 37.46388244628906 0.029362747445702553
24 128700 0.049395740032196045 0.24014912545681 37.39459228515625 0.025625426322221756
24 128800 0.07712526619434357 0.23750892281532288 34.739845275878906 0.03594100847840309
24 128900 0.051186587661504745 0.2374192178249359 37.15982437133789 0.035926394164562225
24 129000 0.042486581951379776 0.24255192279815674 39.7573127746582 0.01850382424890995
24 129100 0.03697427734732628 0.24397027492523193 39.47501754760742 0.01615186408162117
24 129200 0.06108517944812775 0.23752224445343018 35.99104309082031 0.03105315752327442
24 129300 0.05688595771789551 0.2363387644290924 34.80959701538086 0.04177446663379669
24 129400 0.041183460503816605 0.2461986541748047 39.27548599243164 0.016211897134780884
24 129500 0.04545579478144646 0.23950602114200592 38.595252990722656 0.03225423023104668
24 129600 0.051300764083862305 0.23985415697097778 37.5467414855957 0.04146382585167885
24 129700 0.04448641836643219 0.24054190516471863 38.337303161621094 0.019727574661374092
24 129800 0.061249855905771255 0.23819543421268463 36.42079162597656 0.03640574589371681
24 129900 0.059401340782642365 0.23606865108013153 36.307342529296875 0.02302333526313305
24 130000 0.04196253418922424 0.24097052216529846 39.1722297668457 0.024248095229268074
24 130100 0.057718828320503235 0.2354392409324646 35.52091979980469 0.03971897065639496
24 130200 0.059413716197013855 0.2514471709728241 37.084869384765625 0.020583920180797577
24 130300 0.05644010007381439 0.239883154630661 36.67182159423828 0.02899126335978508
24 130400 0.05390520393848419 0.2436840832233429 35.59280014038086 0.030194971710443497
24 130500 0.04471854120492935 0.24136300384998322 38.858070373535156 0.027968531474471092
24 130600 0.055234793573617935 0.23649388551712036 36.84745407104492 0.024643857032060623
24 130700 0.07575026899576187 0.23697203397750854 33.54750442504883 0.034824784845113754
24 130800 0.041141197085380554 0.2431400716304779 39.00482940673828 0.013554594479501247
24 130900 0.05786288529634476 0.24035000801086426 36.90670394897461 0.039742935448884964
24 131000 0.09480731189250946 0.23162758350372314 31.957805633544922 0.0552707239985466
24 131100 0.05865222215652466 0.23907741904258728 35.48524475097656 0.02950170263648033
24 131200 0.0554591603577137 0.24077628552913666 36.725563049316406 0.026934565976262093
24 131300 0.05149465054273605 0.24419580399990082 38.040382385253906 0.026181688532233238
24 131400 0.0508132129907608 0.23860296607017517 38.29612731933594 0.030345121398568153
24 131500 0.052353180944919586 0.24191898107528687 38.45875549316406 0.01974974386394024
24 131600 0.04516732692718506 0.24035415053367615 37.81629943847656 0.020851898938417435
25 131700 0.04937892034649849 0.24020260572433472 37.09115219116211 0.02418706566095352
25 131800 0.0450764074921608 0.24149107933044434 39.21250915527344 0.02015644498169422
25 131900 0.06370995938777924 0.23580440878868103 35.181663513183594 0.045625776052474976
25 132000 0.05574552342295647 0.2405056357383728 36.942893981933594 0.036261558532714844
25 132100 0.056045517325401306 0.23725691437721252 37.79058837890625 0.02498888224363327
25 132200 0.05500630661845207 0.2416076362133026 37.84246826171875 0.030447473749518394
25 132300 0.04948846250772476 0.24506083130836487 38.24705123901367 0.022672420367598534
25 132400 0.04447019472718239 0.25194188952445984 39.674537658691406 0.015400354750454426
25 132500 0.03941577672958374 0.24529196321964264 39.491127014160156 0.027741026133298874
25 132600 0.0551372691988945 0.23948583006858826 36.68501281738281 0.025399422273039818
25 132700 0.05302277207374573 0.2391459196805954 36.90493392944336 0.031327858567237854
25 132800 0.08651841431856155 0.23311734199523926 32.420936584472656 0.04697135463356972
25 132900 0.05315130949020386 0.24125805497169495 38.37248992919922 0.030155248939990997
25 133000 0.05034733563661575 0.23742526769638062 37.367149353027344 0.022469639778137207
25 133100 0.08865169435739517 0.23889170587062836 32.12952423095703 0.04047160595655441
25 133200 0.06677059829235077 0.2407720535993576 34.7144775390625 0.038462284952402115
25 133300 0.05240663141012192 0.24123410880565643 38.259986877441406 0.022826621308922768
25 133400 0.041980814188718796 0.24619781970977783 38.9278564453125 0.019249949604272842
25 133500 0.04663034528493881 0.24411383271217346 38.9327278137207 0.021596070379018784
25 133600 0.032959721982479095 0.24566389620304108 41.80614471435547 0.01754157803952694
25 133700 0.06476064771413803 0.23977945744991302 35.81721496582031 0.0304414089769125
25 133800 0.05875174328684807 0.2397317737340927 35.680633544921875 0.029913267120718956
25 133900 0.03878974914550781 0.24453526735305786 40.46470260620117 0.015091964043676853
25 134000 0.036695241928100586 0.24563723802566528 39.7299690246582 0.0178560558706522
25 134100 0.04942609369754791 0.23836255073547363 36.74811553955078 0.024605244398117065
25 134200 0.058597635477781296 0.2422109693288803 36.33699417114258 0.01959177851676941
25 134300 0.03714049234986305 0.24343709647655487 39.927364349365234 0.016199374571442604
25 134400 0.04733587056398392 0.2439909130334854 39.63530349731445 0.022009750828146935
25 134500 0.037407420575618744 0.24251669645309448 40.352779388427734 0.019367508590221405
25 134600 0.05644049122929573 0.2375364601612091 36.8846435546875 0.025101937353610992
25 134700 0.060248009860515594 0.23866549134254456 36.87291717529297 0.024909239262342453
25 134800 0.05119789391756058 0.2401374727487564 37.63402557373047 0.023099422454833984
25 134900 0.05507476627826691 0.23996466398239136 36.74847412109375 0.02343599684536457
25 135000 0.04138687625527382 0.2422940731048584 38.959007263183594 0.02104564569890499
25 135100 0.05762769281864166 0.23838946223258972 36.11204528808594 0.03277093917131424
25 135200 0.040148962289094925 0.24464212357997894 40.80347442626953 0.01880420371890068
25 135300 0.04047470912337303 0.2426600158214569 39.11656188964844 0.021236758679151535
25 135400 0.053924091160297394 0.2505212724208832 35.78900146484375 0.03620987758040428
25 135500 0.06441221386194229 0.23914653062820435 35.31659698486328 0.03139853477478027
25 135600 0.04526662454009056 0.24457940459251404 37.90997314453125 0.020715463906526566
25 135700 0.052472420036792755 0.23517045378684998 37.3028450012207 0.034570351243019104
25 135800 0.04625511169433594 0.24215401709079742 37.691734313964844 0.03700478374958038
25 135900 0.039436936378479004 0.2444361448287964 39.81239700317383 0.013904222287237644
25 136000 0.05895306542515755 0.2432277500629425 36.576622009277344 0.022734086960554123
25 136100 0.04838649928569794 0.23926569521427155 38.213653564453125 0.02418855018913746
25 136200 0.05579570680856705 0.2366310954093933 37.05885696411133 0.033184539526700974
25 136300 0.04419953003525734 0.24086204171180725 38.29381561279297 0.020033860579133034
25 136400 0.07254419475793839 0.2364080399274826 34.54728317260742 0.035832781344652176
25 136500 0.064630888402462 0.2400999665260315 36.34417724609375 0.03810158744454384
25 136600 0.04728382080793381 0.2397172749042511 38.2607421875 0.025054240599274635
25 136700 0.041335154324769974 0.2421867847442627 39.42884826660156 0.021709373220801353
25 136800 0.06623610854148865 0.23859640955924988 34.034725189208984 0.044136080890893936
25 136900 0.05377380549907684 0.2450995147228241 37.477012634277344 0.022504590451717377
25 137000 0.05012193322181702 0.2415456920862198 37.47909927368164 0.023207465186715126
25 137100 0.02822447381913662 0.24584363400936127 42.87213897705078 0.014864987693727016
26 137200 0.06292014569044113 0.23767662048339844 36.724246978759766 0.03663374111056328
26 137300 0.06006428599357605 0.2396419644355774 36.15134811401367 0.029092390090227127
26 137400 0.04115435481071472 0.24154067039489746 39.887245178222656 0.02348099835216999
26 137500 0.062199413776397705 0.23862208425998688 35.894012451171875 0.03790060430765152
26 137600 0.03911390155553818 0.2422187328338623 40.35326385498047 0.012652729637920856
26 137700 0.04957650601863861 0.24074071645736694 38.189796447753906 0.025279631838202477
26 137800 0.05652347207069397 0.23835936188697815 35.2914924621582 0.028282565996050835
26 137900 0.0516943521797657 0.2403753697872162 37.54499053955078 0.02317461557686329
26 138000 0.07535430788993835 0.23797211050987244 33.73194885253906 0.0421924889087677
26 138100 0.051548831164836884 0.24626411497592926 39.550235748291016 0.020756276324391365
26 138200 0.03249211981892586 0.24520719051361084 41.26536560058594 0.01861511543393135
26 138300 0.05630373954772949 0.2419801950454712 37.42295837402344 0.0268457792699337
26 138400 0.0592079795897007 0.23715801537036896 36.40064239501953 0.03535505384206772
26 138500 0.06413811445236206 0.2396126389503479 36.39097595214844 0.027189195156097412
26 138600 0.04441160708665848 0.23865889012813568 38.23139953613281 0.024405742064118385
26 138700 0.04981031268835068 0.241453617811203 37.607093811035156 0.01822712831199169
26 138800 0.049617160111665726 0.2385464310646057 37.62405014038086 0.03484722226858139
26 138900 0.05936788022518158 0.24108028411865234 37.38433837890625 0.03114483505487442
26 139000 0.046311091631650925 0.2416001707315445 38.380428314208984 0.02130245417356491
26 139100 0.06073591485619545 0.24197648465633392 35.41067886352539 0.03498980775475502
26 139200 0.06801416724920273 0.24074918031692505 35.1519660949707 0.037505753338336945
26 139300 0.05512917786836624 0.24516254663467407 37.602386474609375 0.021781733259558678
26 139400 0.05939347296953201 0.2414844036102295 36.506385803222656 0.024609072133898735
26 139500 0.04817534610629082 0.24293304979801178 38.100887298583984 0.023785702884197235
26 139600 0.05020451545715332 0.2422204315662384 36.38521194458008 0.03425760939717293
26 139700 0.056578267365694046 0.24067571759223938 36.189945220947266 0.019677383825182915
26 139800 0.04921846091747284 0.24101391434669495 38.06761932373047 0.029372651129961014
26 139900 0.0478217713534832 0.2393864542245865 38.064308166503906 0.02795358933508396
26 140000 0.04987215995788574 0.2438639998435974 38.69573974609375 0.02054472453892231
26 140100 0.05852730944752693 0.24154409766197205 35.270774841308594 0.04299270361661911
26 140200 0.04741523042321205 0.2495560646057129 37.726234436035156 0.0197613462805748
26 140300 0.05631567910313606 0.2418605089187622 36.994346618652344 0.02686762623488903
26 140400 0.04764473810791969 0.24183720350265503 38.229881286621094 0.023493696004152298
26 140500 0.040975674986839294 0.24508467316627502 39.011810302734375 0.023662034422159195
26 140600 0.04515618458390236 0.24452528357505798 39.28414535522461 0.020618148148059845
26 140700 0.03903556987643242 0.24533191323280334 40.074974060058594 0.019827600568532944
26 140800 0.044942207634449005 0.24205633997917175 37.71733856201172 0.02883782424032688
26 140900 0.054586634039878845 0.2385377138853073 36.727447509765625 0.029574306681752205
26 141000 0.0498150996863842 0.24089841544628143 37.29444122314453 0.02924841083586216
26 141100 0.05892292782664299 0.23796001076698303 36.62364959716797 0.022515973076224327
26 141200 0.055596232414245605 0.23911920189857483 37.37763595581055 0.029897211119532585
26 141300 0.054802555590867996 0.2444450557231903 35.31562042236328 0.027362210676074028
26 141400 0.0641322210431099 0.23398950695991516 35.870521545410156 0.030546771362423897
26 141500 0.05651146173477173 0.23728257417678833 35.83448791503906 0.02525653876364231
26 141600 0.05061802268028259 0.24172917008399963 37.619483947753906 0.03051730804145336
26 141700 0.05668254941701889 0.24313344061374664 37.92496109008789 0.02483247220516205
26 141800 0.046673595905303955 0.23934906721115112 37.511295318603516 0.021091816946864128
26 141900 0.044237859547138214 0.2446911334991455 38.8919563293457 0.018666597083210945
26 142000 0.0509914830327034 0.23888757824897766 36.50958251953125 0.025814488530158997
26 142100 0.05655292421579361 0.2440706193447113 37.61871337890625 0.01793048158288002
26 142200 0.05088908597826958 0.2400016188621521 36.701438903808594 0.02272667922079563
26 142300 0.051373161375522614 0.24115362763404846 37.060951232910156 0.022957218810915947
26 142400 0.06683023273944855 0.23678794503211975 34.55500030517578 0.03223751112818718
26 142500 0.06958245486021042 0.2397538125514984 34.89810562133789 0.03254454955458641
27 142600 0.052847255021333694 0.2435602843761444 38.504051208496094 0.02539486065506935
27 142700 0.05300610512495041 0.24411873519420624 38.230892181396484 0.027375422418117523
27 142800 0.0626790001988411 0.23716244101524353 36.82862854003906 0.030054539442062378
27 142900 0.05725464969873428 0.24083121120929718 36.94672393798828 0.03178747743368149
27 143000 0.05093325674533844 0.2426357865333557 36.42235565185547 0.027627719566226006
27 143100 0.05228252708911896 0.24050500988960266 37.93393325805664 0.024216972291469574
27 143200 0.04551964998245239 0.2429128736257553 38.332279205322266 0.01840238831937313
27 143300 0.059539876878261566 0.24247241020202637 37.2086067199707 0.03107789345085621
27 143400 0.049125686287879944 0.24266216158866882 37.73366165161133 0.024416906759142876
27 143500 0.054222170263528824 0.24067333340644836 37.44770431518555 0.029806386679410934
27 143600 0.06359826028347015 0.23809576034545898 36.26689147949219 0.03181781247258186
27 143700 0.060513149946928024 0.23720988631248474 36.50502014160156 0.031829699873924255
27 143800 0.045148126780986786 0.24228006601333618 39.273719787597656 0.02197038009762764
27 143900 0.04555908963084221 0.24033205211162567 39.112945556640625 0.02648952230811119
27 144000 0.05414934456348419 0.23849910497665405 36.05083465576172 0.041486483067274094
27 144100 0.04547829180955887 0.24266794323921204 38.47515106201172 0.023662136867642403
27 144200 0.055589865893125534 0.23797284066677094 36.65220642089844 0.030717341229319572
27 144300 0.05358828976750374 0.24297113716602325 37.18809509277344 0.021166527643799782
27 144400 0.0594673827290535 0.23430460691452026 35.32698059082031 0.03164162486791611
27 144500 0.04032706096768379 0.24198491871356964 39.10881423950195 0.025170406326651573
27 144600 0.047866348177194595 0.24230483174324036 37.90174102783203 0.022257765755057335
27 144700 0.044165290892124176 0.24262389540672302 37.90445327758789 0.027102794498205185
27 144800 0.05856361985206604 0.24272498488426208 36.78256607055664 0.03501855209469795
27 144900 0.04220692813396454 0.2437938153743744 37.7751350402832 0.024289755150675774
27 145000 0.06185145676136017 0.23763179779052734 36.335487365722656 0.03520483523607254
27 145100 0.0773565024137497 0.2360903024673462 33.31181716918945 0.03066643700003624
27 145200 0.03829670697450638 0.24519896507263184 40.12390899658203 0.017883360385894775
27 145300 0.04037569463253021 0.24403280019760132 39.40183639526367 0.02173653058707714
27 145400 0.05187567323446274 0.24251985549926758 37.709007263183594 0.019720451906323433
27 145500 0.04625779017806053 0.24477653205394745 38.04289245605469 0.016825981438159943
27 145600 0.04986538738012314 0.24013948440551758 36.870208740234375 0.024491963908076286
27 145700 0.05104029178619385 0.23995278775691986 36.55780029296875 0.030566168949007988
27 145800 0.056845422834157944 0.23973697423934937 35.922889709472656 0.039101362228393555
27 145900 0.04513479024171829 0.2414708286523819 38.337562561035156 0.02272234857082367
27 146000 0.05351819097995758 0.2429066300392151 37.334564208984375 0.02311437949538231
27 146100 0.05673575401306152 0.24184168875217438 36.55326843261719 0.025958655402064323
27 146200 0.05356290191411972 0.2424788773059845 36.622535705566406 0.034008610993623734
27 146300 0.055885449051856995 0.23666909337043762 36.493408203125 0.029670484364032745
27 146400 0.05820564553141594 0.24150967597961426 36.354034423828125 0.02227884531021118
27 146500 0.04296595975756645 0.23999375104904175 38.64012145996094 0.021042147651314735
27 146600 0.049859605729579926 0.24307432770729065 38.67786407470703 0.018557677045464516
27 146700 0.06493641436100006 0.23745039105415344 35.04869079589844 0.03145382180809975
27 146800 0.05182625353336334 0.24009035527706146 36.8652229309082 0.02239011786878109
27 146900 0.04717706888914108 0.24566155672073364 38.00372314453125 0.02207733318209648
27 147000 0.06523486971855164 0.23816168308258057 34.97467041015625 0.047612305730581284
27 147100 0.058257970958948135 0.24344013631343842 36.40524673461914 0.028836896643042564
27 147200 0.052429959177970886 0.23599061369895935 36.6195182800293 0.033538464456796646
27 147300 0.03665590658783913 0.24294331669807434 39.9959602355957 0.01767154596745968
27 147400 0.04893910512328148 0.2449137419462204 37.33904266357422 0.022828126326203346
27 147500 0.04798329249024391 0.2403492033481598 38.09133529663086 0.021870791912078857
27 147600 0.03805571049451828 0.24408218264579773 39.415916442871094 0.02456236258149147
27 147700 0.051018666476011276 0.24195259809494019 36.87623596191406 0.02955293282866478
27 147800 0.0638926699757576 0.24016618728637695 35.00806427001953 0.031690265983343124
27 147900 0.05028596520423889 0.24004286527633667 38.16502380371094 0.023946084082126617
27 148000 0.0593051016330719 0.2373848259449005 35.254844665527344 0.023712631314992905
28 148100 0.06087806075811386 0.24075694382190704 36.82939910888672 0.030291488394141197
28 148200 0.03761051967740059 0.2454220950603485 40.67826461791992 0.016979485750198364
28 148300 0.044130511581897736 0.2377597689628601 38.35702133178711 0.02743997424840927
28 148400 0.04049081355333328 0.24500150978565216 38.66653823852539 0.020684247836470604
28 148500 0.055623020976781845 0.23996710777282715 36.0350456237793 0.02780085988342762
28 148600 0.040591053664684296 0.24267923831939697 38.44226837158203 0.02625555545091629
28 148700 0.0761214941740036 0.23611357808113098 33.4927864074707 0.03974178060889244
28 148800 0.05028925836086273 0.2404857575893402 37.975711822509766 0.02304333820939064
28 148900 0.05170055478811264 0.24302484095096588 38.42112350463867 0.028098545968532562
28 149000 0.05126667022705078 0.24183352291584015 36.561763763427734 0.031550146639347076
28 149100 0.04410497099161148 0.24160024523735046 36.410491943359375 0.02668934501707554
28 149200 0.05019511282444 0.24213120341300964 37.67034149169922 0.02874065935611725
28 149300 0.06268041580915451 0.24097323417663574 35.50853729248047 0.03025151416659355
28 149400 0.05728244036436081 0.23727484047412872 36.14079666137695 0.035873912274837494
28 149500 0.07230807840824127 0.23653343319892883 33.944557189941406 0.03240872174501419
28 149600 0.04943999648094177 0.24760545790195465 36.885501861572266 0.02409827709197998
28 149700 0.059809938073158264 0.24626360833644867 37.47959518432617 0.016379965469241142
28 149800 0.05431738123297691 0.24504637718200684 37.807010650634766 0.028332382440567017
28 149900 0.05025721713900566 0.24392464756965637 38.95354461669922 0.025591442361474037
28 150000 0.03486780822277069 0.24606776237487793 40.82548904418945 0.015401598997414112
28 150100 0.03467618674039841 0.24216121435165405 39.94789123535156 0.01915016956627369
28 150200 0.05312149226665497 0.24142834544181824 36.569854736328125 0.02431970089673996
28 150300 0.048863597214221954 0.24147619307041168 38.789039611816406 0.01869259588420391
28 150400 0.05593779683113098 0.2398444265127182 37.70549011230469 0.02549101784825325
28 150500 0.041004374623298645 0.24408796429634094 39.58157730102539 0.020030813291668892
28 150600 0.061764996498823166 0.24014586210250854 36.17284393310547 0.028602540493011475
28 150700 0.056966446340084076 0.2405359297990799 36.839027404785156 0.02933414839208126
28 150800 0.06399176269769669 0.2397868037223816 35.379364013671875 0.0339791439473629
28 150900 0.06847429275512695 0.24166816473007202 35.04114532470703 0.03196973726153374
28 151000 0.06266437470912933 0.2367171049118042 36.22677993774414 0.04151507094502449
28 151100 0.049811337143182755 0.24028459191322327 37.56792068481445 0.027264028787612915
28 151200 0.052771128714084625 0.23990458250045776 37.52958679199219 0.02784949541091919
28 151300 0.06169120967388153 0.23905333876609802 36.00337219238281 0.03227490186691284
28 151400 0.05760284513235092 0.24302177131175995 37.034236907958984 0.03060598485171795
28 151500 0.0622212179005146 0.24114921689033508 36.958946228027344 0.03312474489212036
28 151600 0.065016008913517 0.23950034379959106 36.25675582885742 0.023644234985113144
28 151700 0.06361162662506104 0.23565268516540527 35.99077224731445 0.028911251574754715
28 151800 0.04477691650390625 0.24505513906478882 39.081825256347656 0.018986914306879044
28 151900 0.05684756115078926 0.23969972133636475 37.46882247924805 0.026369180530309677
28 152000 0.05705264210700989 0.23726880550384521 36.78572082519531 0.03214189037680626
28 152100 0.05161011219024658 0.23872356116771698 37.38447952270508 0.027970772236585617
28 152200 0.05680511146783829 0.24216601252555847 37.28804397583008 0.03002508357167244
28 152300 0.05779743194580078 0.2398640513420105 35.89106369018555 0.03555372729897499
28 152400 0.047929421067237854 0.24333395063877106 37.91387939453125 0.032956916838884354
28 152500 0.04961741715669632 0.2415342926979065 38.51519012451172 0.02063169702887535
28 152600 0.03803091123700142 0.247391939163208 40.5697021484375 0.02025604620575905
28 152700 0.03613774850964546 0.24718454480171204 41.286956787109375 0.015722433105111122
28 152800 0.05136891081929207 0.24012567102909088 38.08356857299805 0.027681712061166763
28 152900 0.03925599157810211 0.2415914386510849 39.55292510986328 0.019324488937854767
28 153000 0.05724713206291199 0.2438514530658722 35.971981048583984 0.024487163871526718
28 153100 0.03644976019859314 0.2440650463104248 40.96548080444336 0.018402090296149254
28 153200 0.04826396703720093 0.24359197914600372 39.321868896484375 0.02009475603699684
28 153300 0.049623340368270874 0.2387523502111435 37.24332046508789 0.01876077428460121
28 153400 0.04666340351104736 0.24163788557052612 37.49271774291992 0.025858357548713684
28 153500 0.0561952218413353 0.24263861775398254 37.65570068359375 0.028308603912591934
29 153600 0.053762637078762054 0.24159523844718933 38.080322265625 0.023378532379865646
29 153700 0.03868860751390457 0.24325817823410034 39.439605712890625 0.022998029366135597
29 153800 0.053613342344760895 0.2399866282939911 37.494300842285156 0.024309029802680016
29 153900 0.06834376603364944 0.2376011610031128 34.83906936645508 0.027335569262504578
29 154000 0.04324931651353836 0.24438276886940002 39.815673828125 0.020182309672236443
29 154100 0.04405318573117256 0.24394628405570984 38.59957504272461 0.02941216714680195
29 154200 0.054513201117515564 0.23882639408111572 36.0815544128418 0.031041814014315605
29 154300 0.04072335362434387 0.24332258105278015 40.02989959716797 0.026857128366827965
29 154400 0.05374681204557419 0.24206168949604034 37.48281478881836 0.021704187616705894
29 154500 0.058793969452381134 0.23977312445640564 37.249351501464844 0.022398753091692924
29 154600 0.07000933587551117 0.23997895419597626 35.405025482177734 0.027776101604104042
29 154700 0.04257766157388687 0.2449066936969757 39.899051666259766 0.023087508976459503
29 154800 0.047821689397096634 0.24308399856090546 36.64027786254883 0.023683933541178703
29 154900 0.024900663644075394 0.24622130393981934 42.127986907958984 0.014731078408658504
29 155000 0.07669016718864441 0.23918749392032623 35.261192321777344 0.027335943654179573
29 155100 0.05124147608876228 0.24031807482242584 38.15428161621094 0.023262662813067436
29 155200 0.0346817784011364 0.24627454578876495 40.26889419555664 0.015405855141580105
29 155300 0.07227669656276703 0.24252460896968842 33.468711853027344 0.0392819419503212
29 155400 0.053812846541404724 0.24378889799118042 36.78425979614258 0.02689024992287159
29 155500 0.057852573692798615 0.23585689067840576 36.77716064453125 0.03919540345668793
29 155600 0.057517629116773605 0.2365112602710724 36.269920349121094 0.0299308430403471
29 155700 0.05587980896234512 0.2391289472579956 36.81626892089844 0.041652861982584
29 155800 0.06175461784005165 0.23750275373458862 35.81616973876953 0.02813960611820221
29 155900 0.056592028588056564 0.23976866900920868 37.825042724609375 0.02386993169784546
29 156000 0.04948033392429352 0.23986893892288208 37.76261520385742 0.026068245992064476
29 156100 0.050925903022289276 0.24164962768554688 37.59394073486328 0.02757672592997551
29 156200 0.050330180674791336 0.24018055200576782 36.32801818847656 0.03234013170003891
29 156300 0.07358618825674057 0.23351460695266724 33.50295639038086 0.043893348425626755
29 156400 0.035773616284132004 0.24385887384414673 40.22127914428711 0.021926311776041985
29 156500 0.0581858828663826 0.24091178178787231 36.158546447753906 0.03093918226659298
29 156600 0.05162249505519867 0.23701637983322144 37.053550720214844 0.031202102079987526
29 156700 0.04788476601243019 0.24263489246368408 37.18903732299805 0.022727109491825104
29 156800 0.07273812592029572 0.23919075727462769 33.63454818725586 0.03192605450749397
29 156900 0.04739348590373993 0.23897571861743927 37.6016845703125 0.028846703469753265
29 157000 0.05214569717645645 0.24054023623466492 36.74435043334961 0.02009057067334652
29 157100 0.0524812787771225 0.2392280101776123 36.01542663574219 0.024184957146644592
29 157200 0.030950579792261124 0.24454718828201294 41.01770782470703 0.012001683004200459
29 157300 0.05194009840488434 0.23999248445034027 37.97511291503906 0.02619883045554161
29 157400 0.05370504409074783 0.24251973628997803 35.870018005371094 0.026581378653645515
29 157500 0.04688265547156334 0.24119821190834045 38.540706634521484 0.02293672040104866
29 157600 0.06621474027633667 0.23941479623317719 34.46124267578125 0.03688841313123703
29 157700 0.03572839871048927 0.24689871072769165 41.51773452758789 0.015016893856227398
29 157800 0.05386181175708771 0.23813295364379883 36.9098014831543 0.028194783255457878
29 157900 0.03703029453754425 0.24370776116847992 40.0534782409668 0.01757136359810829
29 158000 0.044267136603593826 0.24120062589645386 38.56590270996094 0.02277877926826477
29 158100 0.07143809646368027 0.23555591702461243 35.508731842041016 0.037944432348012924
29 158200 0.03630494326353073 0.24555400013923645 41.39366912841797 0.02001924440264702
29 158300 0.061559319496154785 0.23584958910942078 35.2669563293457 0.03105149045586586
29 158400 0.05227793753147125 0.24088650941848755 37.966461181640625 0.023696966469287872
29 158500 0.04595340043306351 0.2405785322189331 37.6221923828125 0.01983117125928402
29 158600 0.04196740686893463 0.24226298928260803 39.54613494873047 0.020240524783730507
29 158700 0.04831019788980484 0.23857612907886505 37.397056579589844 0.028033237904310226
29 158800 0.047651857137680054 0.24220412969589233 37.30207824707031 0.022552255541086197
29 158900 0.04440715163946152 0.24049632251262665 37.57392501831055 0.0228823721408844
29 159000 0.043278347700834274 0.24460908770561218 38.968318939208984 0.021704651415348053
30 159100 0.04145989939570427 0.2437148243188858 39.89198303222656 0.01790943369269371
30 159200 0.05114220455288887 0.2469179928302765 38.15690231323242 0.02278842031955719
30 159300 0.04045821353793144 0.24848198890686035 39.593597412109375 0.02254354953765869
30 159400 0.07100503891706467 0.23598012328147888 35.555782318115234 0.03282082825899124
30 159500 0.03894186019897461 0.24569448828697205 40.530364990234375 0.01587064191699028
30 159600 0.04377984255552292 0.24123193323612213 39.173946380615234 0.02574589103460312
30 159700 0.07538295537233353 0.23650413751602173 33.79899597167969 0.037279870361089706
30 159800 0.05862969160079956 0.2381812036037445 35.740997314453125 0.033389862626791
30 159900 0.051377877593040466 0.2417433112859726 38.618160247802734 0.030162043869495392
30 160000 0.05165811628103256 0.24645891785621643 37.48328399658203 0.03229250758886337
30 160100 0.050504837185144424 0.23970919847488403 36.93720626831055 0.031057238578796387
30 160200 0.04565074294805527 0.24511827528476715 39.221702575683594 0.026248794049024582
30 160300 0.05438967049121857 0.23838169872760773 36.580955505371094 0.0306101031601429
30 160400 0.03504055738449097 0.24518346786499023 38.393348693847656 0.019270136952400208
30 160500 0.06059872359037399 0.24148109555244446 36.02798843383789 0.03026919811964035
30 160600 0.06208378076553345 0.2356996238231659 35.086849212646484 0.037171825766563416
30 160700 0.06675336509943008 0.2384609431028366 35.76374053955078 0.029793953523039818
30 160800 0.04663462191820145 0.24554681777954102 39.04349899291992 0.02908293530344963
30 160900 0.06204015016555786 0.24231117963790894 35.55259704589844 0.029923465102910995
30 161000 0.05142464488744736 0.24404552578926086 37.468353271484375 0.018690424039959908
30 161100 0.039322905242443085 0.24523207545280457 40.859981536865234 0.019859815016388893
30 161200 0.04107750952243805 0.24637751281261444 40.430904388427734 0.018309971317648888
30 161300 0.05014854669570923 0.24314537644386292 37.5046501159668 0.028256095945835114
30 161400 0.04418295994400978 0.2418006807565689 38.6597900390625 0.01835457794368267
30 161500 0.04799710959196091 0.23846586048603058 38.247493743896484 0.02568661980330944
30 161600 0.05508286505937576 0.24334779381752014 38.95598602294922 0.023827821016311646
30 161700 0.05161188170313835 0.2396983802318573 37.819557189941406 0.02330590784549713
30 161800 0.050657350569963455 0.2428015172481537 37.75845718383789 0.02513120137155056
30 161900 0.05673976242542267 0.2377040684223175 35.576107025146484 0.03455684334039688
30 162000 0.055635806173086166 0.23938246071338654 36.850067138671875 0.029666390269994736
30 162100 0.06314867734909058 0.23610898852348328 35.59153747558594 0.03441052511334419
30 162200 0.0656156837940216 0.23865658044815063 34.30278396606445 0.029582440853118896
30 162300 0.04098774492740631 0.24534454941749573 40.33933639526367 0.015366479754447937
30 162400 0.042642656713724136 0.2440454214811325 39.85758972167969 0.021305488422513008
30 162500 0.05310172587633133 0.24001175165176392 37.75298309326172 0.021094990894198418
30 162600 0.04339616745710373 0.24369560182094574 39.54119873046875 0.027387132868170738
30 162700 0.05113333463668823 0.23964683711528778 37.22490310668945 0.03188785910606384
30 162800 0.05917643755674362 0.24021762609481812 36.554664611816406 0.03365592285990715
30 162900 0.04558136314153671 0.2444540560245514 38.86448669433594 0.021100277081131935
30 163000 0.03852079436182976 0.24758099019527435 41.08406448364258 0.01656601019203663
30 163100 0.05233799293637276 0.23802924156188965 36.087440490722656 0.030204609036445618
30 163200 0.04550367221236229 0.24048033356666565 37.951438903808594 0.0337362065911293
30 163300 0.058784760534763336 0.2389518767595291 35.74810028076172 0.030860375612974167
30 163400 0.06647905707359314 0.23643238842487335 35.159942626953125 0.02963932231068611
30 163500 0.04740039259195328 0.2407900094985962 38.2926025390625 0.019552936777472496
30 163600 0.05573238432407379 0.2392030954360962 35.77406311035156 0.03153080865740776
30 163700 0.05261899530887604 0.24251499772071838 38.09027099609375 0.029382925480604172
30 163800 0.03110816329717636 0.24990209937095642 41.513916015625 0.01640254631638527
30 163900 0.0539320632815361 0.242230623960495 38.31581115722656 0.02054773084819317
30 164000 0.045779354870319366 0.2422199547290802 38.92435836791992 0.02150309644639492
30 164100 0.07014655321836472 0.2365310937166214 34.89952087402344 0.03837134316563606
30 164200 0.05710650980472565 0.23832735419273376 34.18608474731445 0.044180721044540405
30 164300 0.07972890138626099 0.23504938185214996 32.52497482299805 0.047859709709882736
30 164400 0.04367440193891525 0.24592909216880798 40.030277252197266 0.01716483011841774
30 164500 0.04339594766497612 0.24187859892845154 38.15666580200195 0.02874707616865635
31 164600 0.0516284741461277 0.2416117638349533 37.44643783569336 0.02830396592617035
31 164700 0.05749356001615524 0.24223095178604126 36.37688446044922 0.031387824565172195
31 164800 0.059319451451301575 0.24059686064720154 35.99936294555664 0.0266900435090065
31 164900 0.04882548004388809 0.24639227986335754 36.69124984741211 0.03368641808629036
31 165000 0.045017749071121216 0.2402198314666748 38.33036422729492 0.026506446301937103
31 165100 0.03823591023683548 0.2432602196931839 39.931156158447266 0.01832168735563755
31 165200 0.04086858779191971 0.24305535852909088 39.174781799316406 0.02568013221025467
31 165300 0.0592595674097538 0.25018882751464844 37.488121032714844 0.01995754800736904
31 165400 0.04641974717378616 0.24280966818332672 39.17362976074219 0.01675533689558506
31 165500 0.046841174364089966 0.2410677671432495 38.62628936767578 0.0186555664986372
31 165600 0.05292894318699837 0.23921377956867218 37.05886459350586 0.025728031992912292
31 165700 0.058745481073856354 0.23770055174827576 35.450958251953125 0.03144046291708946
31 165800 0.04675130918622017 0.24531081318855286 37.599754333496094 0.026052167639136314
31 165900 0.04576137661933899 0.24336741864681244 37.52794647216797 0.027971088886260986
31 166000 0.07462482154369354 0.23780818283557892 33.92273712158203 0.03744608536362648
31 166100 0.045797139406204224 0.23997539281845093 38.25498580932617 0.027130046859383583
31 166200 0.055416539311409 0.24278849363327026 37.59829330444336 0.027032820507884026
31 166300 0.04667194187641144 0.24063847959041595 38.18510818481445 0.027360063046216965
31 166400 0.06414283066987991 0.2339673936367035 34.867984771728516 0.05444425716996193
31 166500 0.038746029138565063 0.24521248042583466 39.256553649902344 0.02058112621307373
31 166600 0.035806816071271896 0.24568361043930054 40.71941375732422 0.018909642472863197
31 166700 0.04217901825904846 0.24353939294815063 39.73638916015625 0.027423566207289696
31 166800 0.0446336567401886 0.23975138366222382 38.366363525390625 0.02227836102247238
31 166900 0.06782573461532593 0.23702341318130493 35.12132263183594 0.040430132299661636
31 167000 0.046134985983371735 0.24249684810638428 37.688194274902344 0.026253459975123405
31 167100 0.0324801541864872 0.2457723468542099 41.11778259277344 0.011715198867022991
31 167200 0.03936966136097908 0.24629837274551392 40.270957946777344 0.019210297614336014
31 167300 0.045070670545101166 0.24788327515125275 38.14752960205078 0.01974489912390709
31 167400 0.04553229361772537 0.24261118471622467 39.445709228515625 0.018515586853027344
31 167500 0.04252718389034271 0.2446155697107315 39.21707534790039 0.02320791594684124
31 167600 0.06243215873837471 0.24207353591918945 36.50419235229492 0.02572505548596382
31 167700 0.053608957678079605 0.2414218932390213 36.59049606323242 0.025446265935897827
31 167800 0.051992446184158325 0.2389368712902069 37.65973663330078 0.03365527093410492
31 167900 0.04744824022054672 0.24275925755500793 38.127281188964844 0.023179376497864723
31 168000 0.05056171119213104 0.24144020676612854 37.86590576171875 0.02196185290813446
31 168100 0.028766192495822906 0.24683749675750732 42.55594253540039 0.011570663191378117
31 168200 0.0647437646985054 0.2351435422897339 35.261165618896484 0.04457992687821388
31 168300 0.07293783873319626 0.23955480754375458 33.46383285522461 0.04440058767795563
31 168400 0.045132122933864594 0.24028876423835754 38.50840759277344 0.03161691129207611
31 168500 0.029076064005494118 0.24671757221221924 42.61326599121094 0.019640566781163216
31 168600 0.06324489414691925 0.23929518461227417 35.77500915527344 0.028164271265268326
31 168700 0.05613981932401657 0.2443438321352005 35.34637451171875 0.032120466232299805
31 168800 0.0636502280831337 0.24105416238307953 35.6611328125 0.029167555272579193
31 168900 0.04108558967709541 0.2445468008518219 40.03310012817383 0.02171655185520649
31 169000 0.05715610831975937 0.24053606390953064 35.969764709472656 0.033817701041698456
31 169100 0.04746032506227493 0.24209332466125488 38.32188415527344 0.032669488340616226
31 169200 0.058865711092948914 0.24060934782028198 36.037330627441406 0.03685428202152252
31 169300 0.031017009168863297 0.24700531363487244 42.05447006225586 0.0138846505433321
31 169400 0.04780730605125427 0.24102263152599335 37.697364807128906 0.02998708188533783
31 169500 0.052528541535139084 0.24322742223739624 36.39833068847656 0.024734167382121086
31 169600 0.05233573168516159 0.24061211943626404 38.068267822265625 0.027541548013687134
31 169700 0.037418581545352936 0.246681347489357 40.03719711303711 0.01442507840692997
31 169800 0.0434517040848732 0.24270866811275482 39.20030212402344 0.020695392042398453
31 169900 0.0393596813082695 0.24281305074691772 38.921791076660156 0.02226174995303154
31 170000 0.059418827295303345 0.24370898306369781 36.54218292236328 0.02166353166103363
32 170100 0.049465395510196686 0.24210086464881897 37.6981315612793 0.022164151072502136
32 170200 0.037039466202259064 0.24273407459259033 39.00645446777344 0.01866142824292183
32 170300 0.049138858914375305 0.23965591192245483 37.06444549560547 0.028965655714273453
32 170400 0.040564075112342834 0.2436361014842987 39.60993194580078 0.01936580240726471
32 170500 0.03332691639661789 0.24686551094055176 40.35781478881836 0.014251112937927246
32 170600 0.05960273742675781 0.24027623236179352 37.08906555175781 0.02772974967956543
32 170700 0.043669551610946655 0.24494579434394836 40.42219543457031 0.023062601685523987
32 170800 0.04699946939945221 0.24201524257659912 37.903053283691406 0.03335346281528473
32 170900 0.046153828501701355 0.2431742548942566 38.90797805786133 0.024733249098062515
32 171000 0.033553093671798706 0.2467975616455078 39.43461227416992 0.018953096121549606
32 171100 0.06942588835954666 0.23722076416015625 33.51624298095703 0.04052000492811203
32 171200 0.06164422258734703 0.23440594971179962 34.28668212890625 0.04114292189478874
32 171300 0.07301697134971619 0.23966632783412933 34.792022705078125 0.036073047667741776
32 171400 0.053762294352054596 0.24073204398155212 37.123291015625 0.028701718896627426
32 171500 0.051051899790763855 0.24100790917873383 37.45896911621094 0.03171851485967636
32 171600 0.040806643664836884 0.2432178258895874 37.788230895996094 0.0261200200766325
32 171700 0.0508398562669754 0.24296095967292786 38.71162414550781 0.018033597618341446
32 171800 0.04478705674409866 0.2405034601688385 38.39604187011719 0.019617149606347084
32 171900 0.04939185827970505 0.2402384877204895 38.02838897705078 0.02311885729432106
32 172000 0.04794907197356224 0.24245348572731018 38.11726760864258 0.025261731818318367
32 172100 0.03926844522356987 0.24437808990478516 40.24549102783203 0.01726958341896534
32 172200 0.04099141061306 0.24384793639183044 39.12261199951172 0.018773647025227547
32 172300 0.0471750870347023 0.24200789630413055 37.315982818603516 0.02504744939506054
32 172400 0.059733934700489044 0.23875978589057922 36.348114013671875 0.03239232301712036
32 172500 0.0619332492351532 0.2359122335910797 35.137245178222656 0.036266155540943146
32 172600 0.056096453219652176 0.2419261932373047 36.515262603759766 0.022801587358117104
32 172700 0.052597612142562866 0.24097731709480286 37.335784912109375 0.03343433886766434
32 172800 0.05829600617289543 0.24101120233535767 37.49128723144531 0.03594216704368591
32 172900 0.05022048205137253 0.24189701676368713 37.15957260131836 0.025335919111967087
32 173000 0.05630180612206459 0.23814606666564941 35.908843994140625 0.03284310922026634
32 173100 0.03913142532110214 0.24298681318759918 40.0172004699707 0.01693192683160305
32 173200 0.055133040994405746 0.24105679988861084 37.375701904296875 0.02465171553194523
32 173300 0.039530958980321884 0.2463042438030243 39.18402099609375 0.021734701469540596
32 173400 0.05318885296583176 0.23612183332443237 35.46446990966797 0.030769599601626396
32 173500 0.04333508759737015 0.24219562113285065 39.364437103271484 0.024347884580492973
32 173600 0.045267388224601746 0.24560081958770752 40.011207580566406 0.017869461327791214
32 173700 0.04516476392745972 0.2431306689977646 40.06014633178711 0.01718222163617611
32 173800 0.0526130273938179 0.2445080280303955 37.640132904052734 0.021931279450654984
32 173900 0.051536429673433304 0.24356579780578613 38.33296585083008 0.020708158612251282
32 174000 0.04059433937072754 0.24565652012825012 40.34839630126953 0.020928876474499702
32 174100 0.06434932351112366 0.23899111151695251 35.571983337402344 0.03522234782576561
32 174200 0.04081368446350098 0.24191808700561523 39.39805221557617 0.017562326043844223
32 174300 0.03715008869767189 0.24307861924171448 40.75215530395508 0.02347753569483757
32 174400 0.04625275358557701 0.24270795285701752 39.17707443237305 0.016651775687932968
32 174500 0.05327499657869339 0.2414519190788269 36.24409866333008 0.02830481342971325
32 174600 0.04952710121870041 0.24295540153980255 38.53131103515625 0.023263920098543167
32 174700 0.04222036153078079 0.24641358852386475 39.707454681396484 0.019565515220165253
32 174800 0.03618016093969345 0.24881723523139954 41.8866081237793 0.019667910411953926
32 174900 0.055815860629081726 0.24234163761138916 36.45785903930664 0.03742310777306557
32 175000 0.027946030721068382 0.24706293642520905 43.401580810546875 0.01076054573059082
32 175100 0.05450640618801117 0.23969177901744843 36.20817947387695 0.040646497160196304
32 175200 0.05405796319246292 0.24050071835517883 37.0679931640625 0.020047659054398537
32 175300 0.054222799837589264 0.24317792057991028 36.54347610473633 0.02138059027493
32 175400 0.04885673522949219 0.2479018270969391 37.05244827270508 0.0313650444149971
33 175500 0.062275875359773636 0.24147291481494904 37.63484191894531 0.028419174253940582
33 175600 0.04086664691567421 0.24398010969161987 39.21321105957031 0.020522581413388252
33 175700 0.04621537774801254 0.23738569021224976 36.86679458618164 0.0324438251554966
33 175800 0.04769069328904152 0.2435263693332672 37.22846221923828 0.023039259016513824
33 175900 0.04398928955197334 0.24536748230457306 39.708702087402344 0.02355717308819294
33 176000 0.0607718825340271 0.24346807599067688 37.605247497558594 0.020285680890083313
33 176100 0.039799027144908905 0.24158602952957153 39.7844123840332 0.023190738633275032
33 176200 0.06049533933401108 0.23540639877319336 34.796363830566406 0.04654472693800926
33 176300 0.04935557395219803 0.24077266454696655 37.09783935546875 0.020276203751564026
33 176400 0.05804624408483505 0.24207882583141327 35.36393356323242 0.04530051350593567
33 176500 0.04635762795805931 0.2421083003282547 38.399864196777344 0.017730267718434334
33 176600 0.03985483944416046 0.2436264157295227 39.254066467285156 0.018840979784727097
33 176700 0.04542892053723335 0.2448599487543106 38.698665618896484 0.028964612632989883
33 176800 0.045296505093574524 0.24197450280189514 38.44187927246094 0.016726559028029442
33 176900 0.03686866536736488 0.24985963106155396 40.20458221435547 0.01661868393421173
33 177000 0.044411689043045044 0.24045495688915253 38.87691879272461 0.01788584515452385
33 177100 0.06045038625597954 0.23754969239234924 36.41790008544922 0.042744871228933334
33 177200 0.026870135217905045 0.246852844953537 43.50864028930664 0.018851924687623978
33 177300 0.04528551548719406 0.24094820022583008 38.4724006652832 0.023071253672242165
33 177400 0.06696084141731262 0.24067622423171997 35.27751922607422 0.025112735107541084
33 177500 0.05512506514787674 0.24085275828838348 36.796234130859375 0.021120289340615273
33 177600 0.05296981334686279 0.23883575201034546 37.77064514160156 0.027103953063488007
33 177700 0.04251513257622719 0.24421167373657227 38.99032974243164 0.029010774567723274
33 177800 0.06801558285951614 0.24127131700515747 35.2816047668457 0.04022984951734543
33 177900 0.05017251521348953 0.2418902963399887 37.976341247558594 0.024990780279040337
33 178000 0.0492001511156559 0.24397914111614227 38.45779037475586 0.02372087724506855
33 178100 0.04750671610236168 0.2451113760471344 38.561012268066406 0.019453970715403557
33 178200 0.04838503524661064 0.24053865671157837 38.900108337402344 0.019937219098210335
33 178300 0.05603942275047302 0.24041247367858887 36.10951614379883 0.03162854537367821
33 178400 0.04622117057442665 0.24259063601493835 37.926361083984375 0.022818630561232567
33 178500 0.07872559130191803 0.2454121708869934 31.996109008789062 0.04052729532122612
33 178600 0.03915362432599068 0.2455524504184723 40.437721252441406 0.024473179131746292
33 178700 0.0518256276845932 0.24008457362651825 37.52891540527344 0.032486408948898315
33 178800 0.05464300513267517 0.2386500984430313 37.48625946044922 0.03213127702474594
33 178900 0.031081944704055786 0.24517206847667694 41.70964431762695 0.01407424733042717
33 179000 0.0555744469165802 0.24087831377983093 36.89459991455078 0.02643931284546852
33 179100 0.06093503162264824 0.24084003269672394 35.0240364074707 0.03787677362561226
33 179200 0.036834586411714554 0.24557405710220337 39.28371047973633 0.018433591350913048
33 179300 0.049566660076379776 0.24011388421058655 37.340721130371094 0.029244860634207726
33 179400 0.05273634195327759 0.24196985363960266 37.3824462890625 0.023837661370635033
33 179500 0.03616295009851456 0.24479222297668457 39.31102752685547 0.019779430702328682
33 179600 0.04518656060099602 0.2415437400341034 37.47835922241211 0.02460763417184353
33 179700 0.03153511881828308 0.24605698883533478 40.81708526611328 0.013317281380295753
33 179800 0.04637915641069412 0.23849093914031982 38.174232482910156 0.028015702962875366
33 179900 0.057213880121707916 0.24275192618370056 37.2933464050293 0.02741502970457077
33 180000 0.04741998016834259 0.24185672402381897 38.49195861816406 0.0269294586032629
33 180100 0.05866832286119461 0.2392272651195526 37.37860107421875 0.02613363415002823
33 180200 0.06983192265033722 0.23510900139808655 34.861637115478516 0.03005140833556652
33 180300 0.05446445941925049 0.24437940120697021 37.89995193481445 0.015949904918670654
33 180400 0.053106728941202164 0.23711559176445007 37.39610290527344 0.03299562633037567
33 180500 0.04803966358304024 0.24206560850143433 38.89762878417969 0.028505688533186913
33 180600 0.057888396084308624 0.2416231632232666 37.75394058227539 0.02518673613667488
33 180700 0.04935068637132645 0.24020415544509888 37.96233367919922 0.027332834899425507
33 180800 0.05459897592663765 0.2395700216293335 36.776397705078125 0.021773552522063255
33 180900 0.05539177358150482 0.2410908341407776 36.327850341796875 0.02884584292769432
34 181000 0.044637951999902725 0.24370765686035156 39.47951889038086 0.018748918548226357
34 181100 0.049092069268226624 0.24096733331680298 38.56906509399414 0.024458689615130424
34 181200 0.04588091000914574 0.24131804704666138 38.597225189208984 0.02053004689514637
34 181300 0.047883763909339905 0.24344274401664734 36.8634033203125 0.028765825554728508
34 181400 0.04799612611532211 0.2435259222984314 37.74465560913086 0.018817493692040443
34 181500 0.05711305886507034 0.23799362778663635 35.63673782348633 0.0300203338265419
34 181600 0.05070291459560394 0.2376675009727478 37.87345886230469 0.030807005241513252
34 181700 0.05788402259349823 0.240016907453537 35.38397979736328 0.028128407895565033
34 181800 0.047191597521305084 0.24458377063274384 39.24230194091797 0.015194208361208439
34 181900 0.06323399394750595 0.23867681622505188 35.306190490722656 0.02657375857234001
34 182000 0.043320778757333755 0.24271412193775177 38.636905670166016 0.028909938409924507
34 182100 0.05161406099796295 0.24085955321788788 38.34794616699219 0.029313167557120323
34 182200 0.040214236825704575 0.24322068691253662 40.06666564941406 0.017984280362725258
34 182300 0.04800105839967728 0.24347350001335144 36.5349235534668 0.024974051862955093
34 182400 0.044340427964925766 0.24092960357666016 38.55895233154297 0.02095690555870533
34 182500 0.04390116035938263 0.24687156081199646 40.206600189208984 0.021281886845827103
34 182600 0.03979478031396866 0.24320465326309204 39.44751739501953 0.016823893412947655
34 182700 0.05916185304522514 0.2391936331987381 35.89954376220703 0.03832976892590523
34 182800 0.04386870190501213 0.24235719442367554 39.166839599609375 0.022424982860684395
34 182900 0.05537278950214386 0.24268344044685364 36.24791717529297 0.024537239223718643
34 183000 0.04587941989302635 0.2411055564880371 38.296810150146484 0.026893099769949913
34 183100 0.0459553562104702 0.24435585737228394 37.69282150268555 0.031863752752542496
34 183200 0.031118294224143028 0.24747371673583984 41.7286376953125 0.016401013359427452
34 183300 0.05280810594558716 0.23975297808647156 37.568973541259766 0.029871532693505287
34 183400 0.04031919687986374 0.24480174481868744 40.05144500732422 0.026141071692109108
34 183500 0.04282691329717636 0.24471333622932434 39.62474822998047 0.016954494640231133
34 183600 0.061100877821445465 0.23945561051368713 35.62642288208008 0.026393087580800056
34 183700 0.04288826882839203 0.24543926119804382 40.5656623840332 0.01724761351943016
34 183800 0.06003537401556969 0.23821160197257996 35.428436279296875 0.04442543908953667
34 183900 0.0489480197429657 0.24144446849822998 37.06435775756836 0.026426997035741806
34 184000 0.045658309012651443 0.2391667515039444 37.24700927734375 0.025274289771914482
34 184100 0.05058130621910095 0.24590501189231873 38.475921630859375 0.02374930866062641
34 184200 0.04528868943452835 0.24009358882904053 37.55868911743164 0.02416130155324936
34 184300 0.04947029799222946 0.24068096280097961 37.38064193725586 0.03128428757190704
34 184400 0.04065730422735214 0.24107858538627625 39.55661392211914 0.020940564572811127
34 184500 0.040260352194309235 0.24727371335029602 40.11741638183594 0.020990336313843727
34 184600 0.038465358316898346 0.24558761715888977 40.053863525390625 0.014031059108674526
34 184700 0.031652431935071945 0.24559655785560608 41.37942886352539 0.01881374418735504
34 184800 0.04851020872592926 0.24138468503952026 38.07566452026367 0.0224078930914402
34 184900 0.05065435171127319 0.24153199791908264 37.804229736328125 0.020938951522111893
34 185000 0.05351172760128975 0.23656272888183594 36.967132568359375 0.03979124501347542
34 185100 0.05685146898031235 0.23597371578216553 35.62040328979492 0.04220395162701607
34 185200 0.02453257516026497 0.247010737657547 43.49492645263672 0.011367370374500751
34 185300 0.04465904459357262 0.242964968085289 38.94007110595703 0.015024038031697273
34 185400 0.0507536344230175 0.24368497729301453 38.389434814453125 0.023325884714722633
34 185500 0.058594960719347 0.23874345421791077 36.74454879760742 0.03703270107507706
34 185600 0.05384521186351776 0.2415902316570282 38.41816329956055 0.02292075753211975
34 185700 0.06319074332714081 0.23613211512565613 35.739715576171875 0.034559279680252075
34 185800 0.037600327283144 0.24642302095890045 39.60444259643555 0.016342438757419586
34 185900 0.03181647136807442 0.2437053769826889 40.654014587402344 0.022446192800998688
34 186000 0.04832187294960022 0.24372445046901703 38.074684143066406 0.02310873195528984
34 186100 0.04372222721576691 0.24431292712688446 39.06661605834961 0.015852825716137886
34 186200 0.033753909170627594 0.2467673122882843 41.23213195800781 0.01658339612185955
34 186300 0.05601388216018677 0.2396807074546814 35.99707794189453 0.025007028132677078
34 186400 0.041699789464473724 0.24087798595428467 38.73191833496094 0.019183991476893425
35 186500 0.051265232264995575 0.2467460334300995 37.70197296142578 0.02327040024101734
35 186600 0.047868769615888596 0.24242734909057617 39.003273010253906 0.019281117245554924
35 186700 0.05468880385160446 0.2375268042087555 36.872894287109375 0.04116728529334068
35 186800 0.04569865018129349 0.2426203489303589 38.880340576171875 0.01783849112689495
35 186900 0.04205027595162392 0.24429181218147278 40.03916549682617 0.01949108950793743
35 187000 0.04238302260637283 0.24316471815109253 39.23130798339844 0.017044495791196823
35 187100 0.05223170295357704 0.23976881802082062 37.33098602294922 0.031830690801143646
35 187200 0.04180893674492836 0.24487558007240295 37.387115478515625 0.034777939319610596
35 187300 0.043212976306676865 0.24267911911010742 38.70207214355469 0.01951773464679718
35 187400 0.04769463837146759 0.23977571725845337 38.216182708740234 0.020709065720438957
35 187500 0.059370968490839005 0.24060526490211487 37.12689971923828 0.028827348724007607
35 187600 0.047436874359846115 0.24389982223510742 37.7200927734375 0.023900533095002174
35 187700 0.044340141117572784 0.24418115615844727 39.18583679199219 0.02267260104417801
35 187800 0.03764873743057251 0.24413679540157318 40.2496452331543 0.015923412516713142
35 187900 0.041173726320266724 0.24287095665931702 38.39955139160156 0.02490333281457424
35 188000 0.04399729147553444 0.24505719542503357 38.52593231201172 0.0206461064517498
35 188100 0.04399256408214569 0.24033604562282562 39.38111877441406 0.023631207644939423
35 188200 0.058244239538908005 0.23916490375995636 36.318355560302734 0.032900724560022354
35 188300 0.04575789347290993 0.24482318758964539 39.081993103027344 0.023528948426246643
35 188400 0.03741360828280449 0.24857567250728607 40.958377838134766 0.014541993848979473
35 188500 0.042164623737335205 0.24085229635238647 39.575355529785156 0.02535172551870346
35 188600 0.044167712330818176 0.24300725758075714 38.02693176269531 0.021597227081656456
35 188700 0.05868666619062424 0.23997285962104797 35.80358123779297 0.02758246473968029
35 188800 0.03300563991069794 0.24679645895957947 40.74507141113281 0.015483410097658634
35 188900 0.055999286472797394 0.24133457243442535 37.0851936340332 0.020784536376595497
35 189000 0.0630931407213211 0.2398841679096222 35.496604919433594 0.03395405411720276
35 189100 0.046480707824230194 0.24216315150260925 38.3436279296875 0.021489398553967476
35 189200 0.04333269223570824 0.24085889756679535 37.56223678588867 0.024652091786265373
35 189300 0.05410575494170189 0.24001094698905945 35.87910842895508 0.026986096054315567
35 189400 0.03672903776168823 0.2451516091823578 40.430152893066406 0.012532421387732029
35 189500 0.055032938718795776 0.24033887684345245 37.27699279785156 0.02443109266459942
35 189600 0.07051307708024979 0.23723599314689636 35.449790954589844 0.030004166066646576
35 189700 0.03903906047344208 0.2452690303325653 38.67859649658203 0.02385959029197693
35 189800 0.06750044971704483 0.23525641858577728 35.0029182434082 0.027483612298965454
35 189900 0.06624136865139008 0.24889150261878967 33.58740234375 0.024463454261422157
35 190000 0.05819644778966904 0.23830579221248627 34.455780029296875 0.03290101885795593
35 190100 0.05219785124063492 0.23804646730422974 37.767642974853516 0.02922033704817295
35 190200 0.04249650612473488 0.24479354918003082 39.927337646484375 0.01702769659459591
35 190300 0.04755755513906479 0.23915135860443115 37.72747802734375 0.0237228162586689
35 190400 0.03574785217642784 0.24413569271564484 39.80776596069336 0.019092442467808723
35 190500 0.061464738100767136 0.23970717191696167 35.67683410644531 0.028505563735961914
35 190600 0.056484371423721313 0.24239692091941833 37.90382766723633 0.014267784543335438
35 190700 0.07150647789239883 0.23936790227890015 35.453147888183594 0.023877479135990143
35 190800 0.04683588072657585 0.24131840467453003 38.000282287597656 0.021072586998343468
35 190900 0.05600642412900925 0.24174010753631592 37.48276901245117 0.024693993851542473
35 191000 0.0359768271446228 0.24620111286640167 38.47951126098633 0.027859365567564964
35 191100 0.04467698186635971 0.23981401324272156 39.243446350097656 0.02493465319275856
35 191200 0.04299750551581383 0.23986756801605225 39.46410369873047 0.03319884091615677
35 191300 0.055552415549755096 0.24042752385139465 37.24101257324219 0.025515513494610786
35 191400 0.04545583203434944 0.2450367510318756 38.666202545166016 0.018504058942198753
35 191500 0.04473628103733063 0.24042844772338867 38.620079040527344 0.02844432182610035
35 191600 0.0597204715013504 0.23916958272457123 36.17003631591797 0.03500806540250778
35 191700 0.02810189686715603 0.24549075961112976 42.57930374145508 0.013223513029515743
35 191800 0.04420569911599159 0.24903982877731323 38.08329391479492 0.02421574667096138
35 191900 0.05329281836748123 0.24133920669555664 37.710472106933594 0.02135738544166088
36 192000 0.04417208582162857 0.243657648563385 39.23716735839844 0.016633402556180954
36 192100 0.0439700148999691 0.24218297004699707 38.57212448120117 0.02106540836393833
36 192200 0.039290156215429306 0.24300089478492737 40.234947204589844 0.0187483262270689
36 192300 0.04709314927458763 0.24056896567344666 38.17401123046875 0.025946324691176414
36 192400 0.038583237677812576 0.2446659654378891 39.657066345214844 0.014335310086607933
36 192500 0.04750805348157883 0.24650812149047852 38.18877410888672 0.018170364201068878
36 192600 0.04854462295770645 0.24117505550384521 37.234764099121094 0.03458598256111145
36 192700 0.04370453953742981 0.24415794014930725 38.75482940673828 0.024966610595583916
36 192800 0.04216292127966881 0.24430403113365173 37.5321044921875 0.024712644517421722
36 192900 0.03753884509205818 0.24790078401565552 38.85390090942383 0.013948907144367695
36 193000 0.04468493163585663 0.24101665616035461 38.05739974975586 0.025288023054599762
36 193100 0.04436556622385979 0.24434465169906616 38.39079666137695 0.02549813687801361
36 193200 0.048154816031455994 0.2401753067970276 38.208587646484375 0.021010883152484894
36 193300 0.03983940929174423 0.2438507229089737 39.24467468261719 0.02416873350739479
36 193400 0.06358687579631805 0.2410830408334732 35.23147201538086 0.030906889587640762
36 193500 0.042722899466753006 0.24362978339195251 39.3570556640625 0.016773469746112823
36 193600 0.04556415230035782 0.2421068549156189 39.13291931152344 0.01425639446824789
36 193700 0.044318683445453644 0.24103203415870667 38.5763053894043 0.022962182760238647
36 193800 0.04851807653903961 0.24227114021778107 38.687068939208984 0.019817562773823738
36 193900 0.04817602038383484 0.24285507202148438 38.93467712402344 0.024114064872264862
36 194000 0.044050782918930054 0.2429593801498413 37.353572845458984 0.025809479877352715
36 194100 0.039413612335920334 0.24695152044296265 40.8339958190918 0.019090745598077774
36 194200 0.049294088035821915 0.23841780424118042 37.67088317871094 0.04402510076761246
36 194300 0.04253016412258148 0.2434011995792389 39.664459228515625 0.02335924655199051
36 194400 0.05216487497091293 0.24111387133598328 38.028682708740234 0.023957088589668274
36 194500 0.04638545960187912 0.24172356724739075 38.3674201965332 0.02266286499798298
36 194600 0.04722793400287628 0.2456457018852234 37.77037048339844 0.02411467954516411
36 194700 0.04635147750377655 0.24566328525543213 39.054473876953125 0.018396813422441483
36 194800 0.03763825446367264 0.24473844468593597 40.47739028930664 0.01766345091164112
36 194900 0.05065953731536865 0.24274471402168274 36.991031646728516 0.030863173305988312
36 195000 0.037888724356889725 0.24814173579216003 40.56354904174805 0.015881367027759552
36 195100 0.029748206958174706 0.24639609456062317 42.017051696777344 0.014334212057292461
36 195200 0.06612501293420792 0.23934206366539001 34.35791778564453 0.03777998313307762
36 195300 0.057215366512537 0.23716527223587036 36.2775993347168 0.026583878323435783
36 195400 0.0427369549870491 0.24297243356704712 37.95356369018555 0.025423847138881683
36 195500 0.03887147456407547 0.2453286349773407 41.13107681274414 0.016613515093922615
36 195600 0.04547002911567688 0.24320533871650696 39.44342803955078 0.021313467994332314
36 195700 0.05297458544373512 0.23968178033828735 36.379058837890625 0.02361190877854824
36 195800 0.049891479313373566 0.24048587679862976 37.191070556640625 0.024158533662557602
36 195900 0.049835022538900375 0.2435586154460907 38.66527557373047 0.02255336195230484
36 196000 0.05148687958717346 0.23979079723358154 37.38517379760742 0.02289564535021782
36 196100 0.04417372867465019 0.24278855323791504 40.71551513671875 0.023377439007163048
36 196200 0.059254467487335205 0.2384721338748932 35.11552429199219 0.036239176988601685
36 196300 0.05029536038637161 0.24165953695774078 36.35389709472656 0.03378216549754143
36 196400 0.04743590205907822 0.24297554790973663 36.875701904296875 0.023143744096159935
36 196500 0.05643434077501297 0.23987042903900146 35.850746154785156 0.02788984775543213
36 196600 0.02634728141129017 0.24607527256011963 42.28668212890625 0.008370911702513695
36 196700 0.03593158721923828 0.24228376150131226 40.05068588256836 0.019044948741793633
36 196800 0.04729963466525078 0.24328917264938354 38.51868438720703 0.01985170878469944
36 196900 0.03666585683822632 0.24611467123031616 41.22235870361328 0.019093792885541916
36 197000 0.04542878642678261 0.24441593885421753 39.03988265991211 0.016583001241087914
36 197100 0.04457404464483261 0.24446336925029755 37.744178771972656 0.027277961373329163
36 197200 0.056852445006370544 0.23962602019309998 37.0618896484375 0.026457207277417183
36 197300 0.028827784582972527 0.24732017517089844 43.23926544189453 0.009856464341282845
36 197400 0.06102012097835541 0.23835068941116333 35.92238235473633 0.034990422427654266
37 197500 0.046278081834316254 0.24380725622177124 38.48247528076172 0.015873242169618607
37 197600 0.04843135550618172 0.24435684084892273 37.98533630371094 0.022324567660689354
37 197700 0.04836694523692131 0.24278798699378967 38.1480598449707 0.016587110236287117
37 197800 0.03935753181576729 0.245274156332016 39.72370147705078 0.013711463660001755
37 197900 0.049018435180187225 0.243740051984787 38.20583724975586 0.021709689870476723
37 198000 0.03645521029829979 0.24623578786849976 41.93832015991211 0.018420623615384102
37 198100 0.0570438951253891 0.24620741605758667 38.07957458496094 0.018874065950512886
37 198200 0.05280836671590805 0.2443413883447647 37.958553314208984 0.025043725967407227
37 198300 0.02974732220172882 0.24671176075935364 42.88190460205078 0.017351409420371056
37 198400 0.04480346292257309 0.24396583437919617 39.640541076660156 0.01575595512986183
37 198500 0.048036202788352966 0.24032223224639893 38.33232879638672 0.04094984382390976
37 198600 0.049275320023298264 0.23995229601860046 38.11396789550781 0.02025528997182846
37 198700 0.055007897317409515 0.24237924814224243 36.71809387207031 0.025222091004252434
37 198800 0.05079558491706848 0.2408244013786316 37.82395935058594 0.023586077615618706
37 198900 0.05462855473160744 0.24241402745246887 36.922576904296875 0.02916804701089859
37 199000 0.0409894622862339 0.24260012805461884 39.985206604003906 0.020571233704686165
37 199100 0.038679033517837524 0.24600675702095032 40.466163635253906 0.01995261013507843
37 199200 0.039382316172122955 0.2450994849205017 40.85113525390625 0.01792588271200657
37 199300 0.048601265996694565 0.23948124051094055 37.41441345214844 0.026195669546723366
37 199400 0.033743128180503845 0.2460598200559616 40.906253814697266 0.015230712480843067
37 199500 0.059543464332818985 0.24283817410469055 36.88787078857422 0.02943718433380127
37 199600 0.07625310122966766 0.23191338777542114 33.67670440673828 0.04445619136095047
37 199700 0.049653928726911545 0.24199441075325012 36.77219009399414 0.03268526867032051
37 199800 0.05138535797595978 0.24099096655845642 38.21860122680664 0.019705526530742645
37 199900 0.04926392063498497 0.24267169833183289 38.80159378051758 0.031092675402760506
37 200000 0.039965443313121796 0.24632775783538818 40.79072952270508 0.012884913012385368
37 200100 0.04743549972772598 0.24480953812599182 38.73172378540039 0.023108284920454025
37 200200 0.04722969979047775 0.24101436138153076 37.07963943481445 0.026067275553941727
37 200300 0.05059830844402313 0.23905587196350098 37.47564697265625 0.029573192819952965
37 200400 0.06594910472631454 0.23891225457191467 34.737361907958984 0.022632354870438576
37 200500 0.05703281611204147 0.2387286275625229 37.18598937988281 0.02681637369096279
37 200600 0.03772031143307686 0.24354951083660126 40.07329177856445 0.023987576365470886
37 200700 0.05258560925722122 0.242984339594841 37.670387268066406 0.024788353592157364
37 200800 0.04065551981329918 0.24447765946388245 39.32672882080078 0.022907020524144173
37 200900 0.024345621466636658 0.24704068899154663 44.54881286621094 0.010669257491827011
37 201000 0.043308135122060776 0.24339577555656433 40.0020751953125 0.021553944796323776
37 201100 0.0529782697558403 0.23877261579036713 37.79145050048828 0.027688043192029
37 201200 0.049396127462387085 0.24118207395076752 38.06950378417969 0.0247325636446476
37 201300 0.0501793771982193 0.24073415994644165 37.830223083496094 0.030781494453549385
37 201400 0.04295177385210991 0.24261042475700378 38.748016357421875 0.02379373461008072
37 201500 0.04419130086898804 0.2458113729953766 39.123756408691406 0.02140326052904129
37 201600 0.044366296380758286 0.24346885085105896 38.32286834716797 0.024844646453857422
37 201700 0.07010909914970398 0.23729123175144196 34.75092315673828 0.030361101031303406
37 201800 0.03335206210613251 0.24407371878623962 40.88044357299805 0.015558688901364803
37 201900 0.05229555070400238 0.2414996325969696 37.405582427978516 0.034347087144851685
37 202000 0.04099264368414879 0.24154625833034515 39.10636520385742 0.020844334736466408
37 202100 0.04081083834171295 0.2429821491241455 38.81090545654297 0.0236411914229393
37 202200 0.04334120452404022 0.2444618046283722 39.693824768066406 0.021388284862041473
37 202300 0.07603736221790314 0.23131206631660461 33.211875915527344 0.035718340426683426
37 202400 0.04826876148581505 0.24266411364078522 37.652557373046875 0.028624342754483223
37 202500 0.03858206421136856 0.2440231889486313 40.821067810058594 0.020337671041488647
37 202600 0.03132403641939163 0.246052086353302 39.7305908203125 0.021725859493017197
37 202700 0.04234395921230316 0.24447542428970337 38.838348388671875 0.018352268263697624
37 202800 0.06641939282417297 0.240200012922287 36.209251403808594 0.03149281069636345
37 202900 0.04954324662685394 0.24238446354866028 37.453285217285156 0.023484520614147186
38 203000 0.059470176696777344 0.24116799235343933 37.007118225097656 0.025345612317323685
38 203100 0.04733873903751373 0.24263456463813782 37.75359344482422 0.024080265313386917
38 203200 0.04041808098554611 0.24397985637187958 40.49107360839844 0.025406502187252045
38 203300 0.04558654874563217 0.2419552206993103 38.67756652832031 0.02121870405972004
38 203400 0.04767482355237007 0.24524791538715363 38.699859619140625 0.018852751702070236
38 203500 0.06731399148702621 0.23807260394096375 35.162105560302734 0.026510991156101227
38 203600 0.039615798741579056 0.24337834119796753 38.743797302246094 0.01760220155119896
38 203700 0.05377780646085739 0.24102817475795746 37.42457580566406 0.027752438560128212
38 203800 0.04196382686495781 0.24124589562416077 37.99219512939453 0.03216327354311943
38 203900 0.04546220600605011 0.2424408197402954 40.65803527832031 0.016440343111753464
38 204000 0.05893320590257645 0.24015328288078308 35.88225173950195 0.029683738946914673
38 204100 0.04161093384027481 0.24695758521556854 39.636314392089844 0.019403306767344475
38 204200 0.04966653883457184 0.24133798480033875 38.48971176147461 0.021281646564602852
38 204300 0.047666460275650024 0.2383628785610199 36.65830612182617 0.03526098281145096
38 204400 0.03626071661710739 0.24488067626953125 41.015079498291016 0.021385349333286285
38 204500 0.06321026384830475 0.23721444606781006 34.70811462402344 0.05020422860980034
38 204600 0.048648882657289505 0.2429819107055664 39.373191833496094 0.023200513795018196
38 204700 0.06040828302502632 0.2364570051431656 35.22998809814453 0.040515266358852386
38 204800 0.04335691034793854 0.24612879753112793 40.25932312011719 0.024964427575469017
38 204900 0.03931153565645218 0.24439272284507751 40.05790710449219 0.021340632811188698
38 205000 0.04010727256536484 0.24521350860595703 39.92380142211914 0.020398734137415886
38 205100 0.05287298560142517 0.24575155973434448 38.285797119140625 0.018692752346396446
38 205200 0.050739485770463943 0.241265207529068 37.33550262451172 0.029814770445227623
38 205300 0.06629868596792221 0.2407914400100708 36.57024002075195 0.0290968120098114
38 205400 0.0498027503490448 0.2423986792564392 38.08244705200195 0.022394124418497086
38 205500 0.05751373991370201 0.24441596865653992 38.150726318359375 0.02058793045580387
38 205600 0.050367217510938644 0.23907971382141113 36.388587951660156 0.035434871912002563
38 205700 0.034185513854026794 0.2472226619720459 39.77418518066406 0.012102857232093811
38 205800 0.06416169553995132 0.23758825659751892 35.31682586669922 0.04415060579776764
38 205900 0.04765067994594574 0.23977848887443542 37.67162322998047 0.020068183541297913
38 206000 0.048544205725193024 0.24266257882118225 38.03279113769531 0.022577611729502678
38 206100 0.04441002011299133 0.24281179904937744 39.429588317871094 0.01840566284954548
38 206200 0.04204005375504494 0.24106422066688538 39.10684585571289 0.023841479793190956
38 206300 0.04431794211268425 0.2430509328842163 38.7614631652832 0.015007534064352512
38 206400 0.041403628885746 0.2429804801940918 39.40394592285156 0.02144020050764084
38 206500 0.06885272264480591 0.2381746917963028 34.51036834716797 0.03334660455584526
38 206600 0.07311469316482544 0.2342958003282547 33.313575744628906 0.03544442728161812
38 206700 0.04571818187832832 0.24474695324897766 39.23406982421875 0.022075019776821136
38 206800 0.05672872066497803 0.2434646636247635 37.03276062011719 0.022490832954645157
38 206900 0.06126464530825615 0.2398448884487152 36.20108413696289 0.03187841922044754
38 207000 0.057825297117233276 0.24132058024406433 36.87419128417969 0.03744041174650192
38 207100 0.06864839792251587 0.2379298210144043 35.13792037963867 0.033385325223207474
38 207200 0.04115018621087074 0.24626865983009338 39.23127746582031 0.01744266413152218
38 207300 0.05960795283317566 0.23948174715042114 36.424354553222656 0.02392267994582653
38 207400 0.03130321949720383 0.2464006245136261 40.35805130004883 0.015261447988450527
38 207500 0.041327010840177536 0.24444012343883514 39.20941925048828 0.024543829262256622
38 207600 0.05591197311878204 0.2375003844499588 37.17515563964844 0.03323068097233772
38 207700 0.046309445053339005 0.2413930892944336 37.515655517578125 0.025652633979916573
38 207800 0.05234312266111374 0.23946231603622437 37.10706329345703 0.024667326360940933
38 207900 0.04970591515302658 0.24322837591171265 38.41680145263672 0.027739906683564186
38 208000 0.05958273261785507 0.24429595470428467 36.37401580810547 0.026045797392725945
38 208100 0.06084038317203522 0.23654714226722717 33.9853515625 0.033761076629161835
38 208200 0.0441516749560833 0.242411270737648 39.98890686035156 0.03007546439766884
38 208300 0.03931129723787308 0.24525010585784912 40.528480529785156 0.01687915436923504
39 208400 0.05515008792281151 0.24379363656044006 35.993064880371094 0.025049561634659767
39 208500 0.041976407170295715 0.24517792463302612 39.54042053222656 0.019236767664551735
39 208600 0.05352301150560379 0.23833522200584412 37.037437438964844 0.028685137629508972
39 208700 0.04451906681060791 0.24229755997657776 38.2786979675293 0.025988014414906502
39 208800 0.03183908015489578 0.2475665807723999 40.87895202636719 0.01473196316510439
39 208900 0.04255874454975128 0.24436010420322418 39.209686279296875 0.025264572352170944
39 209000 0.07282617688179016 0.23640747368335724 34.04818344116211 0.03559407964348793
39 209100 0.04314186051487923 0.2469329684972763 39.505393981933594 0.017374688759446144
39 209200 0.06724151968955994 0.23327982425689697 34.34840774536133 0.030705051496624947
39 209300 0.04194221273064613 0.24665606021881104 39.802181243896484 0.01385840866714716
39 209400 0.06516476720571518 0.2408028095960617 35.667667388916016 0.02570207417011261
39 209500 0.03813272714614868 0.2445942610502243 39.571224212646484 0.01665302738547325
39 209600 0.03689069300889969 0.24315091967582703 39.16415023803711 0.02075568400323391
39 209700 0.03483850881457329 0.2457243949174881 41.27511215209961 0.018853697925806046
39 209800 0.06054630130529404 0.23818793892860413 35.48405075073242 0.04044916108250618
39 209900 0.05522960424423218 0.2404807209968567 36.62189865112305 0.034436117857694626
39 210000 0.05914901942014694 0.2360006868839264 36.02574920654297 0.03923671692609787
39 210100 0.03656160086393356 0.24482476711273193 40.729496002197266 0.02258996292948723
39 210200 0.05239824578166008 0.24112577736377716 38.250083923339844 0.02342618629336357
39 210300 0.03984665125608444 0.2425834834575653 40.44911193847656 0.025131134316325188
39 210400 0.05282917618751526 0.2393185943365097 37.48793029785156 0.028362633660435677
39 210500 0.053069084882736206 0.24079953134059906 38.21928405761719 0.027761097997426987
39 210600 0.0338532030582428 0.24484550952911377 40.998390197753906 0.015336467884480953
39 210700 0.03352317214012146 0.24350866675376892 40.37398147583008 0.01502605527639389
39 210800 0.05293817073106766 0.23932547867298126 37.34394836425781 0.03023265302181244
39 210900 0.04658564180135727 0.2425929605960846 38.328582763671875 0.017841966822743416
39 211000 0.0422944575548172 0.2427941858768463 39.10170364379883 0.019892767071723938
39 211100 0.045239802449941635 0.24066901206970215 38.85892105102539 0.036599308252334595
39 211200 0.03926638513803482 0.2434558868408203 39.92701721191406 0.01751132123172283
39 211300 0.042368851602077484 0.23893457651138306 37.65457534790039 0.025297019630670547
39 211400 0.049824729561805725 0.24011167883872986 36.99355697631836 0.027942748740315437
39 211500 0.06529192626476288 0.24313703179359436 34.910552978515625 0.026443567126989365
39 211600 0.04123971611261368 0.24826443195343018 38.719276428222656 0.0190892294049263
39 211700 0.04637300223112106 0.24296969175338745 36.999229431152344 0.0260392464697361
39 211800 0.04255380108952522 0.24327106773853302 38.7631950378418 0.023931270465254784
39 211900 0.04054725915193558 0.24343650043010712 39.600547790527344 0.022316448390483856
39 212000 0.06395145505666733 0.23428277671337128 35.09908676147461 0.03295957297086716
39 212100 0.04297211766242981 0.24522599577903748 38.92649841308594 0.020839596167206764
39 212200 0.03757104277610779 0.245838463306427 39.355316162109375 0.0157936941832304
39 212300 0.05018693208694458 0.23972424864768982 37.506771087646484 0.026495380327105522
39 212400 0.04693800210952759 0.2421097457408905 38.484275817871094 0.01769843138754368
39 212500 0.044079553335905075 0.2481318712234497 39.20542907714844 0.014904520474374294
39 212600 0.030777061358094215 0.2469138503074646 40.74044418334961 0.01005017664283514
39 212700 0.03621537238359451 0.24700507521629333 41.38758850097656 0.01816459558904171
39 212800 0.03534895181655884 0.24828925728797913 40.068572998046875 0.02215263806283474
39 212900 0.046996328979730606 0.24248634278774261 38.387908935546875 0.01860661432147026
39 213000 0.0438552163541317 0.242605060338974 38.54130172729492 0.01801123470067978
39 213100 0.06033959239721298 0.2375674694776535 35.83847427368164 0.03388246148824692
39 213200 0.055149972438812256 0.24248915910720825 36.16803741455078 0.028448395431041718
39 213300 0.03737065941095352 0.24560800194740295 39.959861755371094 0.02434481680393219
39 213400 0.03275907039642334 0.24799707531929016 43.28197479248047 0.014652586542069912
39 213500 0.06377088278532028 0.2393874228000641 35.45481872558594 0.03501749411225319
39 213600 0.04806985706090927 0.2425638735294342 37.86238098144531 0.026027100160717964
39 213700 0.03405766561627388 0.24682705104351044 41.12815475463867 0.016831181943416595
39 213800 0.03948727250099182 0.24716854095458984 40.54292297363281 0.016770130023360252
40 213900 0.04663034528493881 0.24536851048469543 39.327003479003906 0.022682765498757362
40 214000 0.04985679313540459 0.2426820546388626 38.49907684326172 0.025539929047226906
40 214100 0.03860311582684517 0.2411504089832306 39.5283317565918 0.019739817827939987
40 214200 0.06464008241891861 0.23522603511810303 32.93720245361328 0.049544382840394974
40 214300 0.06007971614599228 0.24047285318374634 35.14883041381836 0.027954421937465668
40 214400 0.034537021070718765 0.24688011407852173 41.507503509521484 0.014426704496145248
40 214500 0.03724100813269615 0.2426929622888565 39.32719039916992 0.01618940755724907
40 214600 0.04921012371778488 0.24183215200901031 38.40953826904297 0.028385944664478302
40 214700 0.04903228580951691 0.2428300529718399 38.62504577636719 0.02388039417564869
40 214800 0.06770391762256622 0.23285064101219177 33.31612014770508 0.07800286263227463
40 214900 0.04611144959926605 0.2421637326478958 38.25178527832031 0.025371652096509933
40 215000 0.036097925156354904 0.24564659595489502 40.97148513793945 0.020880425348877907
40 215100 0.06255044043064117 0.2351514995098114 35.67695236206055 0.028709277510643005
40 215200 0.05069892853498459 0.24198217689990997 37.97543716430664 0.02583995833992958
40 215300 0.05311485752463341 0.23948773741722107 37.39177703857422 0.03324953466653824
40 215400 0.04610060155391693 0.24528810381889343 38.9312629699707 0.017470840364694595
40 215500 0.04893212020397186 0.2416175901889801 38.377471923828125 0.02196326106786728
40 215600 0.04171395301818848 0.24702028930187225 39.04594421386719 0.017334934324026108
40 215700 0.04619961231946945 0.24292242527008057 37.70392990112305 0.022710295394062996
40 215800 0.05029674619436264 0.24285924434661865 37.48877716064453 0.026456153020262718
40 215900 0.036359503865242004 0.24534007906913757 41.62900161743164 0.017771176993846893
40 216000 0.040637750178575516 0.24552032351493835 39.77644348144531 0.019985763356089592
40 216100 0.045397642999887466 0.24001705646514893 38.167076110839844 0.027663923799991608
40 216200 0.04860597476363182 0.24120181798934937 38.238033294677734 0.023601097986102104
40 216300 0.047907762229442596 0.24006836116313934 37.389034271240234 0.02138027548789978
40 216400 0.07408765703439713 0.25166600942611694 32.563995361328125 0.02906731329858303
40 216500 0.037690043449401855 0.24427685141563416 40.253150939941406 0.01932535320520401
40 216600 0.04552137106657028 0.24227754771709442 39.13883590698242 0.020759301260113716
40 216700 0.0550740510225296 0.24200600385665894 36.844154357910156 0.026120973750948906
40 216800 0.04342413693666458 0.24512961506843567 38.646236419677734 0.025286322459578514
40 216900 0.047799743711948395 0.24252021312713623 38.52074432373047 0.024960694834589958
40 217000 0.04383702948689461 0.2422468364238739 39.44676971435547 0.016951166093349457
40 217100 0.050966452807188034 0.25068631768226624 38.47577667236328 0.03198527172207832
40 217200 0.05257650464773178 0.24369600415229797 38.608917236328125 0.014452713541686535
40 217300 0.04930931329727173 0.24367815256118774 37.428123474121094 0.031762976199388504
40 217400 0.042028896510601044 0.2451973259449005 39.872154235839844 0.01399958971887827
40 217500 0.03832245618104935 0.2535982131958008 39.41879653930664 0.021070199087262154
40 217600 0.039889659732580185 0.24303483963012695 37.993953704833984 0.023212673142552376
40 217700 0.04913666099309921 0.23957937955856323 37.72245788574219 0.032735418528318405
40 217800 0.05219358578324318 0.24358731508255005 38.99059295654297 0.023470617830753326
40 217900 0.05027402937412262 0.24675527215003967 37.7441520690918 0.022828426212072372
40 218000 0.04132601246237755 0.24352392554283142 38.03514862060547 0.02175341174006462
40 218100 0.0610707625746727 0.23730920255184174 35.40354537963867 0.036200106143951416
40 218200 0.046171873807907104 0.24528253078460693 39.27357482910156 0.016926730051636696
40 218300 0.029131267219781876 0.24829572439193726 42.075042724609375 0.014297537505626678
40 218400 0.04675561562180519 0.2433174103498459 37.88188171386719 0.023954378440976143
40 218500 0.04059894382953644 0.24294349551200867 39.52161407470703 0.01933419518172741
40 218600 0.04361054673790932 0.24440327286720276 39.1612548828125 0.019824368879199028
40 218700 0.04506738483905792 0.2422809898853302 38.3970832824707 0.024961628019809723
40 218800 0.0423223040997982 0.24052730202674866 39.217323303222656 0.027750164270401
40 218900 0.037496164441108704 0.24540677666664124 40.56197738647461 0.02101965621113777
40 219000 0.04008818045258522 0.24342608451843262 38.15706253051758 0.019720453768968582
40 219100 0.04318924993276596 0.24290922284126282 37.25328063964844 0.02338477037847042
40 219200 0.059615205973386765 0.2405051738023758 35.23445129394531 0.027402516454458237
40 219300 0.04060117155313492 0.24365459382534027 39.30550765991211 0.025056106969714165
41 219400 0.039883606135845184 0.24388571083545685 38.95414733886719 0.023107506334781647
41 219500 0.04511358216404915 0.24646681547164917 40.12241744995117 0.018066009506583214
41 219600 0.0502706915140152 0.24395085871219635 38.32623291015625 0.027128413319587708
41 219700 0.051639407873153687 0.24077674746513367 37.68417739868164 0.02585509791970253
41 219800 0.043907955288887024 0.24386152625083923 39.454986572265625 0.02063981257379055
41 219900 0.056046150624752045 0.2423723042011261 35.372581481933594 0.03177444264292717
41 220000 0.03980673477053642 0.24305127561092377 39.4785270690918 0.01872028410434723
41 220100 0.04868864268064499 0.24477426707744598 37.72926330566406 0.022803427651524544
41 220200 0.047858819365501404 0.2416883409023285 38.87483215332031 0.02104881778359413
41 220300 0.048446305096149445 0.24144841730594635 38.48956298828125 0.021761395037174225
41 220400 0.047985877841711044 0.24079744517803192 38.61849594116211 0.022477757185697556
41 220500 0.04273000359535217 0.24220550060272217 38.9901008605957 0.028790153563022614
41 220600 0.0356016606092453 0.24655258655548096 41.75956344604492 0.01263812929391861
41 220700 0.040240418165922165 0.24572792649269104 39.350555419921875 0.01577499322593212
41 220800 0.037932537496089935 0.24139128625392914 38.68174743652344 0.02613777481019497
41 220900 0.04405529797077179 0.2442505657672882 39.5712890625 0.026327336207032204
41 221000 0.050299227237701416 0.2405395805835724 37.63228225708008 0.019424736499786377
41 221100 0.04806830361485481 0.24262085556983948 39.25735855102539 0.02234664186835289
41 221200 0.05221095681190491 0.23786452412605286 36.468955993652344 0.02619009092450142
41 221300 0.034591879695653915 0.24380972981452942 40.01034164428711 0.020299674943089485
41 221400 0.03761778399348259 0.24559250473976135 41.68244934082031 0.015545484609901905
41 221500 0.03871530294418335 0.24659769237041473 39.88185119628906 0.01909477263689041
41 221600 0.03401285782456398 0.24818550050258636 41.136474609375 0.014807447791099548
41 221700 0.06451378017663956 0.23816801607608795 34.418888092041016 0.03778492286801338
41 221800 0.0639733225107193 0.24028894305229187 35.552921295166016 0.030520044267177582
41 221900 0.038903266191482544 0.24494695663452148 38.3507080078125 0.02578483521938324
41 222000 0.03611969202756882 0.244180366396904 40.84745788574219 0.01581762358546257
41 222100 0.05950675532221794 0.23920130729675293 36.388694763183594 0.034009501338005066
41 222200 0.07055429369211197 0.23419976234436035 34.10287857055664 0.0464983806014061
41 222300 0.0530206635594368 0.24567466974258423 36.87538146972656 0.03584842383861542
41 222400 0.04502074792981148 0.24497324228286743 38.2080192565918 0.02571183070540428
41 222500 0.04991661012172699 0.24605396389961243 38.37940216064453 0.023373346775770187
41 222600 0.05367051064968109 0.24319753050804138 37.95826721191406 0.019221117720007896
41 222700 0.048195354640483856 0.24124866724014282 39.27925109863281 0.025719864293932915
41 222800 0.0475335493683815 0.24184384942054749 38.868709564208984 0.024028917774558067
41 222900 0.042717162519693375 0.24299556016921997 39.851531982421875 0.025291118770837784
41 223000 0.0474676787853241 0.24412307143211365 39.483787536621094 0.01915469579398632
41 223100 0.04445192217826843 0.2412068247795105 38.99018478393555 0.02797378972172737
41 223200 0.04135636240243912 0.24681860208511353 39.69417190551758 0.0178156029433012
41 223300 0.04610222950577736 0.24511009454727173 38.37892150878906 0.0239227507263422
41 223400 0.0433708131313324 0.2471069097518921 39.528533935546875 0.019774798303842545
41 223500 0.04196938872337341 0.24365553259849548 39.43122863769531 0.02041822485625744
41 223600 0.040195345878601074 0.2444342076778412 40.18354797363281 0.018852602690458298
41 223700 0.03824463114142418 0.2435166835784912 39.351558685302734 0.017223576083779335
41 223800 0.032388340681791306 0.24659034609794617 42.609954833984375 0.01778310164809227
41 223900 0.03649535030126572 0.2462346851825714 40.40561294555664 0.02147945761680603
41 224000 0.04214644059538841 0.24379539489746094 39.90583801269531 0.018861619755625725
41 224100 0.04452812671661377 0.2419973611831665 38.74123001098633 0.02415277250111103
41 224200 0.07032197713851929 0.24069121479988098 36.25815200805664 0.023827169090509415
41 224300 0.07286248356103897 0.23327986896038055 33.584510803222656 0.04787445440888405
41 224400 0.03478502109646797 0.24698343873023987 39.94684982299805 0.013021176680922508
41 224500 0.04631124064326286 0.2397489696741104 38.67285919189453 0.0272202268242836
41 224600 0.02957059070467949 0.2461729496717453 41.93598937988281 0.01374011393636465
41 224700 0.03680279105901718 0.24567608535289764 41.06013107299805 0.019029002636671066
41 224800 0.043930236250162125 0.2416975200176239 39.06398010253906 0.01691208966076374
42 224900 0.04736914113163948 0.24403749406337738 37.786346435546875 0.030179452151060104
42 225000 0.044486016035079956 0.24354666471481323 39.45520782470703 0.022341296076774597
42 225100 0.03601521998643875 0.24659529328346252 41.30392074584961 0.015760133042931557
42 225200 0.04027711600065231 0.24206355214118958 39.19476318359375 0.019319918006658554
42 225300 0.033151425421237946 0.24656900763511658 41.754390716552734 0.015243877656757832
42 225400 0.04477328434586525 0.2507452368736267 38.682716369628906 0.019951052963733673
42 225500 0.03956802934408188 0.2453555017709732 38.72657012939453 0.014868343248963356
42 225600 0.04810001328587532 0.24434584379196167 38.99830627441406 0.021075569093227386
42 225700 0.05766716226935387 0.24254991114139557 37.20796203613281 0.02742835506796837
42 225800 0.04992379993200302 0.24208952486515045 37.683128356933594 0.02638239599764347
42 225900 0.04837438836693764 0.24498791992664337 38.55364990234375 0.014229727908968925
42 226000 0.04201094061136246 0.2436954826116562 40.107177734375 0.016834301874041557
42 226100 0.04273395985364914 0.24567539989948273 40.2823486328125 0.012802700512111187
42 226200 0.0641261488199234 0.2474859058856964 36.04303741455078 0.018856311216950417
42 226300 0.048138733953237534 0.24405454099178314 38.570465087890625 0.01711268350481987
42 226400 0.047162026166915894 0.24095892906188965 38.404579162597656 0.020437590777873993
42 226500 0.03168459236621857 0.2462596297264099 41.58723449707031 0.014867763966321945
42 226600 0.044631268829107285 0.2446000874042511 39.95616912841797 0.020847778767347336
42 226700 0.06259329617023468 0.23601233959197998 36.11151885986328 0.03325752168893814
42 226800 0.038370631635189056 0.24602197110652924 39.64052963256836 0.016549935564398766
42 226900 0.040570806711912155 0.24264785647392273 40.119842529296875 0.02093322016298771
42 227000 0.0494135245680809 0.242188960313797 37.55682373046875 0.021688757464289665
42 227100 0.051893092691898346 0.24155578017234802 37.25773620605469 0.024366680532693863
42 227200 0.0529058501124382 0.24089282751083374 37.513309478759766 0.02557196468114853
42 227300 0.040238235145807266 0.24396252632141113 40.79280471801758 0.023020463064312935
42 227400 0.04462363198399544 0.24417847394943237 37.319332122802734 0.02168508991599083
42 227500 0.030736343935132027 0.24659374356269836 41.83842468261719 0.01996625028550625
42 227600 0.04120740294456482 0.241521954536438 38.768287658691406 0.019942063838243484
42 227700 0.048318345099687576 0.24048814177513123 38.28846740722656 0.026607874780893326
42 227800 0.053774960339069366 0.24171291291713715 37.6688232421875 0.027047913521528244
42 227900 0.03350060060620308 0.24744901061058044 42.022586822509766 0.013509254902601242
42 228000 0.04500400274991989 0.24688400328159332 39.693504333496094 0.017097333446145058
42 228100 0.03133976459503174 0.24494153261184692 42.302650451660156 0.01643744856119156
42 228200 0.034579694271087646 0.24525314569473267 40.175376892089844 0.02294621802866459
42 228300 0.046325840055942535 0.24499043822288513 40.10967254638672 0.015822194516658783
42 228400 0.04572689160704613 0.24821919202804565 39.26630401611328 0.019500097259879112
42 228500 0.038739342242479324 0.244055837392807 37.738426208496094 0.022995010018348694
42 228600 0.03303460031747818 0.24352127313613892 39.93487548828125 0.020943235605955124
42 228700 0.05906355381011963 0.24329397082328796 36.142822265625 0.03015102632343769
42 228800 0.03843599557876587 0.24440819025039673 40.9520263671875 0.01824880950152874
42 228900 0.04248523712158203 0.24415987730026245 40.35456085205078 0.02129017375409603
42 229000 0.044471949338912964 0.2426261305809021 37.690452575683594 0.02003827504813671
42 229100 0.0467628575861454 0.24261409044265747 38.02997970581055 0.025637442246079445
42 229200 0.04450180381536484 0.24032798409461975 39.14360046386719 0.024713559076189995
42 229300 0.05244813859462738 0.2390379011631012 35.99950408935547 0.03228943422436714
42 229400 0.049714088439941406 0.23912394046783447 36.712974548339844 0.03644565865397453
42 229500 0.04824427515268326 0.24220578372478485 37.61307144165039 0.03417022153735161
42 229600 0.04821208119392395 0.24237018823623657 37.89992904663086 0.021047912538051605
42 229700 0.04098177328705788 0.2433120608329773 38.615177154541016 0.021398229524493217
42 229800 0.041055839508771896 0.24379940330982208 38.31181335449219 0.02571321278810501
42 229900 0.06823898106813431 0.23686115443706512 35.44964599609375 0.028997382149100304
42 230000 0.05428379774093628 0.2407727986574173 37.742652893066406 0.02662450633943081
42 230100 0.0470745824277401 0.2428630292415619 38.417049407958984 0.020352678373456
42 230200 0.04597582668066025 0.24198605120182037 37.66326141357422 0.02615276537835598
42 230300 0.05121815577149391 0.24553194642066956 37.63529586791992 0.023453257977962494
43 230400 0.053954534232616425 0.23980507254600525 37.19984436035156 0.03198318928480148
43 230500 0.033442020416259766 0.24722066521644592 42.0247917175293 0.014003396965563297
43 230600 0.039119500666856766 0.24384719133377075 39.943180084228516 0.02133144997060299
43 230700 0.04526766389608383 0.24412931501865387 39.022884368896484 0.02053290233016014
43 230800 0.06415394693613052 0.23357942700386047 34.499393463134766 0.03632092475891113
43 230900 0.04429606348276138 0.2452521026134491 39.362266540527344 0.02119307406246662
43 231000 0.03354038670659065 0.24797633290290833 43.060943603515625 0.014233584515750408
43 231100 0.043363057076931 0.24479304254055023 39.24152374267578 0.019101828336715698
43 231200 0.051164012402296066 0.23971152305603027 37.25262451171875 0.030379144474864006
43 231300 0.04356089606881142 0.24374553561210632 38.657432556152344 0.025964846834540367
43 231400 0.035232629626989365 0.246957927942276 42.27410125732422 0.01588500291109085
43 231500 0.047405511140823364 0.2438541203737259 38.72554016113281 0.0185383353382349
43 231600 0.04118858277797699 0.24834664165973663 37.806365966796875 0.02432803437113762
43 231700 0.04769352823495865 0.241372212767601 37.545387268066406 0.029836105182766914
43 231800 0.03495541960000992 0.24876418709754944 39.56351852416992 0.01930542103946209
43 231900 0.05134271830320358 0.24178971350193024 37.84016418457031 0.025939276441931725
43 232000 0.053754087537527084 0.24212056398391724 36.41792678833008 0.026224054396152496
43 232100 0.04812696948647499 0.24239858984947205 38.240394592285156 0.02538435161113739
43 232200 0.045314572751522064 0.2446296215057373 38.347599029541016 0.02243555709719658
43 232300 0.055669404566287994 0.24224704504013062 34.62458038330078 0.0356014259159565
43 232400 0.05030057579278946 0.24408726394176483 37.567596435546875 0.02442779392004013
43 232500 0.03391897305846214 0.2457018792629242 41.221214294433594 0.01756647601723671
43 232600 0.04137953370809555 0.24171879887580872 38.773521423339844 0.023474590852856636
43 232700 0.032792966812849045 0.2457323670387268 40.051658630371094 0.01921595074236393
43 232800 0.04057422652840614 0.24611657857894897 40.06071472167969 0.019450034946203232
43 232900 0.051852528005838394 0.24085375666618347 37.52149963378906 0.028286701068282127
43 233000 0.04476400464773178 0.24327388405799866 38.537193298339844 0.019550027325749397
43 233100 0.06445066630840302 0.23750247061252594 35.07484817504883 0.03137125074863434
43 233200 0.041386205703020096 0.24585190415382385 38.08391189575195 0.02232314832508564
43 233300 0.05280033499002457 0.2398679405450821 36.39678955078125 0.031231271103024483
43 233400 0.0349385067820549 0.24408620595932007 40.27732467651367 0.01920757070183754
43 233500 0.03493272513151169 0.24760305881500244 40.850006103515625 0.01730852946639061
43 233600 0.06080354005098343 0.23916929960250854 35.93691635131836 0.037266362458467484
43 233700 0.07555560022592545 0.2302612066268921 33.66075134277344 0.049205172806978226
43 233800 0.040808796882629395 0.24355939030647278 39.266395568847656 0.0188324972987175
43 233900 0.034124795347452164 0.24858728051185608 41.71334457397461 0.019665783271193504
43 234000 0.04490818828344345 0.2446984052658081 39.02103805541992 0.017118249088525772
43 234100 0.03753862529993057 0.24536967277526855 40.540950775146484 0.01666237786412239
43 234200 0.04328100383281708 0.2505379319190979 37.26261901855469 0.019513463601469994
43 234300 0.03665919974446297 0.24414803087711334 40.832096099853516 0.013841674663126469
43 234400 0.037191085517406464 0.2453334778547287 40.662498474121094 0.02205478958785534
43 234500 0.04537656530737877 0.24136009812355042 38.64239501953125 0.025104694068431854
43 234600 0.0549749955534935 0.24482476711273193 37.28648376464844 0.022825542837381363
43 234700 0.05083487182855606 0.2423020601272583 38.39011764526367 0.023954665288329124
43 234800 0.05342138558626175 0.24051553010940552 37.06156921386719 0.031165851280093193
43 234900 0.0385916568338871 0.2464904487133026 40.40064239501953 0.020240426063537598
43 235000 0.05611107870936394 0.23639057576656342 35.62153244018555 0.044250521808862686
43 235100 0.039207279682159424 0.24258214235305786 39.67235565185547 0.02007068693637848
43 235200 0.04628495126962662 0.24564582109451294 38.445556640625 0.019450347870588303
43 235300 0.062477607280015945 0.23904791474342346 34.91167068481445 0.030324138700962067
43 235400 0.06502226740121841 0.243782639503479 35.062591552734375 0.03057553805410862
43 235500 0.045342594385147095 0.24444279074668884 39.451393127441406 0.01995133049786091
43 235600 0.05406207591295242 0.24474570155143738 37.52965545654297 0.02589011937379837
43 235700 0.03514448180794716 0.24523048102855682 39.52699661254883 0.018956458196043968
43 235800 0.0407630018889904 0.2474706470966339 40.615291595458984 0.0207955464720726
44 235900 0.05881212651729584 0.24132362008094788 36.683006286621094 0.024632301181554794
44 236000 0.057148516178131104 0.23903346061706543 36.40961456298828 0.024311915040016174
44 236100 0.033611513674259186 0.2458445131778717 38.51512908935547 0.01935996487736702
44 236200 0.03511260077357292 0.24786782264709473 40.97391128540039 0.016345582902431488
44 236300 0.02669946476817131 0.24732232093811035 42.42934799194336 0.01581529527902603
44 236400 0.04105352237820625 0.24435682594776154 39.91645812988281 0.020340263843536377
44 236500 0.039032988250255585 0.24626050889492035 40.33047103881836 0.02097325772047043
44 236600 0.0423467643558979 0.24196764826774597 37.3095817565918 0.024324283003807068
44 236700 0.042470112442970276 0.2441023886203766 38.626853942871094 0.02707788534462452
44 236800 0.05016946420073509 0.2447829246520996 38.22870635986328 0.022220520302653313
44 236900 0.031900983303785324 0.24671319127082825 41.96076202392578 0.011441506445407867
44 237000 0.03409033641219139 0.24613600969314575 40.51762008666992 0.017136206850409508
44 237100 0.03498012199997902 0.24696585536003113 40.528358459472656 0.012356840074062347
44 237200 0.04866346716880798 0.2449716180562973 39.73215866088867 0.018284926190972328
44 237300 0.038187239319086075 0.24191594123840332 40.34999465942383 0.01875833049416542
44 237400 0.04032064974308014 0.2435387521982193 39.2409782409668 0.02529967948794365
44 237500 0.03135731443762779 0.245096355676651 42.49845886230469 0.021731426939368248
44 237600 0.040507424622774124 0.24555811285972595 40.313865661621094 0.019988762214779854
44 237700 0.039448224008083344 0.24564491212368011 40.7572021484375 0.015546707436442375
44 237800 0.04392526298761368 0.24412745237350464 37.76732635498047 0.020425885915756226
44 237900 0.04890982061624527 0.24139335751533508 37.423606872558594 0.0310857892036438
44 238000 0.041120495647192 0.24371127784252167 38.43718719482422 0.025530725717544556
44 238100 0.04322562366724014 0.24061614274978638 38.70450973510742 0.025386087596416473
44 238200 0.04803473502397537 0.2420828640460968 37.70749282836914 0.02180613949894905
44 238300 0.05260397493839264 0.2385510802268982 37.142276763916016 0.03446297347545624
44 238400 0.036785393953323364 0.24649947881698608 41.22111892700195 0.017858857288956642
44 238500 0.03881652280688286 0.24101759493350983 38.90697479248047 0.023125873878598213
44 238600 0.04885096102952957 0.24526453018188477 38.54216384887695 0.02408384531736374
44 238700 0.04943110793828964 0.2425452023744583 36.6939697265625 0.030445436015725136
44 238800 0.044136155396699905 0.24643611907958984 40.08751678466797 0.016687316820025444
44 238900 0.033377185463905334 0.24580252170562744 42.08590316772461 0.01602235436439514
44 239000 0.04390402510762215 0.2448701560497284 39.405059814453125 0.015166541561484337
44 239100 0.04322678595781326 0.24363651871681213 38.966339111328125 0.025547171011567116
44 239200 0.05340897664427757 0.2416386902332306 36.707275390625 0.03358874097466469
44 239300 0.05224127322435379 0.23886394500732422 37.011993408203125 0.039175521582365036
44 239400 0.05661431699991226 0.24155806005001068 37.0948486328125 0.02579621970653534
44 239500 0.031211556866765022 0.2467709481716156 41.53153991699219 0.012397709302604198
44 239600 0.03603194281458855 0.24154776334762573 39.09961700439453 0.02451801858842373
44 239700 0.03947930037975311 0.2445542961359024 39.178462982177734 0.018447108566761017
44 239800 0.048463623970746994 0.24047866463661194 37.485870361328125 0.02499384433031082
44 239900 0.026780270040035248 0.24718651175498962 43.16946029663086 0.009932068176567554
44 240000 0.04164053499698639 0.24423828721046448 39.20445251464844 0.02595997042953968
44 240100 0.05972806736826897 0.24119681119918823 35.39680862426758 0.037311822175979614
44 240200 0.04266772419214249 0.24407914280891418 40.19148254394531 0.018709741532802582
44 240300 0.04087824374437332 0.24251796305179596 38.47466278076172 0.028371362015604973
44 240400 0.03229907527565956 0.24662181735038757 41.467002868652344 0.01746113784611225
44 240500 0.03829022869467735 0.2453935295343399 41.73550033569336 0.017158521339297295
44 240600 0.04467577487230301 0.24533958733081818 39.25942611694336 0.021201975643634796
44 240700 0.03945712745189667 0.2483454942703247 41.154319763183594 0.016921527683734894
44 240800 0.05438148230314255 0.24293826520442963 37.65066146850586 0.028113698586821556
44 240900 0.03864811360836029 0.24721461534500122 40.29598617553711 0.01690671592950821
44 241000 0.06799360364675522 0.23659317195415497 34.640045166015625 0.037794098258018494
44 241100 0.06009945273399353 0.23954910039901733 35.8192138671875 0.03010886162519455
44 241200 0.04474763572216034 0.241946280002594 37.81910705566406 0.02657282166182995
45 241300 0.033925026655197144 0.24661502242088318 40.21435546875 0.01854381524026394
45 241400 0.04505985975265503 0.24957895278930664 39.16902160644531 0.022016944363713264
45 241500 0.05478719621896744 0.23924246430397034 38.281227111816406 0.02439156174659729
45 241600 0.03161347284913063 0.24657684564590454 42.45597839355469 0.011598646640777588
45 241700 0.060801196843385696 0.23930983245372772 36.258602142333984 0.02935403771698475
45 241800 0.03887074440717697 0.2457055300474167 40.031089782714844 0.01822931319475174
45 241900 0.049635760486125946 0.24239306151866913 37.2232551574707 0.024347588419914246
45 242000 0.05813760310411453 0.23909510672092438 36.63330841064453 0.02883554995059967
45 242100 0.045144643634557724 0.24355077743530273 37.98283386230469 0.025511721149086952
45 242200 0.03715964034199715 0.24562221765518188 40.74304962158203 0.015968985855579376
45 242300 0.0471978634595871 0.24464869499206543 39.41411590576172 0.02050567977130413
45 242400 0.050957828760147095 0.24445879459381104 37.080013275146484 0.0243019238114357
45 242500 0.04412367194890976 0.24502471089363098 39.878089904785156 0.021913617849349976
45 242600 0.040190085768699646 0.2469259351491928 39.22730255126953 0.021010836586356163
45 242700 0.0487874373793602 0.24019485712051392 37.982421875 0.027859417721629143
45 242800 0.050134263932704926 0.24861526489257812 37.65127182006836 0.020671021193265915
45 242900 0.04297393560409546 0.24205610156059265 39.894466400146484 0.033022452145814896
45 243000 0.038343217223882675 0.24674126505851746 40.58019256591797 0.013292798772454262
45 243100 0.050092101097106934 0.240312397480011 37.65251922607422 0.033943820744752884
45 243200 0.036111459136009216 0.24523870646953583 40.21979522705078 0.019410086795687675
45 243300 0.036396536976099014 0.24681979417800903 40.35459518432617 0.015777677297592163
45 243400 0.036583706736564636 0.24635571241378784 40.41994094848633 0.014018584042787552
45 243500 0.04901345819234848 0.24382591247558594 39.05088806152344 0.022500036284327507
45 243600 0.05012638866901398 0.24532538652420044 38.21208953857422 0.020406607538461685
45 243700 0.04075857624411583 0.2405824363231659 39.432533264160156 0.028219344094395638
45 243800 0.05649567395448685 0.2409030795097351 36.186012268066406 0.02371356450021267
45 243900 0.0501522421836853 0.2447792887687683 38.06855010986328 0.022927355021238327
45 244000 0.04489423707127571 0.24516651034355164 39.96953582763672 0.020085131749510765
45 244100 0.04809615761041641 0.24022550880908966 37.349117279052734 0.026312105357646942
45 244200 0.05808183550834656 0.2375904768705368 35.11911392211914 0.03694000467658043
45 244300 0.0484442263841629 0.24755707383155823 38.38481521606445 0.023154228925704956
45 244400 0.04279331862926483 0.24410156905651093 38.5521240234375 0.021410111337900162
45 244500 0.0361495278775692 0.24426546692848206 39.798553466796875 0.025358039885759354
45 244600 0.05609491840004921 0.24175995588302612 36.305091857910156 0.025730030611157417
45 244700 0.047086652368307114 0.24585232138633728 38.56367111206055 0.020434007048606873
45 244800 0.0407596081495285 0.24738410115242004 40.955501556396484 0.019290830940008163
45 244900 0.052545398473739624 0.2399756908416748 37.09522247314453 0.029293907806277275
45 245000 0.03331678360700607 0.24653971195220947 40.840545654296875 0.014473766088485718
45 245100 0.05260009318590164 0.24109874665737152 37.913848876953125 0.020535685122013092
45 245200 0.038208309561014175 0.24543841183185577 38.49127960205078 0.02309206686913967
45 245300 0.03317799046635628 0.2451435923576355 39.963356018066406 0.015758173540234566
45 245400 0.06606873869895935 0.24063140153884888 35.61027526855469 0.02849406749010086
45 245500 0.04164082184433937 0.24552905559539795 40.049110412597656 0.01791352964937687
45 245600 0.0463915690779686 0.24494193494319916 37.97631072998047 0.0239506047219038
45 245700 0.03900640085339546 0.24411365389823914 39.653282165527344 0.02122526429593563
45 245800 0.03681894391775131 0.2459728717803955 41.227054595947266 0.01640050671994686
45 245900 0.030672594904899597 0.2450537085533142 41.48533630371094 0.012301989831030369
45 246000 0.04283267259597778 0.24545438587665558 39.30342483520508 0.019133970141410828
45 246100 0.04633438587188721 0.24609756469726562 38.77020263671875 0.02000710740685463
45 246200 0.03692532330751419 0.24597468972206116 40.70512771606445 0.014992674812674522
45 246300 0.03702891618013382 0.2470846176147461 41.092254638671875 0.01667751371860504
45 246400 0.050008613616228104 0.24347224831581116 38.351619720458984 0.027209777384996414
45 246500 0.05430864170193672 0.2453288435935974 37.31732177734375 0.02517586201429367
45 246600 0.04369504004716873 0.24347934126853943 37.95343017578125 0.02157975547015667
45 246700 0.04405225068330765 0.2463374137878418 38.36708068847656 0.01639600098133087
46 246800 0.03601866215467453 0.24668538570404053 40.097354888916016 0.030747786164283752
46 246900 0.04144078493118286 0.24465738236904144 39.70397186279297 0.01582067832350731
46 247000 0.05948957800865173 0.23983530700206757 36.06702423095703 0.029871441423892975
46 247100 0.040005579590797424 0.2448718398809433 39.472633361816406 0.016850337386131287
46 247200 0.04168562591075897 0.2468058466911316 40.11139678955078 0.018779996782541275
46 247300 0.03672758489847183 0.24562492966651917 39.99953842163086 0.02194347232580185
46 247400 0.03781553730368614 0.24677878618240356 40.56525802612305 0.015777764841914177
46 247500 0.03091205283999443 0.24480363726615906 41.266502380371094 0.014701533131301403
46 247600 0.04685069993138313 0.24270446598529816 36.91349411010742 0.02238023839890957
46 247700 0.04163524508476257 0.24279272556304932 38.99666976928711 0.019711868837475777
46 247800 0.05883844941854477 0.2394111454486847 36.35542297363281 0.03552009537816048
46 247900 0.034886233508586884 0.24474969506263733 40.959228515625 0.01689947210252285
46 248000 0.051637835800647736 0.24205414950847626 37.4144401550293 0.032858993858098984
46 248100 0.051259178668260574 0.24442808330059052 38.04431915283203 0.024862393736839294
46 248200 0.05344132333993912 0.24018311500549316 37.0987548828125 0.03179440647363663
46 248300 0.03171946853399277 0.24647720158100128 42.63268280029297 0.020404130220413208
46 248400 0.03302335366606712 0.2468504160642624 41.203094482421875 0.01799255609512329
46 248500 0.05091910809278488 0.2422589659690857 38.642906188964844 0.027695586904883385
46 248600 0.050488900393247604 0.2479727566242218 39.16423416137695 0.016658032312989235
46 248700 0.04117851331830025 0.2445932924747467 39.68098449707031 0.022578977048397064
46 248800 0.03932545706629753 0.24628344178199768 39.95524597167969 0.025356538593769073
46 248900 0.04434319958090782 0.24219262599945068 38.02992630004883 0.019146664068102837
46 249000 0.04860127717256546 0.24613608419895172 38.38133239746094 0.0221057441085577
46 249100 0.03978344053030014 0.24738779664039612 40.97315979003906 0.014908421784639359
46 249200 0.03446689248085022 0.24760568141937256 41.75693130493164 0.01661895029246807
46 249300 0.0421256348490715 0.24348391592502594 39.045108795166016 0.022416511550545692
46 249400 0.05087308585643768 0.24385187029838562 36.8348388671875 0.023938730359077454
46 249500 0.03298164904117584 0.24855665862560272 42.073665618896484 0.013180251233279705
46 249600 0.03962191194295883 0.24361950159072876 39.30670928955078 0.021167395636439323
46 249700 0.047698043286800385 0.24468731880187988 37.43275451660156 0.020300183445215225
46 249800 0.039222635328769684 0.24588558077812195 40.285491943359375 0.016916973516345024
46 249900 0.044904038310050964 0.24281419813632965 38.46011734008789 0.03310105949640274
46 250000 0.04810640215873718 0.24487319588661194 38.67918014526367 0.018268326297402382
46 250100 0.052496232092380524 0.24111753702163696 37.98198699951172 0.02683856338262558
46 250200 0.05208747833967209 0.23822017014026642 36.07829284667969 0.029810208827257156
46 250300 0.03809552639722824 0.24405686557292938 39.8602409362793 0.024427352473139763
46 250400 0.039497680962085724 0.24530939757823944 40.049766540527344 0.023092227056622505
46 250500 0.04380446672439575 0.2459581345319748 40.29057693481445 0.017926307395100594
46 250600 0.04537203907966614 0.24636223912239075 39.59051513671875 0.017432361841201782
46 250700 0.035571448504924774 0.24645653367042542 41.61676788330078 0.015337585471570492
46 250800 0.04375937953591347 0.24710769951343536 38.99721145629883 0.021919408813118935
46 250900 0.046323731541633606 0.24223603308200836 38.995121002197266 0.023579321801662445
46 251000 0.05045273154973984 0.24172604084014893 37.18109893798828 0.024595841765403748
46 251100 0.046774618327617645 0.2432679831981659 37.948604583740234 0.023292595520615578
46 251200 0.03565865755081177 0.24568766355514526 41.01854705810547 0.018686220049858093
46 251300 0.03751485049724579 0.24594813585281372 39.94021224975586 0.01747283712029457
46 251400 0.04666024446487427 0.24110156297683716 38.33041000366211 0.027694638818502426
46 251500 0.036834657192230225 0.24584415555000305 40.028404235839844 0.017987776547670364
46 251600 0.04268624261021614 0.24095827341079712 38.974266052246094 0.02355511672794819
46 251700 0.04799709841609001 0.2419549822807312 38.84654998779297 0.023907938972115517
46 251800 0.052443504333496094 0.24397492408752441 37.97467041015625 0.028670238330960274
46 251900 0.052499182522296906 0.24062979221343994 37.63803482055664 0.0292051974684
46 252000 0.041551992297172546 0.2450304478406906 39.283180236816406 0.016226734966039658
46 252100 0.04636450484395027 0.24165958166122437 38.3481330871582 0.029778242111206055
46 252200 0.046660467982292175 0.24277472496032715 38.683475494384766 0.02920488454401493
47 252300 0.0472789965569973 0.24288028478622437 37.52472686767578 0.02748546563088894
47 252400 0.05923715978860855 0.2420223355293274 36.326080322265625 0.029387740418314934
47 252500 0.04783054441213608 0.2432459592819214 38.56338119506836 0.022224102169275284
47 252600 0.04326768219470978 0.2438773214817047 39.16990661621094 0.018945135176181793
47 252700 0.039868902415037155 0.24703893065452576 41.10271453857422 0.017117176204919815
47 252800 0.04688968136906624 0.24106575548648834 36.917415618896484 0.024496406316757202
47 252900 0.048997290432453156 0.2416546642780304 36.389678955078125 0.0293431356549263
47 253000 0.035979222506284714 0.24703797698020935 40.6365852355957 0.01438236515969038
47 253100 0.045816246420145035 0.2431010901927948 39.223876953125 0.018956366926431656
47 253200 0.05085774511098862 0.24865125119686127 38.30326843261719 0.023760424926877022
47 253300 0.06171002984046936 0.2424371838569641 36.38822937011719 0.03152651712298393
47 253400 0.048877257853746414 0.24333390593528748 37.67538070678711 0.019508907571434975
47 253500 0.03045003116130829 0.24829676747322083 42.61449432373047 0.014327296055853367
47 253600 0.04398036003112793 0.24505923688411713 39.42182159423828 0.01788749173283577
47 253700 0.0359380729496479 0.24613049626350403 39.74236297607422 0.016249362379312515
47 253800 0.02509581670165062 0.24786514043807983 42.860713958740234 0.01485845074057579
47 253900 0.044690005481243134 0.24538543820381165 39.00010681152344 0.017024066299200058
47 254000 0.047703973948955536 0.24338987469673157 38.329795837402344 0.029972145333886147
47 254100 0.042207181453704834 0.24605706334114075 39.3759765625 0.020421180874109268
47 254200 0.048083774745464325 0.24219855666160583 37.38051223754883 0.02975199557840824
47 254300 0.05465402454137802 0.24214386940002441 35.396827697753906 0.03217895328998566
47 254400 0.04716880992054939 0.2415463924407959 38.00019836425781 0.02525593899190426
47 254500 0.05722308158874512 0.2416977435350418 36.876277923583984 0.02860247902572155
47 254600 0.043971024453639984 0.24419331550598145 38.630958557128906 0.020435653626918793
47 254700 0.03371574729681015 0.24670849740505219 41.373291015625 0.018017711117863655
47 254800 0.03146664798259735 0.2468629777431488 42.23357009887695 0.019546767696738243
47 254900 0.04507648944854736 0.243097186088562 37.6166877746582 0.020551176741719246
47 255000 0.0464840792119503 0.24287080764770508 38.134281158447266 0.02355634793639183
47 255100 0.0413966067135334 0.24490690231323242 37.782135009765625 0.026445219293236732
47 255200 0.05171941593289375 0.24228347837924957 36.50448989868164 0.02365752123296261
47 255300 0.051621876657009125 0.24233603477478027 37.47924041748047 0.024842068552970886
47 255400 0.05120580643415451 0.2415747046470642 35.93659973144531 0.02942914515733719
47 255500 0.04013334959745407 0.24587836861610413 39.47566223144531 0.014445621520280838
47 255600 0.044559940695762634 0.24617153406143188 39.70112609863281 0.0163628738373518
47 255700 0.035398535430431366 0.24312785267829895 40.33948516845703 0.017651647329330444
47 255800 0.046187348663806915 0.2414085417985916 38.03512191772461 0.023859968408942223
47 255900 0.05421530455350876 0.24696779251098633 38.289520263671875 0.016001658514142036
47 256000 0.04130139574408531 0.24287329614162445 38.638519287109375 0.02087525464594364
47 256100 0.05122663825750351 0.2392895519733429 36.58745193481445 0.03036535531282425
47 256200 0.03904260694980621 0.24737995862960815 39.98347854614258 0.0175516065210104
47 256300 0.04700831323862076 0.245163232088089 38.00126266479492 0.020423665642738342
47 256400 0.045506883412599564 0.2403169423341751 37.93534851074219 0.02902342937886715
47 256500 0.05529094114899635 0.2377559244632721 35.154701232910156 0.04130500927567482
47 256600 0.05695532634854317 0.24057330191135406 36.581321716308594 0.026450658217072487
47 256700 0.04422881454229355 0.2411598265171051 39.13228225708008 0.024607418105006218
47 256800 0.058745257556438446 0.2404509335756302 35.10957336425781 0.026529673486948013
47 256900 0.050630323588848114 0.24093443155288696 38.084815979003906 0.03103805147111416
47 257000 0.05055717006325722 0.2433857023715973 37.67527389526367 0.02935945987701416
47 257100 0.04339085891842842 0.24658668041229248 39.380279541015625 0.01687171496450901
47 257200 0.030662063509225845 0.2462477684020996 42.22483444213867 0.015716880559921265
47 257300 0.05469879135489464 0.2446567714214325 37.18686294555664 0.03125135973095894
47 257400 0.0440191812813282 0.24455946683883667 39.306941986083984 0.023322129622101784
47 257500 0.05153968185186386 0.24363256990909576 37.15608215332031 0.026616081595420837
47 257600 0.04700527340173721 0.24531814455986023 38.11054992675781 0.02788734808564186
47 257700 0.04636915773153305 0.24490979313850403 38.505775451660156 0.027889396995306015
48 257800 0.03796974569559097 0.2458353489637375 39.0997428894043 0.017237219959497452
48 257900 0.05423775315284729 0.24203282594680786 37.297576904296875 0.024830114096403122
48 258000 0.032729633152484894 0.24828004837036133 42.23939514160156 0.014232386834919453
48 258100 0.051125675439834595 0.24517950415611267 38.684207916259766 0.018284182995557785
48 258200 0.060012251138687134 0.24394574761390686 36.60779571533203 0.025798317044973373
48 258300 0.03835850954055786 0.24557897448539734 39.728755950927734 0.02540954016149044
48 258400 0.038983628153800964 0.24814701080322266 41.09980010986328 0.014961234293878078
48 258500 0.04882112145423889 0.24188074469566345 37.69355392456055 0.023693915456533432
48 258600 0.03365526348352432 0.24487677216529846 41.322669982910156 0.013833634555339813
48 258700 0.06820999085903168 0.23922759294509888 33.19255065917969 0.03743627667427063
48 258800 0.059107422828674316 0.24253085255622864 36.196571350097656 0.022330624982714653
48 258900 0.03211313858628273 0.2465716153383255 42.05135726928711 0.012084383517503738
48 259000 0.037415407598018646 0.24555999040603638 40.17205810546875 0.026065768674016
48 259100 0.05493590980768204 0.2348293662071228 35.76209259033203 0.028992723673582077
48 259200 0.041255004703998566 0.2445644736289978 38.83613967895508 0.019283704459667206
48 259300 0.04824269935488701 0.24279609322547913 39.44367599487305 0.016115864738821983
48 259400 0.055886946618556976 0.2349727749824524 36.58039855957031 0.04641234502196312
48 259500 0.03847812861204147 0.24654442071914673 40.37889099121094 0.02039160393178463
48 259600 0.05898100882768631 0.24042558670043945 36.97846984863281 0.02218894474208355
48 259700 0.07351507246494293 0.2384251058101654 35.35910415649414 0.030145373195409775
48 259800 0.03508620336651802 0.24534158408641815 40.67582321166992 0.023223675787448883
48 259900 0.035636380314826965 0.24482959508895874 41.121280670166016 0.01795029640197754
48 260000 0.03765730559825897 0.24782061576843262 41.31804656982422 0.014298124238848686
48 260100 0.05326482653617859 0.23918768763542175 38.276912689208984 0.021642928943037987
48 260200 0.04596034064888954 0.2412324845790863 38.08799362182617 0.025530455633997917
48 260300 0.04084945470094681 0.24565093219280243 38.111846923828125 0.02272246591746807
48 260400 0.04441934823989868 0.24727290868759155 38.12256622314453 0.02145310677587986
48 260500 0.04127524793148041 0.24559231102466583 40.24189376831055 0.01339719258248806
48 260600 0.04502429813146591 0.2417125403881073 38.298187255859375 0.02495691366493702
48 260700 0.04711632803082466 0.2450529932975769 37.58696365356445 0.01935511641204357
48 260800 0.04115837439894676 0.2442142367362976 39.8039665222168 0.024845343083143234
48 260900 0.04816354811191559 0.24279864132404327 37.87858963012695 0.02510763891041279
48 261000 0.037416815757751465 0.24795475602149963 40.05472183227539 0.019758757203817368
48 261100 0.03304590284824371 0.2467043697834015 41.69280242919922 0.020017854869365692
48 261200 0.03860314562916756 0.24793106317520142 41.3896484375 0.015994619578123093
48 261300 0.039203472435474396 0.24356673657894135 40.4527702331543 0.01927725225687027
48 261400 0.03538145869970322 0.2466011941432953 41.28365707397461 0.019761398434638977
48 261500 0.03750288113951683 0.24713072180747986 39.824867248535156 0.018637733533978462
48 261600 0.04400619491934776 0.24275942146778107 38.86772155761719 0.02605181559920311
48 261700 0.047109346836805344 0.2438822090625763 37.85227584838867 0.028972266241908073
48 261800 0.0314875990152359 0.24855360388755798 43.22719955444336 0.012728600762784481
48 261900 0.04000062867999077 0.24569788575172424 40.96167755126953 0.019141586497426033
48 262000 0.049019452184438705 0.24358171224594116 37.53108215332031 0.022978462278842926
48 262100 0.041625138372182846 0.24532602727413177 40.37018585205078 0.021673033013939857
48 262200 0.04905520752072334 0.24061858654022217 38.10554885864258 0.02826661802828312
48 262300 0.040662698447704315 0.244545578956604 40.385643005371094 0.020685331895947456
48 262400 0.0381789356470108 0.2440277636051178 39.72539138793945 0.019439207389950752
48 262500 0.051900193095207214 0.2426045536994934 37.827857971191406 0.02397284470498562
48 262600 0.03641413897275925 0.24610808491706848 40.392669677734375 0.011431027203798294
48 262700 0.03582099452614784 0.24693211913108826 40.62819290161133 0.013173405081033707
48 262800 0.04915941506624222 0.23898138105869293 38.19767379760742 0.03335922211408615
48 262900 0.04975225776433945 0.24648211896419525 38.29230499267578 0.017633182927966118
48 263000 0.050305385142564774 0.24553407728672028 37.61939239501953 0.027213741093873978
48 263100 0.05554474517703056 0.24030722677707672 35.963417053222656 0.03997624292969704
48 263200 0.04323580861091614 0.2419099509716034 38.52846145629883 0.021044788882136345
49 263300 0.04935857281088829 0.23776930570602417 37.24714279174805 0.02672567404806614
49 263400 0.045313041657209396 0.24504952132701874 39.31498336791992 0.015303369611501694
49 263500 0.032588932663202286 0.24546238780021667 41.08635711669922 0.016101406887173653
49 263600 0.04308070242404938 0.24260351061820984 38.62922668457031 0.022264018654823303
49 263700 0.03528003767132759 0.24401138722896576 39.362361907958984 0.020844202488660812
49 263800 0.0441591702401638 0.24427233636379242 38.99845886230469 0.021732263267040253
49 263900 0.053235288709402084 0.24219200015068054 37.19664001464844 0.03276939317584038
49 264000 0.0469924733042717 0.24438022077083588 38.35174560546875 0.024736721068620682
49 264100 0.0329965241253376 0.24750635027885437 41.29289627075195 0.014291677623987198
49 264200 0.052033182233572006 0.2433069944381714 37.50584030151367 0.031646616756916046
49 264300 0.05378216877579689 0.23814795911312103 36.97128677368164 0.023540213704109192
49 264400 0.047606803476810455 0.2478874772787094 38.95066833496094 0.01999303512275219
49 264500 0.029085949063301086 0.24608376622200012 42.80513381958008 0.013022652827203274
49 264600 0.04318028688430786 0.23934733867645264 38.986000061035156 0.03156188130378723
49 264700 0.04071124643087387 0.24629980325698853 38.610809326171875 0.014543196186423302
49 264800 0.034711793065071106 0.2456960678100586 40.13968276977539 0.014798899181187153
49 264900 0.04234630614519119 0.24565085768699646 39.79555892944336 0.015056001022458076
49 265000 0.03308805823326111 0.2430909126996994 40.36237335205078 0.02082059718668461
49 265100 0.05235542356967926 0.24220873415470123 37.06126022338867 0.021492261439561844
49 265200 0.0568341389298439 0.24272000789642334 36.87142562866211 0.027131885290145874
49 265300 0.03510480001568794 0.24816745519638062 41.229061126708984 0.012433996424078941
49 265400 0.0407106913626194 0.2468898743391037 40.17706298828125 0.014172333292663097
49 265500 0.05288967117667198 0.24148689210414886 37.1892204284668 0.01779596507549286
49 265600 0.041494786739349365 0.2459842562675476 40.325199127197266 0.01783180795609951
49 265700 0.03169608861207962 0.24439260363578796 40.61564254760742 0.021674025803804398
49 265800 0.03999454900622368 0.2463008165359497 40.83343505859375 0.019022546708583832
49 265900 0.03875688463449478 0.24483554065227509 40.244873046875 0.015484979376196861
49 266000 0.03808378055691719 0.24937616288661957 41.08268737792969 0.01667611487209797
49 266100 0.05700959637761116 0.24006488919258118 37.262298583984375 0.028937669470906258
49 266200 0.04232281818985939 0.2459680438041687 39.98609924316406 0.02170310914516449
49 266300 0.04927629232406616 0.2461990863084793 38.61101150512695 0.013236773200333118
49 266400 0.05125730112195015 0.24272872507572174 37.01860046386719 0.028948919847607613
49 266500 0.042736802250146866 0.24468189477920532 40.35233688354492 0.015328369103372097
49 266600 0.06064077466726303 0.24078701436519623 35.15727996826172 0.03030446544289589
49 266700 0.045061144977808 0.24335190653800964 38.229820251464844 0.021394645795226097
49 266800 0.05377998575568199 0.23783858120441437 35.674034118652344 0.03257869929075241
49 266900 0.04781785607337952 0.2371562123298645 36.6583137512207 0.043322499841451645
49 267000 0.057874031364917755 0.24060183763504028 36.608890533447266 0.03643651679158211
49 267100 0.05750751495361328 0.23974713683128357 34.50234603881836 0.04513831436634064
49 267200 0.030929982662200928 0.24674086272716522 42.049800872802734 0.013646152801811695
49 267300 0.04031814634799957 0.24380868673324585 40.030128479003906 0.018062656745314598
49 267400 0.04281209409236908 0.2454119622707367 40.36614990234375 0.02063271775841713
49 267500 0.03396181762218475 0.2501508593559265 42.36940002441406 0.016690080985426903
49 267600 0.04207942634820938 0.2440553903579712 39.435829162597656 0.023508744314312935
49 267700 0.04647742211818695 0.23931512236595154 37.24571990966797 0.02578681707382202
49 267800 0.039275798946619034 0.24467593431472778 38.516300201416016 0.021702326834201813
49 267900 0.04787174239754677 0.24259014427661896 38.614013671875 0.02454317919909954
49 268000 0.04389135539531708 0.2445942759513855 39.230873107910156 0.01812133379280567
49 268100 0.03068944811820984 0.24801760911941528 41.769962310791016 0.015552107244729996
49 268200 0.02942483499646187 0.24730804562568665 41.125980377197266 0.01726454682648182
49 268300 0.03660718351602554 0.2462792992591858 40.364322662353516 0.016988947987556458
49 268400 0.0436706617474556 0.2406669557094574 37.49730682373047 0.027189629152417183
49 268500 0.043826401233673096 0.2460116744041443 39.14834213256836 0.01910138875246048
49 268600 0.05141172558069229 0.2426217794418335 37.92982482910156 0.026180325075984
49 268700 0.020150186493992805 0.24875056743621826 44.803070068359375 0.011211017146706581
50 268800 0.04937443882226944 0.23842737078666687 37.372581481933594 0.030019905418157578
50 268900 0.0572417713701725 0.24068650603294373 35.616432189941406 0.03558595851063728
50 269000 0.05031348019838333 0.24847182631492615 38.73307800292969 0.01539610419422388
50 269100 0.028872918337583542 0.24785709381103516 42.881370544433594 0.014959005638957024
50 269200 0.0436783991754055 0.24507266283035278 39.70089340209961 0.02379000559449196
50 269300 0.04046875610947609 0.24605417251586914 39.26459503173828 0.017990343272686005
50 269400 0.05247581750154495 0.2444181591272354 36.374637603759766 0.03068016842007637
50 269500 0.054251305758953094 0.24154001474380493 36.79551315307617 0.024334730580449104
50 269600 0.04214881360530853 0.240379199385643 37.726654052734375 0.027171067893505096
50 269700 0.045970264822244644 0.2443879097700119 38.843467712402344 0.03793393075466156
50 269800 0.03656808286905289 0.2458176165819168 40.70064163208008 0.024709992110729218
50 269900 0.0295693539083004 0.2470157891511917 41.42863845825195 0.01835138350725174
50 270000 0.040491439402103424 0.2447594851255417 40.27727127075195 0.026667430996894836
50 270100 0.033159688115119934 0.2440536469221115 39.90184020996094 0.025165056809782982
50 270200 0.06713493913412094 0.2395908087491989 35.756954193115234 0.025039486587047577
50 270300 0.03284880518913269 0.24856218695640564 41.512142181396484 0.011192429810762405
50 270400 0.03226239234209061 0.2431054264307022 40.71659469604492 0.019399017095565796
50 270500 0.04591895639896393 0.24018985033035278 37.82434844970703 0.022626152262091637
50 270600 0.05090930685400963 0.24314673244953156 37.59769821166992 0.021629339084029198
50 270700 0.037144437432289124 0.24700872600078583 40.25266647338867 0.01784004271030426
50 270800 0.04015667736530304 0.24584779143333435 39.880279541015625 0.0178025234490633
50 270900 0.046276405453681946 0.24335834383964539 39.040557861328125 0.02514723129570484
50 271000 0.04055030271410942 0.2405320405960083 39.14088821411133 0.02062506601214409
50 271100 0.04555445909500122 0.245191752910614 38.28606033325195 0.028886493295431137
50 271200 0.038163039833307266 0.24740467965602875 39.393646240234375 0.02675226517021656
50 271300 0.021867383271455765 0.24810808897018433 44.426124572753906 0.014704574830830097
50 271400 0.05393891781568527 0.2381386160850525 37.72279357910156 0.03155709058046341
50 271500 0.03272774815559387 0.24758334457874298 41.64104461669922 0.014717841520905495
50 271600 0.0393056645989418 0.24460050463676453 40.41338348388672 0.019280750304460526
50 271700 0.04756886512041092 0.24219509959220886 37.048583984375 0.030415084213018417
50 271800 0.05001775920391083 0.24297913908958435 37.509639739990234 0.02324821427464485
50 271900 0.04452231526374817 0.24464526772499084 40.122535705566406 0.016859805211424828
50 272000 0.04001966491341591 0.2482752799987793 40.98340606689453 0.013701517134904861
50 272100 0.050048358738422394 0.24831746518611908 39.08757019042969 0.022868219763040543
50 272200 0.03402141481637955 0.24678155779838562 40.81610870361328 0.020685618743300438
50 272300 0.037467941641807556 0.2460906207561493 40.20343780517578 0.016157682985067368
50 272400 0.055217429995536804 0.2463987171649933 36.99272537231445 0.02288469672203064
50 272500 0.05701063573360443 0.2392846643924713 37.00968551635742 0.02698025293648243
50 272600 0.044386126101017 0.24494792520999908 37.064483642578125 0.032468438148498535
50 272700 0.04617837816476822 0.24322925508022308 37.72359848022461 0.031346794217824936
50 272800 0.03521870821714401 0.24668961763381958 38.750728607177734 0.0137197095900774
50 272900 0.039074160158634186 0.2459084689617157 40.19990539550781 0.02278123050928116
50 273000 0.04919718578457832 0.24068112671375275 37.36297607421875 0.02643410675227642
50 273100 0.032024309039115906 0.24991770088672638 43.478946685791016 0.012926096096634865
50 273200 0.04578089341521263 0.23897799849510193 38.368534088134766 0.024530362337827682
50 273300 0.037190940231084824 0.2452922761440277 40.03896713256836 0.014365429989993572
50 273400 0.043266411870718 0.24767766892910004 40.39521408081055 0.01622674986720085
50 273500 0.054445598274469376 0.24864089488983154 38.53458023071289 0.02432432398200035
50 273600 0.04034651070833206 0.24508386850357056 39.530025482177734 0.019670119509100914
50 273700 0.03940246254205704 0.24712981283664703 40.17325973510742 0.016023414209485054
50 273800 0.03937513381242752 0.247340589761734 40.435401916503906 0.017292296513915062
50 273900 0.03109206259250641 0.24590687453746796 41.73777389526367 0.01763206347823143
50 274000 0.04571881890296936 0.2452019453048706 38.51697540283203 0.021560803055763245
50 274100 0.049448996782302856 0.2447558045387268 35.58194351196289 0.024508148431777954
50 274200 0.04310544580221176 0.23911674320697784 38.74403381347656 0.022303754463791847
51 274300 0.04915906488895416 0.24077630043029785 37.788516998291016 0.01853271573781967
51 274400 0.03829974681138992 0.24883070588111877 42.28693771362305 0.013340686447918415
51 274500 0.03870077431201935 0.2422981858253479 39.30524444580078 0.023856371641159058
51 274600 0.036640867590904236 0.2451302856206894 39.56126403808594 0.019489238038659096
51 274700 0.050558023154735565 0.24316897988319397 37.99519348144531 0.02980557456612587
51 274800 0.0407879501581192 0.24532482028007507 39.808860778808594 0.013442223891615868
51 274900 0.06601279228925705 0.24048680067062378 35.8058967590332 0.025721684098243713
51 275000 0.0464710034430027 0.24387480318546295 37.96641159057617 0.022604703903198242
51 275100 0.050083745270967484 0.23923902213573456 38.1172981262207 0.02677394449710846
51 275200 0.049230627715587616 0.24125877022743225 37.846553802490234 0.04008336737751961
51 275300 0.04761705547571182 0.2426927238702774 38.14005661010742 0.027413247153162956
51 275400 0.05189407244324684 0.23852287232875824 37.03351974487305 0.030141556635499
51 275500 0.053954727947711945 0.24032118916511536 36.510833740234375 0.03320896252989769
51 275600 0.029857978224754333 0.24697327613830566 42.64834213256836 0.012610675767064095
51 275700 0.03655301779508591 0.24741248786449432 41.482940673828125 0.011863738298416138
51 275800 0.03933212161064148 0.2460060715675354 39.920677185058594 0.016472775489091873
51 275900 0.03847946226596832 0.24467861652374268 41.14793014526367 0.01777021586894989
51 276000 0.04385852441191673 0.245210200548172 39.717124938964844 0.02108515426516533
51 276100 0.04636994004249573 0.23884694278240204 38.490760803222656 0.023233331739902496
51 276200 0.044206272810697556 0.24812325835227966 39.66810607910156 0.014318123459815979
51 276300 0.03444652259349823 0.24635183811187744 39.75566864013672 0.012768165208399296
51 276400 0.065227210521698 0.2349221408367157 34.28132247924805 0.033319924026727676
51 276500 0.040625788271427155 0.24412448704242706 38.82774353027344 0.023164641112089157
51 276600 0.039663106203079224 0.24081745743751526 38.9539680480957 0.02519274316728115
51 276700 0.04115329682826996 0.2440289556980133 39.28074264526367 0.031544651836156845
51 276800 0.04197375103831291 0.24385330080986023 38.94769287109375 0.02230505645275116
51 276900 0.03197381645441055 0.2472143918275833 40.48229217529297 0.017768271267414093
51 277000 0.039328332990407944 0.24401316046714783 38.73388671875 0.02266976237297058
51 277100 0.05491897836327553 0.2435632199048996 37.60923767089844 0.021094515919685364
51 277200 0.03890199214220047 0.24402287602424622 40.10409164428711 0.019878150895237923
51 277300 0.03375306725502014 0.24559538066387177 41.71358871459961 0.021190794184803963
51 277400 0.04655200242996216 0.24666693806648254 38.32164001464844 0.022479712963104248
51 277500 0.055371321737766266 0.23902752995491028 36.72636032104492 0.03104657121002674
51 277600 0.046106524765491486 0.24385374784469604 38.101051330566406 0.024704590439796448
51 277700 0.04115871340036392 0.24638822674751282 39.791770935058594 0.015043704770505428
51 277800 0.040052324533462524 0.24418050050735474 39.43101119995117 0.02023627609014511
51 277900 0.045079756528139114 0.2414214015007019 38.242645263671875 0.024014219641685486
51 278000 0.03181881830096245 0.24601440131664276 41.36338424682617 0.020363692194223404
51 278100 0.047266893088817596 0.24518108367919922 38.66181945800781 0.02203461155295372
51 278200 0.03305860981345177 0.24905523657798767 40.42076873779297 0.020952578634023666
51 278300 0.06950432807207108 0.24498969316482544 34.42347717285156 0.040996067225933075
51 278400 0.030231110751628876 0.24664655327796936 42.45543670654297 0.01721242442727089
51 278500 0.04011674225330353 0.24262872338294983 39.00004577636719 0.02274254523217678
51 278600 0.041508279740810394 0.23954376578330994 38.935768127441406 0.025903839617967606
51 278700 0.032808758318424225 0.24622023105621338 41.23262023925781 0.02034478820860386
51 278800 0.04283168539404869 0.24550482630729675 39.628292083740234 0.02812536060810089
51 278900 0.03844726085662842 0.24402755498886108 40.94789123535156 0.024329442530870438
51 279000 0.05595530569553375 0.2378123700618744 35.5869140625 0.03780195862054825
51 279100 0.05842127650976181 0.24070245027542114 35.99522399902344 0.03405022621154785
51 279200 0.035629674792289734 0.24418726563453674 40.80965042114258 0.026716360822319984
51 279300 0.04530274122953415 0.24441903829574585 39.32989501953125 0.022288475185632706
51 279400 0.05829174071550369 0.24408350884914398 37.185543060302734 0.022363947704434395
51 279500 0.03183827921748161 0.24751901626586914 41.501991271972656 0.013040680438280106
51 279600 0.03572986647486687 0.2445346713066101 41.347557067871094 0.016151918098330498
52 279700 0.039466626942157745 0.24555999040603638 39.75529479980469 0.02200932614505291
52 279800 0.04394058883190155 0.24291588366031647 39.75813674926758 0.02674201875925064
52 279900 0.039020732045173645 0.24458584189414978 38.24782180786133 0.028589440509676933
52 280000 0.04013301804661751 0.24523213505744934 38.86904525756836 0.021363312378525734
52 280100 0.03859969973564148 0.24422642588615417 39.10139083862305 0.024443896487355232
52 280200 0.046983905136585236 0.23817181587219238 37.87088394165039 0.03401714935898781
52 280300 0.045788828283548355 0.24518471956253052 38.301368713378906 0.023802129551768303
52 280400 0.043923456221818924 0.2453986257314682 39.03166961669922 0.021074822172522545
52 280500 0.035413239151239395 0.2467770129442215 40.96036148071289 0.019629284739494324
52 280600 0.050876080989837646 0.24458244442939758 38.261863708496094 0.02277766726911068
52 280700 0.038075029850006104 0.2448330521583557 40.64773178100586 0.017387064173817635
52 280800 0.046483736485242844 0.2423037588596344 38.30776596069336 0.027144284918904305
52 280900 0.040709421038627625 0.2426903247833252 38.184391021728516 0.02161768451333046
52 281000 0.059797294437885284 0.23899021744728088 35.72186279296875 0.025931894779205322
52 281100 0.04545706510543823 0.2397119402885437 36.677093505859375 0.031013017520308495
52 281200 0.039472829550504684 0.24355420470237732 39.96836853027344 0.018684161826968193
52 281300 0.05401551350951195 0.24514713883399963 36.88255310058594 0.03080863691866398
52 281400 0.037176407873630524 0.24366483092308044 40.3140869140625 0.01930469088256359
52 281500 0.04321783035993576 0.24236568808555603 38.89927291870117 0.02472301758825779
52 281600 0.03909056633710861 0.24535396695137024 39.2266960144043 0.017239755019545555
52 281700 0.03513846546411514 0.24715468287467957 40.24739074707031 0.01709621772170067
52 281800 0.04593043774366379 0.24358056485652924 38.23103713989258 0.017990611493587494
52 281900 0.06762900203466415 0.23146098852157593 34.19371032714844 0.03952200710773468
52 282000 0.031077224761247635 0.2456873059272766 40.72650909423828 0.01623542048037052
52 282100 0.054922234266996384 0.24145172536373138 37.76696014404297 0.02300919219851494
52 282200 0.037674907594919205 0.24768885970115662 39.65003204345703 0.02081288956105709
52 282300 0.033999182283878326 0.2536630630493164 41.51237106323242 0.012425053864717484
52 282400 0.029350169003009796 0.24579428136348724 42.402992248535156 0.015287063084542751
52 282500 0.030536267906427383 0.248942568898201 40.80740737915039 0.017636138945817947
52 282600 0.04812286049127579 0.24244040250778198 38.36399841308594 0.029694484546780586
52 282700 0.037552107125520706 0.24750357866287231 40.7423210144043 0.013360017910599709
52 282800 0.0380886010825634 0.24609136581420898 39.803123474121094 0.025831138715147972
52 282900 0.035115137696266174 0.24896825850009918 40.796592712402344 0.018985949456691742
52 283000 0.05355256050825119 0.2475815713405609 38.887428283691406 0.020695017650723457
52 283100 0.03727128729224205 0.24670901894569397 41.032997131347656 0.01732851192355156
52 283200 0.0502798855304718 0.23655979335308075 37.0197868347168 0.029720505699515343
52 283300 0.05189339071512222 0.24361920356750488 38.065757751464844 0.021775560453534126
52 283400 0.034850314259529114 0.24409259855747223 40.591861724853516 0.01687070168554783
52 283500 0.04893920198082924 0.24119675159454346 37.77631759643555 0.029538536444306374
52 283600 0.03171124681830406 0.24852046370506287 42.590538024902344 0.013823546469211578
52 283700 0.036339495331048965 0.24647480249404907 41.59204864501953 0.017819996923208237
52 283800 0.036983296275138855 0.24530315399169922 40.705387115478516 0.021745046600699425
52 283900 0.05413518473505974 0.24292686581611633 37.058963775634766 0.025911709293723106
52 284000 0.05040073022246361 0.2404927909374237 36.55821228027344 0.030529199168086052
52 284100 0.04071510583162308 0.24007776379585266 39.33312225341797 0.02799782156944275
52 284200 0.049950845539569855 0.2418908178806305 37.850772857666016 0.03342961147427559
52 284300 0.04114701598882675 0.24702276289463043 40.49345397949219 0.019642040133476257
52 284400 0.04281177371740341 0.2491474449634552 39.02143096923828 0.019664697349071503
52 284500 0.033553346991539 0.24821025133132935 41.49454879760742 0.015253609977662563
52 284600 0.04428783431649208 0.2436588704586029 39.510799407958984 0.02580106444656849
52 284700 0.03784346580505371 0.24583852291107178 39.18467712402344 0.019231615588068962
52 284800 0.05561153590679169 0.24283960461616516 37.73728561401367 0.022170165553689003
52 284900 0.03874488174915314 0.2479560673236847 40.944435119628906 0.023232607170939445
52 285000 0.038864731788635254 0.24475055932998657 39.10913848876953 0.02326390892267227
52 285100 0.06597989052534103 0.23870424926280975 34.30173873901367 0.03644605353474617
53 285200 0.043000221252441406 0.2441144585609436 39.254913330078125 0.017315922304987907
53 285300 0.05148153007030487 0.24247433245182037 37.81525421142578 0.026020662859082222
53 285400 0.0427432544529438 0.24491143226623535 39.0453987121582 0.024708235636353493
53 285500 0.05244088172912598 0.24200761318206787 36.3009147644043 0.031608253717422485
53 285600 0.03467678278684616 0.2506365180015564 42.7421875 0.013101163320243359
53 285700 0.040456585586071014 0.24288447201251984 38.19493103027344 0.026751644909381866
53 285800 0.030824359506368637 0.24780000746250153 42.898956298828125 0.010645889677107334
53 285900 0.04870838671922684 0.24493952095508575 38.32966995239258 0.02228764072060585
53 286000 0.046913616359233856 0.2448652982711792 38.05992889404297 0.020479943603277206
53 286100 0.032085761427879333 0.2471235990524292 41.961891174316406 0.012568620964884758
53 286200 0.03816618770360947 0.24617651104927063 40.445762634277344 0.018279941752552986
53 286300 0.02709311991930008 0.2480577975511551 44.177520751953125 0.013621663674712181
53 286400 0.044833678752183914 0.24076423048973083 38.45013427734375 0.025762435048818588
53 286500 0.03998798131942749 0.24617715179920197 38.740196228027344 0.022589871659874916
53 286600 0.037990398705005646 0.2449098527431488 40.25628662109375 0.017885645851492882
53 286700 0.03734775260090828 0.24352341890335083 38.83702850341797 0.026627888903021812
53 286800 0.0506446436047554 0.24125957489013672 37.19599914550781 0.025694187730550766
53 286900 0.03143399581313133 0.24923989176750183 42.23677062988281 0.011534221470355988
53 287000 0.04820685088634491 0.24031603336334229 37.55527114868164 0.025651337578892708
53 287100 0.04652341082692146 0.24260105192661285 38.4926872253418 0.02277073822915554
53 287200 0.0317172035574913 0.24802865087985992 42.06791687011719 0.014935562387108803
53 287300 0.049521155655384064 0.24516268074512482 38.0690803527832 0.015745243057608604
53 287400 0.043963488191366196 0.24286198616027832 38.43281555175781 0.03257089480757713
53 287500 0.06022680550813675 0.24345606565475464 36.634315490722656 0.02294071577489376
53 287600 0.03487072139978409 0.2435269057750702 38.25189971923828 0.025092817842960358
53 287700 0.05749237537384033 0.24002324044704437 36.27986145019531 0.03475887328386307
53 287800 0.05366549640893936 0.24313277006149292 37.193851470947266 0.024913158267736435
53 287900 0.041766323149204254 0.2456965148448944 38.76483917236328 0.01903465948998928
53 288000 0.03247765451669693 0.2455700933933258 41.70851135253906 0.014328692108392715
53 288100 0.043679378926754 0.24277794361114502 39.26734161376953 0.02849988266825676
53 288200 0.04631444811820984 0.242143452167511 38.96186828613281 0.023308314383029938
53 288300 0.03127409145236015 0.24763965606689453 40.87569046020508 0.013795050792396069
53 288400 0.03402950242161751 0.24646860361099243 40.96294403076172 0.014407281763851643
53 288500 0.03592236712574959 0.24606561660766602 40.57073211669922 0.017245475202798843
53 288600 0.029373586177825928 0.24839717149734497 42.541358947753906 0.01464503351598978
53 288700 0.04596049338579178 0.24487271904945374 39.726173400878906 0.02158629335463047
53 288800 0.05260716751217842 0.24322691559791565 36.121971130371094 0.029019374400377274
53 288900 0.05015023052692413 0.23916994035243988 36.894126892089844 0.01798500120639801
53 289000 0.040592972189188004 0.2468961775302887 40.58081817626953 0.02763698250055313
53 289100 0.038132838904857635 0.24430835247039795 39.74437713623047 0.016637111082673073
53 289200 0.047463610768318176 0.2417084276676178 37.25244140625 0.02168869599699974
53 289300 0.037072665989398956 0.24448204040527344 39.33086013793945 0.022795073688030243
53 289400 0.05459264665842056 0.24505648016929626 37.55500030517578 0.021533912047743797
53 289500 0.0510738305747509 0.24316301941871643 37.5460205078125 0.02598312869668007
53 289600 0.05154077708721161 0.24119606614112854 36.73069763183594 0.035804204642772675
53 289700 0.039811380207538605 0.24581322073936462 39.756935119628906 0.016423113644123077
53 289800 0.051827266812324524 0.25098907947540283 36.27151107788086 0.019580893218517303
53 289900 0.05916782468557358 0.24466440081596375 35.281402587890625 0.024626219645142555
53 290000 0.04050781577825546 0.24498221278190613 39.40757751464844 0.01972293108701706
53 290100 0.05251483619213104 0.24629437923431396 37.33212661743164 0.02191152237355709
53 290200 0.0363505557179451 0.24481338262557983 38.281394958496094 0.017736366018652916
53 290300 0.04432157799601555 0.24229153990745544 38.482269287109375 0.0196263138204813
53 290400 0.0449448898434639 0.24444329738616943 38.76789855957031 0.022992463782429695
53 290500 0.028638754040002823 0.247816801071167 42.63576126098633 0.011982818134129047
53 290600 0.05222903937101364 0.24394723773002625 37.752037048339844 0.02629266120493412
54 290700 0.03478258475661278 0.246724471449852 41.63883972167969 0.013816270045936108
54 290800 0.04864555597305298 0.24441924691200256 37.8221321105957 0.018809601664543152
54 290900 0.03909413516521454 0.24517974257469177 39.71222686767578 0.0212100800126791
54 291000 0.058823443949222565 0.23683911561965942 35.56509780883789 0.028004594147205353
54 291100 0.03645344451069832 0.24276913702487946 39.89290237426758 0.02368614450097084
54 291200 0.04515834152698517 0.24376998841762543 39.54178237915039 0.02141810953617096
54 291300 0.030251987278461456 0.24765004217624664 42.62063980102539 0.01647036522626877
54 291400 0.045836515724658966 0.24367836117744446 38.80409622192383 0.022185806185007095
54 291500 0.03864728659391403 0.24915838241577148 41.09452819824219 0.018042225390672684
54 291600 0.03715483099222183 0.24894402921199799 41.62457275390625 0.014979037456214428
54 291700 0.05315674841403961 0.2463686466217041 38.28675842285156 0.01985725201666355
54 291800 0.07192289084196091 0.23666882514953613 33.374755859375 0.039822958409786224
54 291900 0.03941446170210838 0.25037312507629395 40.27125930786133 0.014310971833765507
54 292000 0.02456050179898739 0.24784904718399048 44.643959045410156 0.012103188782930374
54 292100 0.05461055040359497 0.24172252416610718 36.76087951660156 0.023231500759720802
54 292200 0.036012738943099976 0.24646171927452087 40.99047088623047 0.015028240159153938
54 292300 0.04203952103853226 0.24401021003723145 38.45075988769531 0.01932493783533573
54 292400 0.04978879541158676 0.24399559199810028 36.68318176269531 0.034728292375802994
54 292500 0.037076618522405624 0.24346274137496948 39.55962371826172 0.020971722900867462
54 292600 0.038629110902547836 0.2450670599937439 41.21410369873047 0.017598984763026237
54 292700 0.054644644260406494 0.2387160360813141 37.160057067871094 0.029951611533761024
54 292800 0.02924610674381256 0.25106579065322876 42.45745086669922 0.011001713573932648
54 292900 0.03436356037855148 0.24666205048561096 40.840576171875 0.018392905592918396
54 293000 0.04258110001683235 0.24557799100875854 39.19308853149414 0.016052158549427986
54 293100 0.03389430046081543 0.2455003708600998 41.52301025390625 0.013093105517327785
54 293200 0.04735170304775238 0.24403515458106995 38.148101806640625 0.02524707093834877
54 293300 0.04171958193182945 0.24384167790412903 38.9428596496582 0.026164116337895393
54 293400 0.04931805282831192 0.23787783086299896 37.59295654296875 0.03072766587138176
54 293500 0.03148080036044121 0.24716559052467346 42.57466125488281 0.010204882360994816
54 293600 0.03724275529384613 0.2420344352722168 39.99867630004883 0.016857896000146866
54 293700 0.04880256950855255 0.24293780326843262 37.9459228515625 0.028061432763934135
54 293800 0.04235713928937912 0.24655945599079132 40.403011322021484 0.018189482390880585
54 293900 0.03466295450925827 0.24467289447784424 40.55517578125 0.020390475168824196
54 294000 0.03968221694231033 0.24433770775794983 39.923828125 0.02778683975338936
54 294100 0.05309869349002838 0.23977023363113403 36.234710693359375 0.026450717821717262
54 294200 0.03899351507425308 0.24672292172908783 40.958099365234375 0.020479025319218636
54 294300 0.037536248564720154 0.24426931142807007 39.15541076660156 0.0227713230997324
54 294400 0.035818442702293396 0.24442905187606812 39.702640533447266 0.02091352455317974
54 294500 0.04762078821659088 0.24364617466926575 38.480133056640625 0.027821112424135208
54 294600 0.04725083336234093 0.2470131516456604 39.02133560180664 0.023417940363287926
54 294700 0.041144583374261856 0.24057218432426453 38.377288818359375 0.04031680151820183
54 294800 0.04908830672502518 0.2417822778224945 38.379852294921875 0.026517197489738464
54 294900 0.03613762557506561 0.2467566728591919 40.5503044128418 0.01642826944589615
54 295000 0.04036597162485123 0.24259603023529053 39.02606964111328 0.02712034434080124
54 295100 0.04331877455115318 0.24513837695121765 38.87141799926758 0.023599961772561073
54 295200 0.032443251460790634 0.25124019384384155 41.91961669921875 0.010140251368284225
54 295300 0.03828304260969162 0.245541512966156 40.487979888916016 0.014754180796444416
54 295400 0.0335211455821991 0.2464693784713745 39.74884796142578 0.016355907544493675
54 295500 0.04494774714112282 0.24242421984672546 38.15731430053711 0.02524338848888874
54 295600 0.04535021632909775 0.2396993637084961 38.30073928833008 0.023197773844003677
54 295700 0.04156598076224327 0.24488931894302368 40.64506530761719 0.02193143032491207
54 295800 0.03490431606769562 0.24589385092258453 40.50680160522461 0.012321139685809612
54 295900 0.05284208059310913 0.24321085214614868 37.66971206665039 0.02620990388095379
54 296000 0.03780709207057953 0.24429091811180115 39.37571716308594 0.026557806879281998
54 296100 0.02893974632024765 0.25075051188468933 42.989253997802734 0.014552103355526924
55 296200 0.04544622451066971 0.24105437099933624 37.923828125 0.024029795080423355
55 296300 0.04003116115927696 0.2443343847990036 40.6201171875 0.02355562523007393
55 296400 0.0402710884809494 0.24548941850662231 39.936954498291016 0.02066594921052456
55 296500 0.030069109052419662 0.24626098573207855 40.84695053100586 0.013207056559622288
55 296600 0.03180908039212227 0.24618250131607056 42.38125228881836 0.01989576406776905
55 296700 0.0505400225520134 0.2435670793056488 37.92710876464844 0.02892579697072506
55 296800 0.05626845732331276 0.23926439881324768 35.756744384765625 0.031229447573423386
55 296900 0.048871494829654694 0.24499452114105225 38.73789596557617 0.022193048149347305
55 297000 0.034867219626903534 0.24572905898094177 42.05480194091797 0.015532292425632477
55 297100 0.029262088239192963 0.24701492488384247 42.96225357055664 0.013122506439685822
55 297200 0.04505319148302078 0.23889759182929993 37.7974967956543 0.028740499168634415
55 297300 0.04636707156896591 0.2412402331829071 37.811859130859375 0.026537660509347916
55 297400 0.028833236545324326 0.2476969212293625 42.83192825317383 0.01337018609046936
55 297500 0.03688908368349075 0.24748297035694122 41.26522445678711 0.016016244888305664
55 297600 0.029333781450986862 0.24941518902778625 43.43667221069336 0.010670153424143791
55 297700 0.04582669213414192 0.24174314737319946 38.42263412475586 0.02304205112159252
55 297800 0.0372130312025547 0.24521514773368835 40.93589782714844 0.02264873869717121
55 297900 0.03597405552864075 0.24674111604690552 40.281795501708984 0.015849921852350235
55 298000 0.027197599411010742 0.24885167181491852 43.36841583251953 0.010958299040794373
55 298100 0.04014642536640167 0.24671843647956848 40.93035888671875 0.013350402936339378
55 298200 0.024824557825922966 0.24868512153625488 43.93766403198242 0.01094441395252943
55 298300 0.045286841690540314 0.24673497676849365 39.190853118896484 0.016629405319690704
55 298400 0.04183769226074219 0.24356454610824585 39.73426818847656 0.02110283635556698
55 298500 0.04240069538354874 0.24170365929603577 38.825355529785156 0.030432362109422684
55 298600 0.06300084292888641 0.24018961191177368 33.77510452270508 0.03864617273211479
55 298700 0.04895617812871933 0.24399405717849731 36.87174606323242 0.023541346192359924
55 298800 0.04847048595547676 0.24534189701080322 38.62812423706055 0.02013889141380787
55 298900 0.04170627519488335 0.24107182025909424 38.905914306640625 0.022211626172065735
55 299000 0.04728341102600098 0.24039298295974731 37.43793487548828 0.023708553984761238
55 299100 0.0383024588227272 0.24615785479545593 38.94818878173828 0.019480330869555473
55 299200 0.039913542568683624 0.24472248554229736 38.420066833496094 0.019772036001086235
55 299300 0.05122186988592148 0.2438996285200119 37.849578857421875 0.023296711966395378
55 299400 0.044336579740047455 0.2445281744003296 39.34925079345703 0.017770003527402878
55 299500 0.024009747430682182 0.24848532676696777 43.13512420654297 0.011221164837479591
55 299600 0.0518794059753418 0.24245727062225342 37.79779815673828 0.026350747793912888
55 299700 0.04826235771179199 0.24229587614536285 36.76459503173828 0.02818175032734871
55 299800 0.06352430582046509 0.2404303252696991 35.06407165527344 0.030652575194835663
55 299900 0.04604170843958855 0.24291415512561798 38.83875274658203 0.018569516018033028
55 300000 0.052199989557266235 0.24680891633033752 36.86455535888672 0.025160573422908783
55 300100 0.039780598133802414 0.24455800652503967 38.85459518432617 0.026146192103624344
55 300200 0.027688663452863693 0.2477877140045166 43.07707595825195 0.018114851787686348
55 300300 0.041038885712623596 0.24597664177417755 39.95512008666992 0.017882177606225014
55 300400 0.055214740335941315 0.24228110909461975 37.547183990478516 0.018707042559981346
55 300500 0.03441634029150009 0.24813172221183777 40.9444694519043 0.018599605187773705
55 300600 0.0357804074883461 0.24566364288330078 40.02825164794922 0.0165058933198452
55 300700 0.0402030274271965 0.24245303869247437 39.79191207885742 0.017837807536125183
55 300800 0.0346810407936573 0.2444867193698883 40.83447265625 0.01723414659500122
55 300900 0.04404354840517044 0.24579285085201263 40.07712936401367 0.022982124239206314
55 301000 0.03237590566277504 0.24872420728206635 42.54875946044922 0.01603824272751808
55 301100 0.03366099298000336 0.2455514669418335 41.16136932373047 0.020764337852597237
55 301200 0.04623458534479141 0.24455390870571136 39.153221130371094 0.02345767430961132
55 301300 0.05052162706851959 0.24425987899303436 38.460227966308594 0.024982551112771034
55 301400 0.052555184811353683 0.23678487539291382 36.34445571899414 0.031079912558197975
55 301500 0.04952818155288696 0.23985417187213898 38.41511917114258 0.023296354338526726
55 301600 0.05503289774060249 0.24703672528266907 37.669010162353516 0.024805348366498947
56 301700 0.046533674001693726 0.2429845929145813 38.8131217956543 0.02347078174352646
56 301800 0.04688732326030731 0.2408897876739502 37.82512664794922 0.02840191125869751
56 301900 0.04904136061668396 0.24317513406276703 38.41465377807617 0.022655533626675606
56 302000 0.03759907931089401 0.24399566650390625 39.21242904663086 0.01651613600552082
56 302100 0.04384584724903107 0.2426292896270752 37.93175506591797 0.02238747477531433
56 302200 0.03864334151148796 0.24660924077033997 39.88111877441406 0.02328081801533699
56 302300 0.03941181302070618 0.24658378958702087 40.07255172729492 0.021461738273501396
56 302400 0.03561698645353317 0.2441534698009491 39.96025085449219 0.027288543060421944
56 302500 0.03599540516734123 0.2457956075668335 41.47446823120117 0.016054529696702957
56 302600 0.03520069271326065 0.24506638944149017 40.1722526550293 0.027480443939566612
56 302700 0.04687492176890373 0.24676352739334106 37.72248077392578 0.029798585921525955
56 302800 0.05696985870599747 0.23946139216423035 36.85417938232422 0.028453325852751732
56 302900 0.041507937014102936 0.24626469612121582 40.034881591796875 0.026242945343255997
56 303000 0.03785545378923416 0.2427663803100586 40.87026596069336 0.018553946167230606
56 303100 0.042647164314985275 0.2516056299209595 40.217506408691406 0.014277853071689606
56 303200 0.05140625312924385 0.24468088150024414 36.46662139892578 0.03176041319966316
56 303300 0.03825630620121956 0.24252906441688538 39.82709503173828 0.018684539943933487
56 303400 0.050658538937568665 0.24448935687541962 38.373291015625 0.018614932894706726
56 303500 0.03810141980648041 0.24700862169265747 39.39873504638672 0.019291380420327187
56 303600 0.04227614775300026 0.24342164397239685 38.32683563232422 0.023928655311465263
56 303700 0.034030746668577194 0.24786466360092163 42.294281005859375 0.01598840206861496
56 303800 0.03651032596826553 0.24500316381454468 38.907936096191406 0.02345939353108406
56 303900 0.036224231123924255 0.24610312283039093 40.538700103759766 0.02070280909538269
56 304000 0.04806475341320038 0.2413000464439392 37.37989044189453 0.022377047687768936
56 304100 0.03750547394156456 0.24743396043777466 41.70408630371094 0.014088276773691177
56 304200 0.028979983180761337 0.2468794584274292 42.18914794921875 0.016068456694483757
56 304300 0.0442645363509655 0.24428874254226685 37.865638732910156 0.023036831989884377
56 304400 0.047959908843040466 0.2456456571817398 39.346031188964844 0.015916017815470695
56 304500 0.05312011018395424 0.23949319124221802 37.78290939331055 0.025204220786690712
56 304600 0.029085248708724976 0.24835172295570374 41.621429443359375 0.012334342114627361
56 304700 0.04045957326889038 0.2427111566066742 39.118492126464844 0.021250437945127487
56 304800 0.04017477110028267 0.24600042402744293 39.94219207763672 0.02197001688182354
56 304900 0.04445299878716469 0.2436007857322693 38.01375198364258 0.02411544695496559
56 305000 0.05365634709596634 0.24162115156650543 37.49070739746094 0.020149990916252136
56 305100 0.03923872113227844 0.24631085991859436 40.76285171508789 0.016919147223234177
56 305200 0.045317310839891434 0.24563761055469513 38.884033203125 0.02188189886510372
56 305300 0.033151932060718536 0.24267089366912842 39.99510192871094 0.026103610172867775
56 305400 0.04183797165751457 0.24470005929470062 39.7073974609375 0.02369687892496586
56 305500 0.0503423847258091 0.24306052923202515 38.182464599609375 0.021877717226743698
56 305600 0.040594518184661865 0.24119357764720917 39.62396240234375 0.020652402192354202
56 305700 0.041891708970069885 0.24455733597278595 39.1156120300293 0.027248773723840714
56 305800 0.030428454279899597 0.24534600973129272 41.46976852416992 0.017007416114211082
56 305900 0.033723630011081696 0.24536162614822388 41.02660369873047 0.010172500275075436
56 306000 0.027208175510168076 0.24999168515205383 42.1517219543457 0.012028991244733334
56 306100 0.03994756564497948 0.24315494298934937 40.63280487060547 0.021140780299901962
56 306200 0.037346001714468 0.2452085018157959 40.600738525390625 0.01795792765915394
56 306300 0.03439383953809738 0.24844010174274445 41.33020782470703 0.023243915289640427
56 306400 0.03158949315547943 0.2468966543674469 41.513587951660156 0.01666942983865738
56 306500 0.03561585769057274 0.24650448560714722 40.6244010925293 0.02149890922009945
56 306600 0.043195005506277084 0.2452613115310669 39.27729797363281 0.020026028156280518
56 306700 0.0460314080119133 0.24519884586334229 37.927677154541016 0.02141675166785717
56 306800 0.03510129451751709 0.2466365396976471 41.13987731933594 0.020858734846115112
56 306900 0.037069208920001984 0.24611499905586243 40.623172760009766 0.01826629973948002
56 307000 0.056142956018447876 0.23898883163928986 37.47994613647461 0.02856636792421341
56 307100 0.06453177332878113 0.23380547761917114 33.9256591796875 0.038378674536943436
57 307200 0.03660973533987999 0.2464575469493866 40.6474494934082 0.02115798182785511
57 307300 0.032098907977342606 0.24692514538764954 41.52699661254883 0.016780393198132515
57 307400 0.03761402517557144 0.24760301411151886 41.309898376464844 0.016982661560177803
57 307500 0.06380978226661682 0.23618701100349426 34.63740921020508 0.040914103388786316
57 307600 0.024412941187620163 0.2454097718000412 43.4317512512207 0.01777803525328636
57 307700 0.023888476192951202 0.25071293115615845 44.993587493896484 0.012075441889464855
57 307800 0.04743069410324097 0.24472615122795105 38.738868713378906 0.02405663952231407
57 307900 0.036668479442596436 0.24723055958747864 41.867401123046875 0.00955390464514494
57 308000 0.04661918058991432 0.2438736855983734 39.36870193481445 0.02023961953818798
57 308100 0.051791589707136154 0.24257594347000122 37.37189483642578 0.023983608931303024
57 308200 0.04997928440570831 0.24220308661460876 37.62137222290039 0.024766137823462486
57 308300 0.05934755876660347 0.24329224228858948 36.9655876159668 0.024816984310746193
57 308400 0.033478230237960815 0.24588055908679962 41.031646728515625 0.014695458114147186
57 308500 0.028207197785377502 0.24840573966503143 43.457645416259766 0.015315614640712738
57 308600 0.03899041563272476 0.24615693092346191 40.65559005737305 0.018304983153939247
57 308700 0.037128251045942307 0.24686047434806824 41.496498107910156 0.0161032322794199
57 308800 0.04347812011837959 0.24618107080459595 40.4098014831543 0.018126023933291435
57 308900 0.04814375564455986 0.24433746933937073 37.781517028808594 0.02722196839749813
57 309000 0.027928583323955536 0.24816220998764038 42.34917068481445 0.01577851176261902
57 309100 0.05572795867919922 0.24573174118995667 37.297943115234375 0.02664790488779545
57 309200 0.05095343291759491 0.23967385292053223 36.246063232421875 0.037453942000865936
57 309300 0.03922725468873978 0.2450396716594696 41.45601272583008 0.019315797835588455
57 309400 0.03621581196784973 0.24067291617393494 39.505455017089844 0.020266810432076454
57 309500 0.04585821181535721 0.2445821762084961 39.20637512207031 0.021047908812761307
57 309600 0.03886498510837555 0.2467370629310608 39.8786506652832 0.022679733112454414
57 309700 0.025053609162569046 0.2481590062379837 42.79674530029297 0.014050685800611973
57 309800 0.043995145708322525 0.23952795565128326 38.48589324951172 0.021206870675086975
57 309900 0.03520282357931137 0.24494290351867676 40.954593658447266 0.020011479035019875
57 310000 0.03874645382165909 0.24346411228179932 39.72021484375 0.021097924560308456
57 310100 0.04083612561225891 0.24183028936386108 38.90654373168945 0.022695155814290047
57 310200 0.034097786992788315 0.2468053698539734 41.441078186035156 0.017773061990737915
57 310300 0.039989907294511795 0.2436651885509491 38.10295104980469 0.01938457041978836
57 310400 0.030612900853157043 0.24941572546958923 42.80216598510742 0.013283275999128819
57 310500 0.04369395971298218 0.2439030110836029 38.36021423339844 0.02246081829071045
57 310600 0.044671669602394104 0.24506139755249023 39.06797409057617 0.020457815378904343
57 310700 0.03882276266813278 0.2504705786705017 40.74666976928711 0.015142404474318027
57 310800 0.03397761657834053 0.24605068564414978 42.597713470458984 0.01329700369387865
57 310900 0.04462878778576851 0.24508002400398254 39.49964141845703 0.02073182724416256
57 311000 0.061351753771305084 0.2381216585636139 34.45547103881836 0.03931689262390137
57 311100 0.034342680126428604 0.2469952255487442 41.40532684326172 0.01610378734767437
57 311200 0.02978355810046196 0.24666297435760498 43.37391662597656 0.012193109840154648
57 311300 0.03436940908432007 0.2487633228302002 40.525569915771484 0.013569566421210766
57 311400 0.044887132942676544 0.2406691312789917 39.413047790527344 0.017515690997242928
57 311500 0.04781486466526985 0.2409524768590927 38.34650421142578 0.018235687166452408
57 311600 0.03545982390642166 0.2441730499267578 40.14788818359375 0.01792292483150959
57 311700 0.04024537652730942 0.2461288571357727 39.78015899658203 0.01896439678966999
57 311800 0.04156368225812912 0.2452782690525055 40.03457260131836 0.02159140259027481
57 311900 0.02766657993197441 0.24825136363506317 42.36368942260742 0.013036972843110561
57 312000 0.05242841690778732 0.23923945426940918 36.65737533569336 0.03811313211917877
57 312100 0.053758516907691956 0.238899827003479 37.72319030761719 0.03192901611328125
57 312200 0.05473150312900543 0.2430678755044937 36.89305877685547 0.023343432694673538
57 312300 0.042993031442165375 0.24808025360107422 39.719024658203125 0.018549500033259392
57 312400 0.05460292845964432 0.23730288445949554 36.761451721191406 0.02711133100092411
57 312500 0.03810502588748932 0.24761176109313965 40.61314392089844 0.01652868092060089
58 312600 0.03800575062632561 0.2441154569387436 40.292320251464844 0.03712420165538788
58 312700 0.04781118407845497 0.24446558952331543 38.1174201965332 0.020075712352991104
58 312800 0.03622174263000488 0.2441800832748413 41.50909423828125 0.024797553196549416
58 312900 0.049566600471735 0.2413073480129242 38.183937072753906 0.023069243878126144
58 313000 0.037105970084667206 0.24399292469024658 40.37362289428711 0.019933495670557022
58 313100 0.0476442389190197 0.24078801274299622 37.420379638671875 0.024567393586039543
58 313200 0.04114207625389099 0.2413443922996521 39.71490478515625 0.027970099821686745
58 313300 0.03990212827920914 0.24399331212043762 39.748207092285156 0.02020801231265068
58 313400 0.04906841367483139 0.23903924226760864 37.80341339111328 0.029680632054805756
58 313500 0.03918830305337906 0.24346190690994263 38.864662170410156 0.02154345065355301
58 313600 0.029006943106651306 0.2459782361984253 41.31013107299805 0.018079211935400963
58 313700 0.0423353835940361 0.24781498312950134 38.985836029052734 0.020607898011803627
58 313800 0.03268900886178017 0.24720700085163116 41.97433090209961 0.015267347916960716
58 313900 0.04825826734304428 0.24023669958114624 37.49544143676758 0.02725079283118248
58 314000 0.03667362034320831 0.24372629821300507 40.481815338134766 0.018406109884381294
58 314100 0.03792776167392731 0.24563033878803253 41.73683547973633 0.02072681486606598
58 314200 0.04221244901418686 0.24348290264606476 38.83570861816406 0.01966918259859085
58 314300 0.03982105851173401 0.24577121436595917 40.58427429199219 0.02030283957719803
58 314400 0.04952330142259598 0.24465498328208923 37.7302131652832 0.015551555901765823
58 314500 0.028147589415311813 0.24370229244232178 42.7482795715332 0.017336703836917877
58 314600 0.029498543590307236 0.24825364351272583 41.999061584472656 0.01429594587534666
58 314700 0.03509639948606491 0.24950328469276428 40.201480865478516 0.02020246908068657
58 314800 0.042710915207862854 0.2434380203485489 39.4517707824707 0.01766015775501728
58 314900 0.053853534162044525 0.24512898921966553 38.07004928588867 0.020037533715367317
58 315000 0.04913030192255974 0.2399379312992096 37.459903717041016 0.044455282390117645
58 315100 0.042416445910930634 0.24098092317581177 37.3603630065918 0.02613215334713459
58 315200 0.04431506618857384 0.246139258146286 39.906036376953125 0.02125438116490841
58 315300 0.04043150693178177 0.2467232048511505 39.82438278198242 0.01666400581598282
58 315400 0.03918179124593735 0.2439863681793213 39.46652603149414 0.0169332567602396
58 315500 0.042595274746418 0.24468275904655457 38.45808029174805 0.019881658256053925
58 315600 0.03261437639594078 0.24540656805038452 41.62833786010742 0.01789916679263115
58 315700 0.044487129896879196 0.2462151050567627 39.32975387573242 0.02165616676211357
58 315800 0.0511898547410965 0.24251282215118408 35.8531494140625 0.034701377153396606
58 315900 0.030445963144302368 0.24740585684776306 42.494606018066406 0.016820471733808517
58 316000 0.03737902268767357 0.24731390178203583 40.1272087097168 0.011506741866469383
58 316100 0.035473767668008804 0.24742043018341064 40.87968063354492 0.015727059915661812
58 316200 0.05548444017767906 0.23678481578826904 35.064849853515625 0.039617374539375305
58 316300 0.04942453280091286 0.24674424529075623 35.76566696166992 0.024202663451433182
58 316400 0.0398002490401268 0.24575623869895935 40.246524810791016 0.015919651836156845
58 316500 0.0352962464094162 0.24366170167922974 39.74469757080078 0.018591010943055153
58 316600 0.042552538216114044 0.24296128749847412 37.85329055786133 0.019984479993581772
58 316700 0.03760003671050072 0.24589428305625916 40.98695755004883 0.014769546687602997
58 316800 0.0351487398147583 0.2441471815109253 41.739837646484375 0.016014980152249336
58 316900 0.027438024058938026 0.2460608184337616 41.5408821105957 0.01868581958115101
58 317000 0.0426749587059021 0.24517753720283508 39.630897521972656 0.022967008873820305
58 317100 0.04719012230634689 0.2436375916004181 37.49039077758789 0.022951515391469002
58 317200 0.0468158945441246 0.24182060360908508 37.20903778076172 0.02756168320775032
58 317300 0.04813532531261444 0.24138322472572327 39.042274475097656 0.0222291499376297
58 317400 0.0454932376742363 0.24439087510108948 38.8930778503418 0.020999692380428314
58 317500 0.038794759660959244 0.24621042609214783 41.11565017700195 0.022508900612592697
58 317600 0.03872682899236679 0.24605786800384521 39.340431213378906 0.021772261708974838
58 317700 0.03623092547059059 0.24610859155654907 40.78159713745117 0.012704837135970592
58 317800 0.03981843590736389 0.2450370490550995 39.53491973876953 0.022354766726493835
58 317900 0.04638335481286049 0.2396019697189331 38.377685546875 0.024811014533042908
58 318000 0.03420117497444153 0.246071457862854 41.11888122558594 0.022294098511338234
59 318100 0.04067905992269516 0.24452346563339233 39.33552169799805 0.020524730905890465
59 318200 0.03973134234547615 0.24286019802093506 38.8610954284668 0.024095462635159492
59 318300 0.028786439448595047 0.24622854590415955 42.028812408447266 0.01680108718574047
59 318400 0.04837081953883171 0.24378055334091187 38.184288024902344 0.018726008012890816
59 318500 0.06914173066616058 0.2306807041168213 34.22655487060547 0.03666337952017784
59 318600 0.035325173288583755 0.2471749186515808 40.844600677490234 0.017353639006614685
59 318700 0.040907762944698334 0.24341288208961487 38.755252838134766 0.0224732905626297
59 318800 0.04785994440317154 0.2417169213294983 38.58515548706055 0.019109081476926804
59 318900 0.03192991018295288 0.2477078139781952 42.034889221191406 0.012389310635626316
59 319000 0.0323045589029789 0.24850448966026306 42.07780075073242 0.010586550459265709
59 319100 0.05159575492143631 0.24271196126937866 37.373809814453125 0.024925589561462402
59 319200 0.039719171822071075 0.24731436371803284 40.310325622558594 0.014178052544593811
59 319300 0.031858328729867935 0.24529117345809937 40.61708068847656 0.01807580515742302
59 319400 0.04318109154701233 0.2413705587387085 38.6395149230957 0.023859336972236633
59 319500 0.02725272625684738 0.2488398551940918 42.745967864990234 0.010773539543151855
59 319600 0.047556377947330475 0.2368502914905548 37.494476318359375 0.028174463659524918
59 319700 0.042878128588199615 0.24561215937137604 39.281009674072266 0.01568789966404438
59 319800 0.04503251612186432 0.23784194886684418 36.478660583496094 0.02806752733886242
59 319900 0.06206435710191727 0.23661568760871887 35.043609619140625 0.037814345210790634
59 320000 0.03464948385953903 0.24549329280853271 40.733341217041016 0.020604008808732033
59 320100 0.03404976427555084 0.24703311920166016 41.58369064331055 0.01923980563879013
59 320200 0.041822224855422974 0.24407225847244263 39.80057907104492 0.01993517205119133
59 320300 0.03762632608413696 0.24508199095726013 41.099632263183594 0.019594525918364525
59 320400 0.04886618256568909 0.24388271570205688 38.2010612487793 0.023476041853427887
59 320500 0.03873751312494278 0.24623878300189972 40.384212493896484 0.016695521771907806
59 320600 0.047430433332920074 0.24548467993736267 38.73746871948242 0.027619389817118645
59 320700 0.03326570615172386 0.24495112895965576 41.72416305541992 0.017459891736507416
59 320800 0.050030067563056946 0.2435169816017151 37.06477737426758 0.021767273545265198
59 320900 0.046757057309150696 0.24176029860973358 37.310752868652344 0.021723803132772446
59 321000 0.06466230005025864 0.2389054298400879 34.73685073852539 0.03470258042216301
59 321100 0.04533110558986664 0.24346745014190674 38.587562561035156 0.019313223659992218
59 321200 0.04824569821357727 0.24212414026260376 37.52179718017578 0.02816980518400669
59 321300 0.057402800768613815 0.24225163459777832 37.063697814941406 0.028703611344099045
59 321400 0.03051558881998062 0.24748249351978302 42.453304290771484 0.017164714634418488
59 321500 0.03581751137971878 0.24623143672943115 40.93892288208008 0.011348702013492584
59 321600 0.029467707499861717 0.2470182478427887 41.52750015258789 0.017119115218520164
59 321700 0.03833999112248421 0.24453434348106384 40.58917999267578 0.01848347671329975
59 321800 0.05223012715578079 0.24110133945941925 37.111270904541016 0.027048571035265923
59 321900 0.04288144037127495 0.24522414803504944 39.74781799316406 0.019784199073910713
59 322000 0.04090651869773865 0.24537339806556702 40.329010009765625 0.01652253046631813
59 322100 0.043437398970127106 0.23974259197711945 36.59209442138672 0.02267441153526306
59 322200 0.0537140816450119 0.24241676926612854 37.57240676879883 0.026573996990919113
59 322300 0.044228553771972656 0.24197617173194885 38.89720916748047 0.01850837469100952
59 322400 0.03713642805814743 0.24643179774284363 40.99364471435547 0.018251048400998116
59 322500 0.054381392896175385 0.24072220921516418 36.826377868652344 0.0277385413646698
59 322600 0.04206717014312744 0.24501267075538635 39.610694885253906 0.019429031759500504
59 322700 0.04082586616277695 0.24278739094734192 37.80712890625 0.02027459628880024
59 322800 0.024518009275197983 0.24593009054660797 42.45454406738281 0.013166435994207859
59 322900 0.05045803263783455 0.2459225356578827 35.68186950683594 0.029059769585728645
59 323000 0.05409055948257446 0.24308592081069946 36.677490234375 0.025075141340494156
59 323100 0.03101750835776329 0.2444048672914505 41.640167236328125 0.013425643555819988
59 323200 0.051532596349716187 0.2411399483680725 36.87193298339844 0.028705062344670296
59 323300 0.03260871022939682 0.24703271687030792 41.01311492919922 0.013093355111777782
59 323400 0.043301038444042206 0.24133902788162231 38.61724090576172 0.021398570388555527
59 323500 0.05025336891412735 0.23881599307060242 37.45286560058594 0.02829108014702797
60 323600 0.03910718485713005 0.24808426201343536 39.84669494628906 0.013935185968875885
60 323700 0.021564722061157227 0.24893319606781006 45.28845977783203 0.010806084610521793
60 323800 0.031327493488788605 0.24681976437568665 41.27473831176758 0.015660632401704788
60 323900 0.034927986562252045 0.24451567232608795 41.02882385253906 0.01901591569185257
60 324000 0.04912387952208519 0.23918965458869934 36.407005310058594 0.04116155579686165
60 324100 0.03414072096347809 0.24292230606079102 40.31184005737305 0.018639419227838516
60 324200 0.05098205432295799 0.24224971234798431 38.30255889892578 0.02738533355295658
60 324300 0.04263199120759964 0.24360936880111694 39.820640563964844 0.014891345053911209
60 324400 0.040093034505844116 0.24385538697242737 38.80143737792969 0.025901485234498978
60 324500 0.02988545596599579 0.2480248212814331 42.413795471191406 0.01719069853425026
60 324600 0.0394459143280983 0.24118654429912567 39.468170166015625 0.020039454102516174
60 324700 0.029154058545827866 0.24658948183059692 42.343780517578125 0.016661623492836952
60 324800 0.024359382688999176 0.2474605292081833 44.664756774902344 0.011917837895452976
60 324900 0.03599407151341438 0.24548321962356567 39.444602966308594 0.020579712465405464
60 325000 0.03835531324148178 0.24713268876075745 40.196563720703125 0.01950863003730774
60 325100 0.037975385785102844 0.24444812536239624 40.809837341308594 0.01857752539217472
60 325200 0.02579539641737938 0.24669654667377472 42.166114807128906 0.014587365090847015
60 325300 0.04143365100026131 0.24736294150352478 39.5654182434082 0.02305932529270649
60 325400 0.05264284834265709 0.2475486695766449 37.62060546875 0.026405606418848038
60 325500 0.04467100650072098 0.2409738004207611 37.85023498535156 0.02190570905804634
60 325600 0.05051799863576889 0.24411314725875854 38.17082214355469 0.02510838396847248
60 325700 0.05545545369386673 0.23733311891555786 36.70170593261719 0.026714639738202095
60 325800 0.034398503601551056 0.24778378009796143 42.207481384277344 0.014400680549442768
60 325900 0.030529888346791267 0.24683435261249542 42.323394775390625 0.019317565485835075
60 326000 0.05160081386566162 0.23907145857810974 37.15868377685547 0.02842482551932335
60 326100 0.04043034464120865 0.24369607865810394 39.581871032714844 0.022276287898421288
60 326200 0.045653000473976135 0.24147772789001465 38.39847183227539 0.022493034601211548
60 326300 0.04295807704329491 0.243416428565979 38.12125015258789 0.028893694281578064
60 326400 0.05493926256895065 0.23768669366836548 37.24481964111328 0.02733461558818817
60 326500 0.03886985778808594 0.2453908622264862 40.504364013671875 0.01761654019355774
60 326600 0.04411652684211731 0.24341323971748352 40.684486389160156 0.018113208934664726
60 326700 0.04239005967974663 0.24317008256912231 37.956661224365234 0.02245497889816761
60 326800 0.045026931911706924 0.24287426471710205 38.296348571777344 0.024599311873316765
60 326900 0.03923565894365311 0.24338942766189575 39.28861999511719 0.024590857326984406
60 327000 0.04977025091648102 0.24332596361637115 37.99748611450195 0.0217537060379982
60 327100 0.04155837371945381 0.24604833126068115 40.03864669799805 0.025266967713832855
60 327200 0.040341321378946304 0.2419537901878357 39.2663459777832 0.03313075378537178
60 327300 0.04884149134159088 0.24168534576892853 37.351524353027344 0.022353926673531532
60 327400 0.03882041573524475 0.24591773748397827 42.07625198364258 0.01612793281674385
60 327500 0.0488554909825325 0.24335384368896484 37.92190170288086 0.0306011363863945
60 327600 0.042372144758701324 0.245326429605484 38.334861755371094 0.018492422997951508
60 327700 0.04122012108564377 0.24430441856384277 38.85959243774414 0.020163746550679207
60 327800 0.04143604636192322 0.24597853422164917 39.55538558959961 0.018392914906144142
60 327900 0.04431077837944031 0.24240267276763916 39.361732482910156 0.019788328558206558
60 328000 0.03034326434135437 0.24727466702461243 41.5209846496582 0.01331369485706091
60 328100 0.03419121354818344 0.2460070252418518 40.3271598815918 0.017774075269699097
60 328200 0.050149042159318924 0.24212771654129028 37.31660842895508 0.029934382066130638
60 328300 0.044348813593387604 0.24332059919834137 38.02268981933594 0.020766276866197586
60 328400 0.06140432879328728 0.2408907413482666 35.96051025390625 0.02891891822218895
60 328500 0.05068548396229744 0.24213144183158875 37.99607849121094 0.023287111893296242
60 328600 0.03430481255054474 0.24596434831619263 41.002357482910156 0.010396177880465984
60 328700 0.02817213162779808 0.2475416660308838 42.08479690551758 0.015176060609519482
60 328800 0.03429211303591728 0.2454010248184204 41.83272933959961 0.018730171024799347
60 328900 0.043394699692726135 0.2445831596851349 38.293426513671875 0.022617433220148087
60 329000 0.05542502552270889 0.24040068686008453 36.66300964355469 0.023514335975050926
61 329100 0.03524119406938553 0.2472650110721588 41.4655876159668 0.015482126735150814
61 329200 0.03531225025653839 0.24745912849903107 41.01089859008789 0.015765270218253136
61 329300 0.042684201151132584 0.24083074927330017 37.224273681640625 0.024424565955996513
61 329400 0.06612018495798111 0.24483148753643036 34.77557373046875 0.02853335253894329
61 329500 0.050208330154418945 0.24010497331619263 37.51374816894531 0.028682634234428406
61 329600 0.03707291558384895 0.24593442678451538 40.344947814941406 0.02177102118730545
61 329700 0.030071865767240524 0.2462395280599594 41.104339599609375 0.015404432080686092
61 329800 0.043005120009183884 0.24383080005645752 37.34748077392578 0.022287506610155106
61 329900 0.04350624978542328 0.2440488338470459 38.914215087890625 0.01924911141395569
61 330000 0.03802395612001419 0.24310413002967834 39.1243896484375 0.018251702189445496
61 330100 0.06273452937602997 0.23699896037578583 34.604393005371094 0.03967226296663284
61 330200 0.027036402374505997 0.24710923433303833 43.00407791137695 0.016337256878614426
61 330300 0.028399363160133362 0.24523252248764038 41.61311340332031 0.015592893585562706
61 330400 0.04764694720506668 0.24707625806331635 38.349281311035156 0.019599733874201775
61 330500 0.04289530962705612 0.24687424302101135 40.13587951660156 0.017117615789175034
61 330600 0.05026455968618393 0.2422025501728058 37.808162689208984 0.019002797082066536
61 330700 0.03781350329518318 0.24356874823570251 40.42262649536133 0.015939079225063324
61 330800 0.03860926255583763 0.2436109334230423 39.743892669677734 0.016164742410182953
61 330900 0.035002291202545166 0.24507665634155273 39.797149658203125 0.01919294334948063
61 331000 0.04812531918287277 0.246279776096344 38.33030700683594 0.020909754559397697
61 331100 0.042699847370386124 0.2438632994890213 39.07271194458008 0.01516721211373806
61 331200 0.032881077378988266 0.24270440638065338 40.622703552246094 0.02050873637199402
61 331300 0.0376349538564682 0.24337324500083923 38.80670928955078 0.02140544168651104
61 331400 0.043752849102020264 0.2457677125930786 39.754722595214844 0.019432945176959038
61 331500 0.04054814577102661 0.24332842230796814 38.48942947387695 0.02403319627046585
61 331600 0.05107748135924339 0.23672881722450256 37.48664093017578 0.03151794523000717
61 331700 0.037190426141023636 0.2475263476371765 42.087974548339844 0.013713865540921688
61 331800 0.052510641515254974 0.23983874917030334 36.8940315246582 0.027956800535321236
61 331900 0.03338996693491936 0.24524013698101044 41.25328063964844 0.015449647791683674
61 332000 0.03936506062746048 0.24430912733078003 39.53453826904297 0.025463782250881195
61 332100 0.035124972462654114 0.24802297353744507 41.9047966003418 0.015508336015045643
61 332200 0.029991941526532173 0.2471311092376709 42.865631103515625 0.01478080078959465
61 332300 0.034046947956085205 0.24660970270633698 41.34988021850586 0.018918057903647423
61 332400 0.04240405932068825 0.2442849576473236 38.83853530883789 0.025137625634670258
61 332500 0.04791513457894325 0.2398378849029541 38.210201263427734 0.030707472935318947
61 332600 0.032362401485443115 0.24605953693389893 42.161739349365234 0.014124302193522453
61 332700 0.03559146821498871 0.2438727468252182 40.6234016418457 0.012315168976783752
61 332800 0.02822595089673996 0.24816736578941345 43.835105895996094 0.011185845360159874
61 332900 0.03262608125805855 0.24872368574142456 42.69695281982422 0.013374519534409046
61 333000 0.050954170525074005 0.2447453886270523 37.6328125 0.026421664282679558
61 333100 0.048931241035461426 0.24310356378555298 38.916072845458984 0.0263532605022192
61 333200 0.030064135789871216 0.24959927797317505 42.83592987060547 0.013486920855939388
61 333300 0.03543749451637268 0.2440144419670105 39.479671478271484 0.019584249705076218
61 333400 0.04560365527868271 0.24701255559921265 38.80731201171875 0.023780908435583115
61 333500 0.038011856377124786 0.24195292592048645 39.578094482421875 0.023261502385139465
61 333600 0.017168927937746048 0.2508246898651123 46.351776123046875 0.007599788252264261
61 333700 0.03589991107583046 0.245366632938385 41.223140716552734 0.015634926036000252
61 333800 0.04138805717229843 0.2471039593219757 39.48167419433594 0.018264956772327423
61 333900 0.045905157923698425 0.23920762538909912 37.791473388671875 0.022188810631632805
61 334000 0.04747362434864044 0.23911798000335693 37.31570053100586 0.029047857969999313
61 334100 0.048399023711681366 0.24230244755744934 37.52082824707031 0.02896222099661827
61 334200 0.03557581081986427 0.24713599681854248 40.41328430175781 0.013291366398334503
61 334300 0.061994027346372604 0.23546133935451508 34.311161041259766 0.03734065592288971
61 334400 0.04859217256307602 0.23735052347183228 37.479774475097656 0.02664930187165737
61 334500 0.04096018895506859 0.24234864115715027 39.46333312988281 0.02083515375852585
62 334600 0.049807578325271606 0.2420262098312378 38.14791488647461 0.02568572200834751
62 334700 0.040691621601581573 0.24558095633983612 40.4495849609375 0.016368960961699486
62 334800 0.05146706849336624 0.23569461703300476 35.82134246826172 0.038148362189531326
62 334900 0.04117148369550705 0.2472643256187439 40.015342712402344 0.016194673255085945
62 335000 0.0364241823554039 0.24881455302238464 39.25146484375 0.01745283417403698
62 335100 0.046819306910037994 0.2425692230463028 38.13752365112305 0.030517272651195526
62 335200 0.03924601152539253 0.24323517084121704 39.44184494018555 0.017083754763007164
62 335300 0.02983430027961731 0.2472643256187439 41.28981018066406 0.017235921695828438
62 335400 0.04397151991724968 0.2460574507713318 39.81782531738281 0.011477113701403141
62 335500 0.031325846910476685 0.24588137865066528 41.42878723144531 0.012226718477904797
62 335600 0.047500450164079666 0.2407427281141281 37.52091598510742 0.03217073157429695
62 335700 0.03147727623581886 0.2495952844619751 41.281917572021484 0.013739473186433315
62 335800 0.033174362033605576 0.2468104213476181 42.13739013671875 0.01765216886997223
62 335900 0.028096569702029228 0.25046786665916443 41.7498893737793 0.013630474917590618
62 336000 0.038228508085012436 0.2468317449092865 40.39252471923828 0.02030174992978573
62 336100 0.03785371035337448 0.24271249771118164 40.67523193359375 0.01863715797662735
62 336200 0.043176889419555664 0.24622991681098938 39.73186111450195 0.016076864674687386
62 336300 0.03169700503349304 0.2456841915845871 41.815792083740234 0.013118323870003223
62 336400 0.05345192551612854 0.23806995153427124 36.26012420654297 0.043103136122226715
62 336500 0.03669462352991104 0.25018101930618286 39.59038543701172 0.01713041588664055
62 336600 0.05726055055856705 0.23745138943195343 36.187103271484375 0.026823939755558968
62 336700 0.036633946001529694 0.24329115450382233 40.637821197509766 0.02328149415552616
62 336800 0.02786024659872055 0.2475145012140274 43.226531982421875 0.016882283613085747
62 336900 0.030678391456604004 0.2444230616092682 40.08016586303711 0.015962161123752594
62 337000 0.04387340694665909 0.24407550692558289 39.82072448730469 0.019331131130456924
62 337100 0.030241437256336212 0.24768057465553284 42.764007568359375 0.014845605939626694
62 337200 0.03888062760233879 0.24517321586608887 40.29328918457031 0.024800825864076614
62 337300 0.03975396975874901 0.24395275115966797 40.03644943237305 0.020656540989875793
62 337400 0.048034001141786575 0.24421945214271545 39.18731689453125 0.02043129689991474
62 337500 0.03825245797634125 0.24446061253547668 40.619361877441406 0.016887743026018143
62 337600 0.03690323978662491 0.24821825325489044 41.122711181640625 0.015808308497071266
62 337700 0.04133416339755058 0.2456398606300354 38.569766998291016 0.023091964423656464
62 337800 0.04382835701107979 0.24345599114894867 39.20387649536133 0.018427032977342606
62 337900 0.0426798015832901 0.23917341232299805 38.146549224853516 0.021306447684764862
62 338000 0.04219135642051697 0.24157795310020447 39.18733215332031 0.021131042391061783
62 338100 0.0417281910777092 0.24276602268218994 38.1600341796875 0.021867763251066208
62 338200 0.03128940612077713 0.24836550652980804 41.44628143310547 0.020781898871064186
62 338300 0.03493957966566086 0.24568715691566467 41.0849723815918 0.014145886525511742
62 338400 0.03653018921613693 0.24440783262252808 40.405479431152344 0.01658848486840725
62 338500 0.04175367206335068 0.24347083270549774 39.69593048095703 0.021868759766221046
62 338600 0.04710898920893669 0.2403119057416916 37.145225524902344 0.030340567231178284
62 338700 0.05532534793019295 0.24122491478919983 36.21941375732422 0.024246959015727043
62 338800 0.044800445437431335 0.24407270550727844 38.582740783691406 0.026738200336694717
62 338900 0.03681956231594086 0.2448205053806305 40.29885482788086 0.01609881967306137
62 339000 0.051043812185525894 0.24618831276893616 38.337589263916016 0.01705322600901127
62 339100 0.03424636647105217 0.2463260293006897 41.691192626953125 0.017992638051509857
62 339200 0.027484148740768433 0.24733629822731018 42.467525482177734 0.015611755661666393
62 339300 0.03809494525194168 0.24269884824752808 38.79533386230469 0.020400213077664375
62 339400 0.04433774575591087 0.24620160460472107 38.74443054199219 0.022625574842095375
62 339500 0.04143451154232025 0.24523930251598358 40.09091567993164 0.014528576284646988
62 339600 0.04691310226917267 0.2434106022119522 39.11441421508789 0.019148122519254684
62 339700 0.0390484593808651 0.2411569356918335 40.48167419433594 0.01739906705915928
62 339800 0.039184845983982086 0.24497458338737488 40.132537841796875 0.02323170378804207
62 339900 0.03696764260530472 0.24485041201114655 41.08079528808594 0.02539450116455555
62 340000 0.037818025797605515 0.24628326296806335 40.93648910522461 0.014506695792078972
63 340100 0.03888428583741188 0.24626702070236206 39.82362365722656 0.016513334587216377
63 340200 0.03686225414276123 0.2437586784362793 38.19068908691406 0.018197083845734596
63 340300 0.03631226718425751 0.24752388894557953 40.70302200317383 0.010475718416273594
63 340400 0.04961353912949562 0.2440287470817566 38.583740234375 0.016991576179862022
63 340500 0.041531041264534 0.2428397238254547 40.168235778808594 0.024389903992414474
63 340600 0.043153658509254456 0.24626220762729645 38.785343170166016 0.02215651609003544
63 340700 0.043554771691560745 0.2424870729446411 39.48113250732422 0.01856173761188984
63 340800 0.04046738147735596 0.24452149868011475 39.99571990966797 0.021331004798412323
63 340900 0.04544762149453163 0.24384106695652008 38.15074157714844 0.021739285439252853
63 341000 0.04528142884373665 0.24085542559623718 38.00109100341797 0.025037316605448723
63 341100 0.03137878328561783 0.24615325033664703 42.70207977294922 0.01673705317080021
63 341200 0.04144607484340668 0.24537722766399384 40.21333694458008 0.016610359773039818
63 341300 0.044773586094379425 0.24655495584011078 38.05903244018555 0.022118832916021347
63 341400 0.04029814153909683 0.24499410390853882 39.00746154785156 0.02277647703886032
63 341500 0.03605564683675766 0.24513572454452515 41.98659896850586 0.013821297325193882
63 341600 0.04203072190284729 0.24899300932884216 40.548675537109375 0.01412508450448513
63 341700 0.053716376423835754 0.23931166529655457 37.66245651245117 0.028937024995684624
63 341800 0.047373704612255096 0.23516368865966797 39.83763122558594 0.03117336332798004
63 341900 0.03591801971197128 0.24699664115905762 41.130741119384766 0.01695995219051838
63 342000 0.04948268085718155 0.23957771062850952 37.81296920776367 0.0211027804762125
63 342100 0.03415335714817047 0.2454446256160736 41.64764404296875 0.021050112321972847
63 342200 0.03206154704093933 0.24653348326683044 41.01673889160156 0.019133027642965317
63 342300 0.04504713416099548 0.24269139766693115 38.21951675415039 0.01942511275410652
63 342400 0.037373412400484085 0.24558129906654358 40.620174407958984 0.017060302197933197
63 342500 0.058009788393974304 0.24575039744377136 36.246315002441406 0.026900021359324455
63 342600 0.03586416691541672 0.24726128578186035 40.75776290893555 0.016621006652712822
63 342700 0.04440775886178017 0.24497926235198975 38.97358322143555 0.025056224316358566
63 342800 0.03597206249833107 0.2478797733783722 41.659481048583984 0.015521861612796783
63 342900 0.03978903964161873 0.24372372031211853 40.0963134765625 0.019578374922275543
63 343000 0.052354902029037476 0.245543971657753 38.0726318359375 0.018603134900331497
63 343100 0.0330805703997612 0.24613222479820251 40.957763671875 0.01570325344800949
63 343200 0.036930523812770844 0.2448669672012329 40.1279182434082 0.018905799835920334
63 343300 0.033935002982616425 0.24428120255470276 41.219337463378906 0.01880034990608692
63 343400 0.04840083420276642 0.2388848066329956 37.39177703857422 0.032026104629039764
63 343500 0.051657263189554214 0.2409082055091858 37.16939163208008 0.023829186335206032
63 343600 0.033162254840135574 0.24564671516418457 40.9455680847168 0.014337669126689434
63 343700 0.04006554186344147 0.24560129642486572 40.505455017089844 0.015570753253996372
63 343800 0.029945354908704758 0.24884659051895142 42.14653778076172 0.013858739286661148
63 343900 0.037550732493400574 0.2478843331336975 40.296592712402344 0.012993658892810345
63 344000 0.0348784439265728 0.24534693360328674 41.23341369628906 0.02164672501385212
63 344100 0.03575285151600838 0.24602657556533813 40.01005935668945 0.01773121766746044
63 344200 0.03116416744887829 0.24548116326332092 41.96460723876953 0.015271824784576893
63 344300 0.04499451071023941 0.24311022460460663 38.295021057128906 0.03101494535803795
63 344400 0.04618973284959793 0.2436264157295227 38.101043701171875 0.025352612137794495
63 344500 0.04480926692485809 0.245518296957016 39.856544494628906 0.01949997991323471
63 344600 0.05452115461230278 0.23815789818763733 35.52714538574219 0.02849307283759117
63 344700 0.04949215054512024 0.2433667778968811 37.62476348876953 0.023475270718336105
63 344800 0.04843968152999878 0.2443717122077942 38.929840087890625 0.016793744638562202
63 344900 0.02670411579310894 0.24733343720436096 42.930381774902344 0.0199043620377779
63 345000 0.028101835399866104 0.24671301245689392 42.763641357421875 0.015007917769253254
63 345100 0.04032884165644646 0.2436872273683548 39.67266845703125 0.022297199815511703
63 345200 0.042075615376234055 0.24541664123535156 39.41105651855469 0.02812325581908226
63 345300 0.03847585991024971 0.24534761905670166 40.44343185424805 0.01766050048172474
63 345400 0.027657400816679 0.2450089007616043 41.78722381591797 0.01306331716477871
64 345500 0.043359313160181046 0.24262773990631104 39.77183532714844 0.019190551713109016
64 345600 0.02690787985920906 0.24757394194602966 42.59883499145508 0.012195209972560406
64 345700 0.029870789498090744 0.24589449167251587 43.29042434692383 0.013416225090622902
64 345800 0.04629914090037346 0.24603331089019775 39.018280029296875 0.019682742655277252
64 345900 0.052892912179231644 0.23888956010341644 37.406558990478516 0.027329320088028908
64 346000 0.055943235754966736 0.23789379000663757 35.46588134765625 0.026718875393271446
64 346100 0.03991882875561714 0.24442514777183533 39.33190155029297 0.03123590350151062
64 346200 0.04252471774816513 0.24284185469150543 39.017242431640625 0.03010554052889347
64 346300 0.05143136531114578 0.23705188930034637 37.932464599609375 0.01890159584581852
64 346400 0.04556417465209961 0.24297793209552765 38.68229293823242 0.021950213238596916
64 346500 0.0390344075858593 0.24538108706474304 40.798004150390625 0.016850102692842484
64 346600 0.029132209718227386 0.24710863828659058 44.1204719543457 0.01362793892621994
64 346700 0.032234445214271545 0.24493245780467987 40.93960189819336 0.017577484250068665
64 346800 0.03871798515319824 0.24078917503356934 39.38460922241211 0.023069871589541435
64 346900 0.039561763405799866 0.2449323534965515 40.04734420776367 0.019945932552218437
64 347000 0.04369188845157623 0.2440839409828186 39.08855056762695 0.02203446812927723
64 347100 0.06947868317365646 0.23644009232521057 34.90476608276367 0.03455821052193642
64 347200 0.047980133444070816 0.23960036039352417 38.65740203857422 0.020172636955976486
64 347300 0.05582130700349808 0.24160891771316528 36.88911056518555 0.027132932096719742
64 347400 0.046799227595329285 0.23900938034057617 38.39398193359375 0.023385943844914436
64 347500 0.029736466705799103 0.2464514672756195 41.842498779296875 0.011346259154379368
64 347600 0.034186989068984985 0.24642100930213928 41.963165283203125 0.013828154653310776
64 347700 0.02911487966775894 0.2478017657995224 42.950958251953125 0.013687172904610634
64 347800 0.03927163779735565 0.2430429607629776 40.408748626708984 0.013392850756645203
64 347900 0.033586353063583374 0.2503051161766052 42.32398223876953 0.011788698844611645
64 348000 0.035790301859378815 0.24424904584884644 40.00070571899414 0.017176244407892227
64 348100 0.03831564635038376 0.24314157664775848 39.146034240722656 0.020564021542668343
64 348200 0.0450306162238121 0.24442169070243835 38.6551628112793 0.02083761990070343
64 348300 0.036265239119529724 0.24629813432693481 41.033653259277344 0.02360662817955017
64 348400 0.026576250791549683 0.24748495221138 43.593196868896484 0.012259298004209995
64 348500 0.03533051908016205 0.24612681567668915 41.514183044433594 0.014117044396698475
64 348600 0.04913207143545151 0.24315494298934937 38.808982849121094 0.022679924964904785
64 348700 0.03769569471478462 0.24042049050331116 40.490787506103516 0.018483338877558708
64 348800 0.031108863651752472 0.24864111840724945 41.117820739746094 0.020304137840867043
64 348900 0.05011395364999771 0.2463606894016266 35.09128952026367 0.028515780344605446
64 349000 0.04821930453181267 0.2439039945602417 38.23953628540039 0.014605771750211716
64 349100 0.04329279437661171 0.24178102612495422 39.58207321166992 0.01698465272784233
64 349200 0.04315313696861267 0.2458186000585556 39.225868225097656 0.020287321880459785
64 349300 0.04211610555648804 0.2458203136920929 39.20646667480469 0.01883344165980816
64 349400 0.03844577446579933 0.24336060881614685 39.98368453979492 0.020192354917526245
64 349500 0.022601231932640076 0.24896995723247528 45.03097915649414 0.00837623793631792
64 349600 0.041671574115753174 0.2460326850414276 39.15143585205078 0.013851534575223923
64 349700 0.03663160651922226 0.2475469708442688 40.086090087890625 0.016192492097616196
64 349800 0.04024599865078926 0.24815872311592102 39.36344528198242 0.016020871698856354
64 349900 0.06183834373950958 0.2385861873626709 35.17484664916992 0.043989021331071854
64 350000 0.04780244082212448 0.24001021683216095 37.807762145996094 0.03243863210082054
64 350100 0.04028144106268883 0.2454456090927124 39.587032318115234 0.020677829161286354
64 350200 0.04161767661571503 0.2457256317138672 39.53654861450195 0.02156171016395092
64 350300 0.047926269471645355 0.24684515595436096 38.60951232910156 0.019792484119534492
64 350400 0.03215232491493225 0.24871507287025452 42.81560516357422 0.009245890192687511
64 350500 0.03458120673894882 0.24539098143577576 41.184688568115234 0.015357309021055698
64 350600 0.04160397872328758 0.24506725370883942 39.504005432128906 0.0249753650277853
64 350700 0.030184827744960785 0.24614210426807404 40.44369888305664 0.022786924615502357
64 350800 0.047599099576473236 0.24012067914009094 38.110816955566406 0.02459731698036194
64 350900 0.024675481021404266 0.24527227878570557 41.365386962890625 0.01248384639620781
65 351000 0.03389957919716835 0.24591481685638428 40.645896911621094 0.013573289848864079
65 351100 0.037578172981739044 0.245735302567482 40.8965950012207 0.020805511623620987
65 351200 0.04024816304445267 0.2421281337738037 38.43802261352539 0.02509620040655136
65 351300 0.048379670828580856 0.24212487041950226 37.76786422729492 0.02643429860472679
65 351400 0.03845434635877609 0.24362215399742126 39.94125747680664 0.020016584545373917
65 351500 0.03214211016893387 0.24746723473072052 42.01655960083008 0.021698452532291412
65 351600 0.04712606221437454 0.23917318880558014 38.19515609741211 0.03183961287140846
65 351700 0.03900965303182602 0.2484777569770813 41.638671875 0.013674840331077576
65 351800 0.025204628705978394 0.24892476201057434 44.24726104736328 0.01068896148353815
65 351900 0.04595813527703285 0.24524536728858948 38.499839782714844 0.0187065526843071
65 352000 0.04061072692275047 0.24892544746398926 40.95489501953125 0.01353453192859888
65 352100 0.04324919357895851 0.23834499716758728 38.480953216552734 0.02304285578429699
65 352200 0.03008919581770897 0.24620506167411804 42.611412048339844 0.01745515689253807
65 352300 0.05095826834440231 0.2452325075864792 37.67930603027344 0.02369307167828083
65 352400 0.032076381146907806 0.24452538788318634 41.294921875 0.0150798000395298
65 352500 0.04985767602920532 0.23801888525485992 38.27660369873047 0.028169211000204086
65 352600 0.042160697281360626 0.24007511138916016 37.42927169799805 0.02397453412413597
65 352700 0.027471143752336502 0.24597947299480438 42.14550018310547 0.018857106566429138
65 352800 0.04394187778234482 0.24185004830360413 39.340538024902344 0.019938889890909195
65 352900 0.045488521456718445 0.24280086159706116 38.81555938720703 0.025186408311128616
65 353000 0.034010522067546844 0.2473345398902893 41.95737075805664 0.01909990794956684
65 353100 0.035733044147491455 0.24352654814720154 41.096771240234375 0.01552923396229744
65 353200 0.04181993007659912 0.24637718498706818 40.069637298583984 0.026085350662469864
65 353300 0.03768499195575714 0.2469620704650879 41.0655403137207 0.018084900453686714
65 353400 0.050340279936790466 0.24531470239162445 37.722900390625 0.02483063004910946
65 353500 0.042006831616163254 0.24519029259681702 39.61863708496094 0.017679329961538315
65 353600 0.03140357509255409 0.24715551733970642 41.341957092285156 0.015246406197547913
65 353700 0.0454888790845871 0.24525994062423706 38.67976379394531 0.020395420491695404
65 353800 0.0511203408241272 0.23987722396850586 35.65361022949219 0.036204420030117035
65 353900 0.038552504032850266 0.24363917112350464 38.44940948486328 0.020074747502803802
65 354000 0.03693704679608345 0.24562153220176697 40.36366653442383 0.02014472708106041
65 354100 0.03742799535393715 0.2436467409133911 40.066715240478516 0.023729054257273674
65 354200 0.029264606535434723 0.2464846968650818 43.07640838623047 0.021898364648222923
65 354300 0.03619483858346939 0.24620801210403442 41.24544906616211 0.0209608506411314
65 354400 0.046894293278455734 0.24201560020446777 37.74479675292969 0.024950049817562103
65 354500 0.04348842799663544 0.2398875653743744 38.88772201538086 0.021186403930187225
65 354600 0.02903900481760502 0.24568811058998108 42.52195739746094 0.012857140973210335
65 354700 0.052060775458812714 0.24110014736652374 37.273406982421875 0.027575191110372543
65 354800 0.04164052754640579 0.24166865646839142 38.90247344970703 0.031821928918361664
65 354900 0.03542568162083626 0.24659839272499084 40.110565185546875 0.017030030488967896
65 355000 0.03300140053033829 0.2440599501132965 41.383201599121094 0.01762373186647892
65 355100 0.032062068581581116 0.24408970773220062 40.441017150878906 0.019172953441739082
65 355200 0.029704589396715164 0.24597983062267303 42.02202606201172 0.015636194497346878
65 355300 0.0438716784119606 0.24366846680641174 38.82379913330078 0.0194157212972641
65 355400 0.04841121286153793 0.23842906951904297 37.60975646972656 0.023027118295431137
65 355500 0.04256471246480942 0.245986670255661 39.91520690917969 0.013452907092869282
65 355600 0.03324282914400101 0.24951815605163574 41.777259826660156 0.01263971347361803
65 355700 0.050069957971572876 0.245798259973526 38.965171813964844 0.018721366301178932
65 355800 0.057977594435214996 0.24189594388008118 36.64899444580078 0.02639850042760372
65 355900 0.0388333834707737 0.2460978925228119 39.58676528930664 0.01932724192738533
65 356000 0.04078688099980354 0.24621844291687012 39.778076171875 0.01874290592968464
65 356100 0.03003542870283127 0.24417361617088318 41.57061767578125 0.018085889518260956
65 356200 0.02725747600197792 0.247671440243721 43.343833923339844 0.009316358715295792
65 356300 0.03897503390908241 0.24391688406467438 40.32819747924805 0.018210258334875107
65 356400 0.04077790677547455 0.24680903553962708 39.35936737060547 0.01947387121617794
66 356500 0.03936048969626427 0.24626228213310242 39.490447998046875 0.021722866222262383
66 356600 0.0449487529695034 0.24090060591697693 38.719844818115234 0.023081786930561066
66 356700 0.03586093336343765 0.24277673661708832 40.38475799560547 0.019955245777964592
66 356800 0.03373906761407852 0.2482071816921234 42.42863845825195 0.013172528706490993
66 356900 0.02765800431370735 0.24771630764007568 42.81554412841797 0.01135605201125145
66 357000 0.045595090836286545 0.2460612952709198 39.54264450073242 0.0188393946737051
66 357100 0.04541543126106262 0.2398892045021057 37.614768981933594 0.022166188806295395
66 357200 0.028975095599889755 0.24729454517364502 42.813758850097656 0.014782587066292763
66 357300 0.03537413477897644 0.24922168254852295 41.217769622802734 0.01903889887034893
66 357400 0.05084122717380524 0.24265319108963013 37.92280578613281 0.028833914548158646
66 357500 0.035153280943632126 0.24468675255775452 42.290809631347656 0.011899283155798912
66 357600 0.049604859203100204 0.2411150187253952 38.616455078125 0.017451653257012367
66 357700 0.044484421610832214 0.23978105187416077 37.96405029296875 0.02753160521388054
66 357800 0.044068675488233566 0.24380362033843994 38.63417053222656 0.02232273295521736
66 357900 0.036907605826854706 0.24524450302124023 41.145050048828125 0.018730176612734795
66 358000 0.040271975100040436 0.2462197244167328 39.75022888183594 0.018866611644625664
66 358100 0.03535010665655136 0.24760153889656067 41.85210037231445 0.015473565086722374
66 358200 0.05362170562148094 0.24043512344360352 38.33778381347656 0.019698500633239746
66 358300 0.044074177742004395 0.2478047013282776 40.52972412109375 0.017334096133708954
66 358400 0.03504519537091255 0.2465572953224182 42.737159729003906 0.01360774040222168
66 358500 0.05381874740123749 0.23751486837863922 37.38799285888672 0.026674192398786545
66 358600 0.03441818058490753 0.24711555242538452 42.93781661987305 0.02043089270591736
66 358700 0.04224788770079613 0.2450254261493683 38.898712158203125 0.01961352862417698
66 358800 0.028601547703146935 0.24829711019992828 42.35306930541992 0.011556429788470268
66 358900 0.03648502752184868 0.24640583992004395 40.09049606323242 0.020882191136479378
66 359000 0.039906229823827744 0.2453862577676773 40.343570709228516 0.021315550431609154
66 359100 0.03398551791906357 0.24671444296836853 40.856689453125 0.019482996314764023
66 359200 0.04195684939622879 0.24630285799503326 38.90039825439453 0.019907495006918907
66 359300 0.03699828311800957 0.24366256594657898 39.324623107910156 0.017655054107308388
66 359400 0.03773665055632591 0.24614238739013672 39.85113525390625 0.01757143624126911
66 359500 0.059288620948791504 0.2341414988040924 35.73077392578125 0.031058425083756447
66 359600 0.03071743994951248 0.24699385464191437 41.58961486816406 0.015841210260987282
66 359700 0.03132329136133194 0.24779760837554932 42.479347229003906 0.014842051081359386
66 359800 0.03770212084054947 0.24447166919708252 39.488922119140625 0.01943446509540081
66 359900 0.05876155197620392 0.24097701907157898 37.39583969116211 0.02340763621032238
66 360000 0.039525166153907776 0.2469068318605423 40.05607223510742 0.01967986486852169
66 360100 0.0616881437599659 0.23729851841926575 35.910308837890625 0.03279230743646622
66 360200 0.03211408853530884 0.247422993183136 42.207740783691406 0.015908541157841682
66 360300 0.04998832195997238 0.24441330134868622 38.57270050048828 0.02047882229089737
66 360400 0.045919567346572876 0.23759034276008606 37.92359924316406 0.019582070410251617
66 360500 0.051801614463329315 0.24636101722717285 37.44071578979492 0.023431086912751198
66 360600 0.03391177952289581 0.24608063697814941 39.92528533935547 0.02103254571557045
66 360700 0.03471873700618744 0.24477486312389374 41.82138442993164 0.01719839498400688
66 360800 0.04528278112411499 0.24692535400390625 39.342254638671875 0.015148093923926353
66 360900 0.04007130116224289 0.24669848382472992 40.14167404174805 0.017546314746141434
66 361000 0.05224984139204025 0.2421887218952179 37.46900177001953 0.024950731545686722
66 361100 0.04760202392935753 0.24130049347877502 38.272865295410156 0.027483439072966576
66 361200 0.055975936353206635 0.23989304900169373 35.435218811035156 0.03466970846056938
66 361300 0.039076756685972214 0.24699746072292328 40.28246307373047 0.015434019267559052
66 361400 0.04169882833957672 0.24161887168884277 39.30895233154297 0.019954804331064224
66 361500 0.043131474405527115 0.24342095851898193 38.97298049926758 0.02622966654598713
66 361600 0.04021192342042923 0.24610863626003265 41.250221252441406 0.01638001576066017
66 361700 0.04673327878117561 0.2464923858642578 40.16423797607422 0.016446499153971672
66 361800 0.04408903792500496 0.24351784586906433 38.70241928100586 0.025527745485305786
66 361900 0.04057405889034271 0.2432197630405426 39.400455474853516 0.019561605527997017
67 362000 0.04541824012994766 0.24475336074829102 39.954315185546875 0.018525391817092896
67 362100 0.04401257261633873 0.24311593174934387 39.413604736328125 0.02173388935625553
67 362200 0.03539082407951355 0.24562802910804749 41.28858947753906 0.014443834312260151
67 362300 0.038089051842689514 0.2466830313205719 38.98011779785156 0.017422441393136978
67 362400 0.03399262577295303 0.24520190060138702 40.780948638916016 0.021767307072877884
67 362500 0.033081166446208954 0.2474087029695511 41.0458869934082 0.017892250791192055
67 362600 0.04025733843445778 0.24147135019302368 39.801177978515625 0.019159313291311264
67 362700 0.05704556778073311 0.24025893211364746 34.64915466308594 0.02735055610537529
67 362800 0.036436744034290314 0.2458263784646988 40.685699462890625 0.018664678558707237
67 362900 0.03646821156144142 0.24684308469295502 40.0166015625 0.01791456714272499
67 363000 0.048413872718811035 0.24584074318408966 37.812416076660156 0.02181207202374935
67 363100 0.034322913736104965 0.24593064188957214 40.0132942199707 0.014844078570604324
67 363200 0.04733479768037796 0.2420177012681961 38.34693145751953 0.02524862438440323
67 363300 0.036307573318481445 0.24500593543052673 40.40055847167969 0.0124870166182518
67 363400 0.04689857363700867 0.24635255336761475 38.65516662597656 0.01914767362177372
67 363500 0.03984692692756653 0.24289821088314056 39.45922088623047 0.017943982034921646
67 363600 0.028842449188232422 0.24732431769371033 42.327598571777344 0.01648910716176033
67 363700 0.051659487187862396 0.2446698248386383 36.930538177490234 0.028745563700795174
67 363800 0.039627350866794586 0.2417650818824768 39.16333770751953 0.02128787152469158
67 363900 0.048080094158649445 0.23934850096702576 38.11139678955078 0.025719262659549713
67 364000 0.034502752125263214 0.2427457869052887 41.114601135253906 0.019308432936668396
67 364100 0.041478898376226425 0.2407851219177246 40.65147399902344 0.01738423854112625
67 364200 0.04124610871076584 0.24467870593070984 39.39851379394531 0.022483110427856445
67 364300 0.04658449441194534 0.23812738060951233 38.8962516784668 0.02463958039879799
67 364400 0.039273228496313095 0.2455502450466156 41.27747344970703 0.01860727183520794
67 364500 0.03905969113111496 0.24666981399059296 41.265499114990234 0.02199690043926239
67 364600 0.03638174384832382 0.24289318919181824 40.36250305175781 0.02136419527232647
67 364700 0.04873410239815712 0.2393912374973297 36.4232063293457 0.01994945853948593
67 364800 0.053878962993621826 0.2387057989835739 38.25 0.021503904834389687
67 364900 0.03174107149243355 0.2453910857439041 41.811893463134766 0.017082106322050095
67 365000 0.040651705116033554 0.24006126821041107 38.08433151245117 0.025654194876551628
67 365100 0.0415981262922287 0.24325908720493317 39.434593200683594 0.015618483535945415
67 365200 0.0371423065662384 0.2458496391773224 39.88648223876953 0.022257180884480476
67 365300 0.03873857483267784 0.24632713198661804 40.910484313964844 0.019936097785830498
67 365400 0.03826632350683212 0.24596869945526123 40.638572692871094 0.019631046801805496
67 365500 0.028617048636078835 0.24577167630195618 43.603878021240234 0.01532337162643671
67 365600 0.046959809958934784 0.24501773715019226 38.91804122924805 0.021194880828261375
67 365700 0.04514411836862564 0.242110013961792 39.05379104614258 0.020185155794024467
67 365800 0.03686881437897682 0.24683710932731628 40.879638671875 0.014072329737246037
67 365900 0.040053486824035645 0.2451878786087036 40.81520462036133 0.01418443862348795
67 366000 0.02683791145682335 0.2475663721561432 42.97383117675781 0.014569917693734169
67 366100 0.0330556258559227 0.2493623048067093 42.542991638183594 0.011730280704796314
67 366200 0.0350470244884491 0.24944940209388733 41.25825500488281 0.0124480240046978
67 366300 0.04108383506536484 0.24497991800308228 39.28590774536133 0.021678447723388672
67 366400 0.03542948141694069 0.24591949582099915 40.470619201660156 0.019820954650640488
67 366500 0.035468947142362595 0.2493291050195694 41.3068733215332 0.013199025765061378
67 366600 0.04017080366611481 0.24226167798042297 40.440982818603516 0.017359260469675064
67 366700 0.04142092168331146 0.24777010083198547 38.91215133666992 0.013212651945650578
67 366800 0.05323617160320282 0.23838503658771515 36.84439468383789 0.030537961050868034
67 366900 0.045007042586803436 0.24782779812812805 37.133811950683594 0.02224699780344963
67 367000 0.039320483803749084 0.2469140589237213 40.63759994506836 0.01867399364709854
67 367100 0.04201555252075195 0.2432980090379715 39.851810455322266 0.018198147416114807
67 367200 0.04540957510471344 0.2494400292634964 38.614837646484375 0.017673170194029808
67 367300 0.04358990490436554 0.2441817969083786 40.04121017456055 0.028698928654193878
67 367400 0.03358685225248337 0.2456895411014557 41.7963981628418 0.013886967673897743
68 367500 0.04165297746658325 0.24656963348388672 39.05356979370117 0.018231086432933807
68 367600 0.04430396109819412 0.23998332023620605 37.833587646484375 0.030554931610822678
68 367700 0.0404445081949234 0.2424180805683136 38.62396240234375 0.023656848818063736
68 367800 0.029442913830280304 0.24700789153575897 43.03326416015625 0.013962202705442905
68 367900 0.04683598875999451 0.24456095695495605 38.77730178833008 0.02396869659423828
68 368000 0.042055100202560425 0.2423999011516571 39.749595642089844 0.019895531237125397
68 368100 0.058309406042099 0.23469388484954834 35.31342697143555 0.030586374923586845
68 368200 0.03719530627131462 0.24394050240516663 41.06792449951172 0.018241260200738907
68 368300 0.045437347143888474 0.2425854206085205 37.573753356933594 0.027084844186902046
68 368400 0.05293388292193413 0.24356171488761902 37.221954345703125 0.038182444870471954
68 368500 0.04147209972143173 0.24438968300819397 38.84572219848633 0.02694288268685341
68 368600 0.03780354559421539 0.2475598305463791 40.2225341796875 0.01571892574429512
68 368700 0.026390012353658676 0.24821418523788452 42.505889892578125 0.012818709947168827
68 368800 0.03315320611000061 0.24779286980628967 41.49494552612305 0.014332585036754608
68 368900 0.03026142343878746 0.24864643812179565 43.056861877441406 0.017444994300603867
68 369000 0.04245825484395027 0.24313488602638245 39.136314392089844 0.023354245349764824
68 369100 0.026076439768075943 0.24753186106681824 43.482059478759766 0.01266555581241846
68 369200 0.04164503514766693 0.2435646951198578 40.457672119140625 0.020588509738445282
68 369300 0.05024158954620361 0.23932453989982605 36.48528289794922 0.038471519947052
68 369400 0.049296677112579346 0.23993265628814697 37.780967712402344 0.03549332916736603
68 369500 0.02836025319993496 0.24794629216194153 43.257633209228516 0.009568719193339348
68 369600 0.04212898388504982 0.24292172491550446 38.260005950927734 0.0269184410572052
68 369700 0.030141785740852356 0.24509188532829285 42.5225944519043 0.020098034292459488
68 369800 0.036408357322216034 0.24357597529888153 40.09417724609375 0.022112702950835228
68 369900 0.04084674268960953 0.2481997013092041 40.32614517211914 0.0128382733091712
68 370000 0.031240325421094894 0.2452780306339264 41.14411163330078 0.020285993814468384
68 370100 0.025675633922219276 0.24953651428222656 42.00244140625 0.011079708114266396
68 370200 0.033354997634887695 0.2424536645412445 40.3504524230957 0.025734705850481987
68 370300 0.04922197759151459 0.2464483380317688 38.420066833496094 0.019226592034101486
68 370400 0.04080390930175781 0.24699300527572632 39.065486907958984 0.015288859605789185
68 370500 0.05024869740009308 0.2453504353761673 38.27831268310547 0.023106776177883148
68 370600 0.03945808857679367 0.24305486679077148 39.614898681640625 0.021050939336419106
68 370700 0.048144496977329254 0.2429261952638626 36.40644073486328 0.035232532769441605
68 370800 0.03349734842777252 0.24541300535202026 41.57124328613281 0.01641472987830639
68 370900 0.04080081731081009 0.24002164602279663 38.715091705322266 0.026129458099603653
68 371000 0.04047546908259392 0.24443969130516052 39.65191650390625 0.023625971749424934
68 371100 0.04728998243808746 0.2459636628627777 38.702423095703125 0.016679935157299042
68 371200 0.03399161621928215 0.24455340206623077 40.81056594848633 0.013000253587961197
68 371300 0.03248776122927666 0.2449037730693817 41.28919982910156 0.018081683665513992
68 371400 0.04387669265270233 0.24398930370807648 40.5540771484375 0.017623085528612137
68 371500 0.038435693830251694 0.2480827420949936 41.33179473876953 0.016391946002840996
68 371600 0.036261629313230515 0.24615256488323212 40.21226501464844 0.018070118501782417
68 371700 0.03337639570236206 0.24336276948451996 41.03573989868164 0.017462339252233505
68 371800 0.029140915721654892 0.24848943948745728 44.19056701660156 0.010578567162156105
68 371900 0.03303138539195061 0.24472370743751526 40.69103240966797 0.01772829331457615
68 372000 0.03604084253311157 0.2479456663131714 41.826717376708984 0.012785222381353378
68 372100 0.04001159965991974 0.24029311537742615 38.65692901611328 0.02006702683866024
68 372200 0.034033000469207764 0.246993750333786 42.33930969238281 0.011595762334764004
68 372300 0.033756617456674576 0.24476763606071472 41.819244384765625 0.018880212679505348
68 372400 0.04414205625653267 0.24277281761169434 39.30207824707031 0.01952499710023403
68 372500 0.028509026393294334 0.24757596850395203 43.46034240722656 0.014951479621231556
68 372600 0.028683854267001152 0.24380874633789062 41.52291488647461 0.01712077669799328
68 372700 0.03992506116628647 0.2443474531173706 39.901641845703125 0.021334584802389145
68 372800 0.048788607120513916 0.2455897033214569 39.681705474853516 0.016856549307703972
68 372900 0.03846607729792595 0.2421361804008484 38.83612823486328 0.021805625408887863
69 373000 0.029886052012443542 0.24512791633605957 42.08477020263672 0.013818952254951
69 373100 0.056335560977458954 0.24115929007530212 36.311744689941406 0.0259247999638319
69 373200 0.05065581947565079 0.2438664734363556 37.48582077026367 0.018772896379232407
69 373300 0.030738236382603645 0.24435128271579742 42.24638366699219 0.0168473981320858
69 373400 0.04736129939556122 0.24138179421424866 38.801673889160156 0.018427126109600067
69 373500 0.04679486155509949 0.24263910949230194 38.64605712890625 0.023270713165402412
69 373600 0.056239403784275055 0.24155205488204956 37.31022262573242 0.023155977949500084
69 373700 0.055710867047309875 0.2388206273317337 36.09681701660156 0.022661389783024788
69 373800 0.03902643546462059 0.24323901534080505 39.56346893310547 0.023889493197202682
69 373900 0.03608962893486023 0.25035595893859863 41.6776008605957 0.016571583226323128
69 374000 0.02198963053524494 0.2493666708469391 45.10654067993164 0.0093707125633955
69 374100 0.03483813256025314 0.24616700410842896 40.50952911376953 0.018267309293150902
69 374200 0.03556237369775772 0.24522703886032104 41.43626022338867 0.013111243024468422
69 374300 0.03538159281015396 0.24393633008003235 41.436607360839844 0.024736162275075912
69 374400 0.02980434149503708 0.24687311053276062 42.574127197265625 0.011124997399747372
69 374500 0.04926415532827377 0.24522309005260468 38.62684631347656 0.020810378715395927
69 374600 0.03786257281899452 0.2460102140903473 40.58250427246094 0.014652411453425884
69 374700 0.038505807518959045 0.2457769215106964 40.917476654052734 0.018624477088451385
69 374800 0.041954390704631805 0.24226677417755127 39.81791305541992 0.020263928920030594
69 374900 0.04882506653666496 0.2441244125366211 37.953487396240234 0.027035240083932877
69 375000 0.026486318558454514 0.24989411234855652 43.409244537353516 0.013371163047850132
69 375100 0.028042849153280258 0.24475431442260742 42.031463623046875 0.014376585371792316
69 375200 0.051520273089408875 0.2367691695690155 36.87328338623047 0.03331882134079933
69 375300 0.03690258413553238 0.243080735206604 39.90140914916992 0.02026873640716076
69 375400 0.04912199825048447 0.24302303791046143 37.01911544799805 0.02652285061776638
69 375500 0.041862692683935165 0.24869553744792938 39.236305236816406 0.016891488805413246
69 375600 0.04895614832639694 0.244675874710083 39.168296813964844 0.016515467315912247
69 375700 0.045029327273368835 0.23962853848934174 37.053428649902344 0.032693181186914444
69 375800 0.032389067113399506 0.24670425057411194 42.984153747558594 0.013626129366457462
69 375900 0.03373929113149643 0.24697771668434143 41.807647705078125 0.016368268057703972
69 376000 0.044116418808698654 0.2452813982963562 38.70738983154297 0.026607530191540718
69 376100 0.03877286612987518 0.2447984218597412 39.733489990234375 0.02192692458629608
69 376200 0.04234035685658455 0.24404266476631165 38.78987503051758 0.017608730122447014
69 376300 0.05391542240977287 0.2399774193763733 37.4220085144043 0.022800052538514137
69 376400 0.07512108981609344 0.2382163405418396 32.01398849487305 0.04161049425601959
69 376500 0.030232302844524384 0.24917945265769958 43.120845794677734 0.01152923982590437
69 376600 0.04596102237701416 0.24058333039283752 38.956787109375 0.02131524309515953
69 376700 0.032646626234054565 0.2455480694770813 41.63758087158203 0.01144834142178297
69 376800 0.05803610011935234 0.23828577995300293 35.613529205322266 0.026183325797319412
69 376900 0.055722925812006 0.23818901181221008 37.321346282958984 0.025354016572237015
69 377000 0.04242906719446182 0.24995237588882446 39.612159729003906 0.014330511912703514
69 377100 0.04305698350071907 0.2453688085079193 39.1429443359375 0.0206979401409626
69 377200 0.03864125907421112 0.24491700530052185 40.32339096069336 0.017456740140914917
69 377300 0.0429319404065609 0.2408466786146164 38.372779846191406 0.01909264177083969
69 377400 0.03786396235227585 0.24470144510269165 39.42873001098633 0.02028791606426239
69 377500 0.03222902864217758 0.24850380420684814 42.25999450683594 0.013600368052721024
69 377600 0.028475627303123474 0.24724507331848145 42.00846481323242 0.01603720895946026
69 377700 0.03851667791604996 0.2432258427143097 40.16786575317383 0.025945745408535004
69 377800 0.0548863559961319 0.24118027091026306 37.70696258544922 0.025828300043940544
69 377900 0.03572041168808937 0.2468932569026947 42.43164825439453 0.014432926662266254
69 378000 0.05301249027252197 0.2410510778427124 36.46477508544922 0.026200387626886368
69 378100 0.04666481167078018 0.23971737921237946 37.97040557861328 0.025113984942436218
69 378200 0.04933781176805496 0.24197515845298767 38.334503173828125 0.024466048926115036
69 378300 0.04358883947134018 0.2419857531785965 38.635658264160156 0.019359121099114418
70 378400 0.046114031225442886 0.2380330115556717 36.79916763305664 0.023899847641587257
70 378500 0.03590803220868111 0.24297401309013367 38.72298049926758 0.01720847561955452
70 378600 0.027430061250925064 0.2475813329219818 44.48399353027344 0.010926507413387299
70 378700 0.044177453964948654 0.2453082948923111 39.773292541503906 0.01478499360382557
70 378800 0.04592980444431305 0.23928582668304443 37.797855377197266 0.028802789747714996
70 378900 0.04015307128429413 0.24216893315315247 38.9703254699707 0.023796839639544487
70 379000 0.031339503824710846 0.2460135817527771 42.673622131347656 0.013172444887459278
70 379100 0.030785944312810898 0.2459753155708313 42.80284118652344 0.012265692465007305
70 379200 0.040511392056941986 0.24457022547721863 39.568328857421875 0.015615565702319145
70 379300 0.04803457483649254 0.2371152937412262 36.886627197265625 0.027430422604084015
70 379400 0.039514463394880295 0.24383720755577087 40.73890686035156 0.016363661736249924
70 379500 0.05849676579236984 0.24113872647285461 35.14214324951172 0.033354125916957855
70 379600 0.04386131837964058 0.24704664945602417 38.854042053222656 0.02135433442890644
70 379700 0.035260844975709915 0.24714180827140808 41.62441635131836 0.01650930568575859
70 379800 0.05956970155239105 0.23512563109397888 35.2794189453125 0.033534273505210876
70 379900 0.03714828938245773 0.2468615174293518 40.6087646484375 0.01815582625567913
70 380000 0.04694586992263794 0.24563372135162354 39.36001968383789 0.01757238805294037
70 380100 0.03782280161976814 0.243044912815094 41.29369354248047 0.022297583520412445
70 380200 0.03764014318585396 0.24298161268234253 38.85475158691406 0.03252393379807472
70 380300 0.03232654929161072 0.24637433886528015 41.5550537109375 0.015601392835378647
70 380400 0.03264443576335907 0.2443755865097046 42.07761764526367 0.009874173440039158
70 380500 0.04919939488172531 0.2395170032978058 38.313819885253906 0.024718601256608963
70 380600 0.05448430776596069 0.23818686604499817 37.08164978027344 0.023267420008778572
70 380700 0.041519880294799805 0.24521633982658386 39.384979248046875 0.020828967913985252
70 380800 0.038320980966091156 0.24708154797554016 38.948768615722656 0.024049067869782448
70 380900 0.03997517749667168 0.2431415468454361 39.80270004272461 0.019864579662680626
70 381000 0.023224856704473495 0.24908630549907684 44.24637222290039 0.01105315051972866
70 381100 0.04309749975800514 0.2412087619304657 38.71258544921875 0.02215045876801014
70 381200 0.03684285283088684 0.24533474445343018 40.724700927734375 0.01880996860563755
70 381300 0.044159576296806335 0.24487829208374023 39.826942443847656 0.018126334995031357
70 381400 0.031012296676635742 0.2471582144498825 42.61759567260742 0.01492354366928339
70 381500 0.032346323132514954 0.24476419389247894 40.79783630371094 0.019572662189602852
70 381600 0.03089430183172226 0.24832063913345337 40.03308868408203 0.015211055986583233
70 381700 0.03985690325498581 0.24633467197418213 40.09304428100586 0.02008507214486599
70 381800 0.03311818838119507 0.24908286333084106 41.876976013183594 0.012722039595246315
70 381900 0.03864579647779465 0.24323993921279907 41.15200424194336 0.01693345047533512
70 382000 0.04967629909515381 0.23802140355110168 37.947906494140625 0.019837448373436928
70 382100 0.03540375828742981 0.24327602982521057 40.40397644042969 0.022511474788188934
70 382200 0.038117893040180206 0.2469683587551117 40.32245635986328 0.01831284537911415
70 382300 0.043119970709085464 0.245344340801239 39.12141418457031 0.023400984704494476
70 382400 0.04423245042562485 0.2455316185951233 38.58113479614258 0.027002353221178055
70 382500 0.024253658950328827 0.247688889503479 44.08528137207031 0.010026872158050537
70 382600 0.044626664370298386 0.24163076281547546 39.49596405029297 0.018045999109745026
70 382700 0.04118850827217102 0.24229928851127625 38.40739440917969 0.02070879191160202
70 382800 0.04039837419986725 0.24505633115768433 39.43329620361328 0.02180686593055725
70 382900 0.03900391235947609 0.24624520540237427 40.938995361328125 0.022316722199320793
70 383000 0.04294564202427864 0.244357630610466 38.78465270996094 0.02552933059632778
70 383100 0.04655645787715912 0.2407154142856598 38.41697692871094 0.029750268906354904
70 383200 0.04035015031695366 0.24081534147262573 39.540428161621094 0.020840508863329887
70 383300 0.035123419016599655 0.2470906674861908 39.3766975402832 0.016243373975157738
70 383400 0.042397305369377136 0.24539285898208618 40.96160125732422 0.017827989533543587
70 383500 0.03394494578242302 0.2452692687511444 42.2293701171875 0.01141378190368414
70 383600 0.03674968332052231 0.24444887042045593 41.217506408691406 0.01583491638302803
70 383700 0.03991199657320976 0.24483510851860046 40.01557159423828 0.017743509262800217
70 383800 0.05826874077320099 0.24001356959342957 36.54167556762695 0.04489999637007713
71 383900 0.03396129608154297 0.24711443483829498 40.99420928955078 0.017651395872235298
71 384000 0.04346656799316406 0.24392729997634888 37.60483932495117 0.026383396238088608
71 384100 0.03541986644268036 0.24775314331054688 41.637935638427734 0.01504557952284813
71 384200 0.05207299813628197 0.24454109370708466 36.934181213378906 0.02318662963807583
71 384300 0.04461512714624405 0.24336862564086914 38.41490173339844 0.02062270976603031
71 384400 0.03834722191095352 0.2410506308078766 40.37187576293945 0.02242366224527359
71 384500 0.04060377553105354 0.24124103784561157 39.6317024230957 0.01962411217391491
71 384600 0.028168808668851852 0.24775132536888123 43.445823669433594 0.01268985029309988
71 384700 0.029762666672468185 0.2487773299217224 43.61309051513672 0.013243133202195168
71 384800 0.03795818239450455 0.24820592999458313 41.0677490234375 0.011328691616654396
71 384900 0.041830357164144516 0.24424400925636292 40.414886474609375 0.0201326422393322
71 385000 0.04841994866728783 0.24346069991588593 37.73011779785156 0.026559915393590927
71 385100 0.046419061720371246 0.24325214326381683 38.75914764404297 0.018197961151599884
71 385200 0.04392307624220848 0.24644190073013306 39.708473205566406 0.0180130023509264
71 385300 0.04748019948601723 0.24162989854812622 37.9519157409668 0.026022667065262794
71 385400 0.029403081163764 0.24692952632904053 40.80997085571289 0.011244656518101692
71 385500 0.047214481979608536 0.2376486361026764 38.07311248779297 0.020486943423748016
71 385600 0.032951273024082184 0.24362125992774963 39.7896728515625 0.02032175473868847
71 385700 0.05661832541227341 0.23957717418670654 36.37509536743164 0.027617188170552254
71 385800 0.0415428951382637 0.24603213369846344 39.1727180480957 0.017309753224253654
71 385900 0.050223372876644135 0.24063906073570251 37.47833251953125 0.020191740244627
71 386000 0.03855782747268677 0.24530094861984253 39.95832061767578 0.023652689531445503
71 386100 0.02596357651054859 0.24806740880012512 43.83809280395508 0.011621762067079544
71 386200 0.03765321150422096 0.24356615543365479 40.46417999267578 0.016480684280395508
71 386300 0.03472360223531723 0.2450924962759018 39.95789337158203 0.01472113374620676
71 386400 0.038715340197086334 0.24370065331459045 39.93825149536133 0.02197265811264515
71 386500 0.03753543645143509 0.2447439283132553 39.28157043457031 0.019184650853276253
71 386600 0.05172320082783699 0.24410885572433472 37.525638580322266 0.01855243369936943
71 386700 0.04710754007101059 0.2463395744562149 39.473365783691406 0.02037770301103592
71 386800 0.03911426663398743 0.24680545926094055 39.935604095458984 0.01604987308382988
71 386900 0.02637212723493576 0.24732905626296997 43.10673141479492 0.014346754178404808
71 387000 0.036676451563835144 0.24450138211250305 40.08618927001953 0.02533242106437683
71 387100 0.0344855971634388 0.24604251980781555 40.79850769042969 0.02031209133565426
71 387200 0.06101151928305626 0.2359144687652588 34.72748947143555 0.04180700331926346
71 387300 0.040257275104522705 0.24669933319091797 39.91783905029297 0.021921763196587563
71 387400 0.0466984398663044 0.24338331818580627 37.71337890625 0.025064559653401375
71 387500 0.023934967815876007 0.24718481302261353 43.8333740234375 0.011211569420993328
71 387600 0.036641210317611694 0.24885477125644684 40.946754455566406 0.013848804868757725
71 387700 0.034620095044374466 0.24499118328094482 41.47257614135742 0.016358032822608948
71 387800 0.038506511598825455 0.23938217759132385 40.24554443359375 0.021469103172421455
71 387900 0.04811294749379158 0.24294298887252808 37.52081298828125 0.02777426317334175
71 388000 0.032402653247117996 0.24621734023094177 42.01390838623047 0.014409216120839119
71 388100 0.04208667203783989 0.24335487186908722 39.39826965332031 0.020803244784474373
71 388200 0.05888808146119118 0.23889589309692383 36.23288345336914 0.03133672475814819
71 388300 0.04105702415108681 0.24944064021110535 41.74781036376953 0.011124181561172009
71 388400 0.03786207735538483 0.24480800330638885 40.97172164916992 0.015056777745485306
71 388500 0.041022032499313354 0.24404925107955933 39.49229049682617 0.02125287987291813
71 388600 0.049018435180187225 0.2421545535326004 37.9709358215332 0.022723760455846786
71 388700 0.0401320606470108 0.24713583290576935 41.10295486450195 0.018563613295555115
71 388800 0.03133530914783478 0.24572697281837463 41.431053161621094 0.01955837942659855
71 388900 0.03882528841495514 0.24431005120277405 40.84316635131836 0.015162182040512562
71 389000 0.028100816532969475 0.24749287962913513 42.948280334472656 0.014349270612001419
71 389100 0.03931066393852234 0.2423069030046463 38.61665344238281 0.022536206990480423
71 389200 0.04829154163599014 0.24280604720115662 36.58687973022461 0.023924732580780983
71 389300 0.0450868085026741 0.24227720499038696 38.61902618408203 0.022990083321928978
72 389400 0.03883522376418114 0.24262885749340057 39.49955749511719 0.022232526913285255
72 389500 0.04772360250353813 0.24081014096736908 37.08112335205078 0.023928901180624962
72 389600 0.053338564932346344 0.23746734857559204 36.4503173828125 0.02262684889137745
72 389700 0.036648526787757874 0.2439865618944168 38.721717834472656 0.02538609690964222
72 389800 0.04695650562644005 0.24013763666152954 38.63029479980469 0.027970362454652786
72 389900 0.03354279324412346 0.24728965759277344 42.19598388671875 0.012503378093242645
72 390000 0.033311888575553894 0.24523064494132996 42.46769714355469 0.022385193035006523
72 390100 0.04040227830410004 0.24147920310497284 39.273643493652344 0.027427569031715393
72 390200 0.03354274109005928 0.24436292052268982 41.2672004699707 0.013774324208498001
72 390300 0.04209543764591217 0.23929563164710999 39.080020904541016 0.022692933678627014
72 390400 0.03525114804506302 0.24457082152366638 40.77234649658203 0.0182799082249403
72 390500 0.04759105667471886 0.23998770117759705 37.66111373901367 0.02027413435280323
72 390600 0.04072416573762894 0.24751847982406616 39.58757400512695 0.01563091389834881
72 390700 0.039500750601291656 0.24670197069644928 41.53483963012695 0.016059882938861847
72 390800 0.04328667372465134 0.24368247389793396 39.168800354003906 0.020926637575030327
72 390900 0.046940602362155914 0.2395235002040863 37.64055633544922 0.024685107171535492
72 391000 0.03832915052771568 0.24754294753074646 40.8646240234375 0.019202522933483124
72 391100 0.036459073424339294 0.2452097237110138 40.98635482788086 0.01668529212474823
72 391200 0.039077263325452805 0.245322123169899 40.482791900634766 0.01848657615482807
72 391300 0.047427285462617874 0.23676276206970215 38.40082550048828 0.02649044804275036
72 391400 0.03323756903409958 0.2431931048631668 40.6902961730957 0.019064437597990036
72 391500 0.032905347645282745 0.24731853604316711 42.079315185546875 0.015692785382270813
72 391600 0.04882943630218506 0.24264287948608398 38.68496322631836 0.018197910860180855
72 391700 0.03239857777953148 0.24668240547180176 42.819889068603516 0.022282972931861877
72 391800 0.04741525277495384 0.23506933450698853 37.77963638305664 0.03877949342131615
72 391900 0.03272487223148346 0.2460482120513916 41.72936248779297 0.016484921798110008
72 392000 0.03315459191799164 0.24389469623565674 41.25187301635742 0.012421309016644955
72 392100 0.04879993945360184 0.24039128422737122 37.323272705078125 0.023123467341065407
72 392200 0.035744450986385345 0.24584177136421204 41.431610107421875 0.022186575457453728
72 392300 0.04149836301803589 0.24481931328773499 39.412017822265625 0.014578406699001789
72 392400 0.04148980230093002 0.24571102857589722 41.03260040283203 0.01984790898859501
72 392500 0.03126918524503708 0.2475808560848236 42.07640838623047 0.012144058011472225
72 392600 0.05005431920289993 0.24199369549751282 37.620296478271484 0.034217096865177155
72 392700 0.04326352849602699 0.24078598618507385 39.328365325927734 0.021488256752490997
72 392800 0.053696390241384506 0.233629047870636 37.603599548339844 0.02959582768380642
72 392900 0.03945349529385567 0.247033953666687 40.259422302246094 0.019559750333428383
72 393000 0.036510586738586426 0.24634326994419098 40.31413269042969 0.015780603513121605
72 393100 0.028586097061634064 0.24425718188285828 41.406089782714844 0.020744269713759422
72 393200 0.041061729192733765 0.24414360523223877 40.402870178222656 0.01962081715464592
72 393300 0.03947688266634941 0.24479106068611145 40.13629150390625 0.024974556639790535
72 393400 0.03947387635707855 0.24696849286556244 41.38285827636719 0.020190998911857605
72 393500 0.038902994245290756 0.24328339099884033 41.2130126953125 0.02016952633857727
72 393600 0.039096664637327194 0.24391058087348938 40.0113525390625 0.018602194264531136
72 393700 0.031146060675382614 0.24820110201835632 41.686668395996094 0.01271328516304493
72 393800 0.030402209609746933 0.24773293733596802 43.41510009765625 0.01409915927797556
72 393900 0.03890906646847725 0.24583490192890167 39.516937255859375 0.01796100288629532
72 394000 0.05300212651491165 0.23985141515731812 37.26726150512695 0.02937808260321617
72 394100 0.036196548491716385 0.24565327167510986 39.17205810546875 0.022618822753429413
72 394200 0.031247248873114586 0.2480483055114746 43.33839797973633 0.012544174678623676
72 394300 0.03335628658533096 0.2453649938106537 40.830360412597656 0.021423522382974625
72 394400 0.03115600347518921 0.24843180179595947 43.80734634399414 0.010109202936291695
72 394500 0.034926895052194595 0.2467595487833023 42.16535949707031 0.014661027118563652
72 394600 0.016544654965400696 0.24797838926315308 47.07149887084961 0.007884280756115913
72 394700 0.039962124079465866 0.2431076318025589 40.11983871459961 0.021479090675711632
72 394800 0.03844331204891205 0.24430108070373535 39.69035339355469 0.018842849880456924
73 394900 0.03471788018941879 0.24588055908679962 41.25007629394531 0.015597454272210598
73 395000 0.03642190992832184 0.24608105421066284 40.866756439208984 0.012036480009555817
73 395100 0.028257451951503754 0.24751213192939758 43.35956573486328 0.014521550387144089
73 395200 0.030193235725164413 0.24799111485481262 43.88894271850586 0.01528859231621027
73 395300 0.03407233580946922 0.245120108127594 40.626949310302734 0.017687266692519188
73 395400 0.04544798284769058 0.24209989607334137 38.60969543457031 0.019725415855646133
73 395500 0.06079624593257904 0.23758088052272797 35.066070556640625 0.033881910145282745
73 395600 0.02769625186920166 0.2478814423084259 44.16651153564453 0.014960259199142456
73 395700 0.03300455957651138 0.24520860612392426 40.7088508605957 0.017937779426574707
73 395800 0.04151872172951698 0.24035388231277466 38.40293502807617 0.025840871036052704
73 395900 0.036804672330617905 0.2465571165084839 40.829872131347656 0.012211533263325691
73 396000 0.03424781188368797 0.2423018217086792 41.03911590576172 0.022220339626073837
73 396100 0.03382989764213562 0.24568107724189758 40.23183059692383 0.015897542238235474
73 396200 0.04460117593407631 0.23931653797626495 37.94660949707031 0.029397686943411827
73 396300 0.04434571415185928 0.24247734248638153 39.21453094482422 0.018223054707050323
73 396400 0.04335230588912964 0.2446388453245163 39.65433120727539 0.027293747290968895
73 396500 0.04130503907799721 0.244960218667984 39.36403274536133 0.013178083114326
73 396600 0.04691320285201073 0.24183180928230286 37.67185974121094 0.02155218832194805
73 396700 0.033109743148088455 0.24706467986106873 41.86562728881836 0.01816025748848915
73 396800 0.045296844094991684 0.24400389194488525 38.499393463134766 0.02107526920735836
73 396900 0.03639843314886093 0.24347886443138123 40.132469177246094 0.021986475214362144
73 397000 0.041209615767002106 0.2415914535522461 39.096771240234375 0.019828809425234795
73 397100 0.048411775380373 0.24043351411819458 37.768489837646484 0.026301011443138123
73 397200 0.04082145541906357 0.2445361614227295 39.70216369628906 0.022528503090143204
73 397300 0.036230288445949554 0.24739514291286469 41.61414337158203 0.017785675823688507
73 397400 0.04520222544670105 0.24204885959625244 38.572086334228516 0.023625506088137627
73 397500 0.04431913048028946 0.24193736910820007 38.02246856689453 0.03022545762360096
73 397600 0.04204491153359413 0.2400938868522644 39.58806610107422 0.022041136398911476
73 397700 0.05802704766392708 0.2407408207654953 37.15312957763672 0.021177763119339943
73 397800 0.04851734638214111 0.24396878480911255 38.30292510986328 0.02347777783870697
73 397900 0.046736158430576324 0.2391100823879242 38.02724075317383 0.030704984441399574
73 398000 0.027831165120005608 0.2489692121744156 43.40736389160156 0.012050391174852848
73 398100 0.03496299684047699 0.24441684782505035 41.394493103027344 0.01649046316742897
73 398200 0.03744605928659439 0.24262000620365143 39.80474090576172 0.02430764026939869
73 398300 0.04073113203048706 0.24405524134635925 39.536964416503906 0.016512827947735786
73 398400 0.035472311079502106 0.24362057447433472 41.36636734008789 0.01906084269285202
73 398500 0.034369658678770065 0.24449828267097473 40.890750885009766 0.02943236567080021
73 398600 0.03528502583503723 0.24296075105667114 40.227210998535156 0.018735729157924652
73 398700 0.04566122964024544 0.24018871784210205 38.281829833984375 0.02172091417014599
73 398800 0.0334351547062397 0.24254931509494781 40.58441162109375 0.01751377247273922
73 398900 0.030464161187410355 0.2492353618144989 41.743186950683594 0.014946427196264267
73 399000 0.03851290047168732 0.24649456143379211 40.609806060791016 0.013181447051465511
73 399100 0.03428308293223381 0.24645893275737762 42.26700973510742 0.013041209429502487
73 399200 0.03469748795032501 0.2420172542333603 40.353904724121094 0.01975615695118904
73 399300 0.03257050737738609 0.2443380057811737 41.024864196777344 0.025115594267845154
73 399400 0.04013475030660629 0.24537669122219086 40.144386291503906 0.02241777814924717
73 399500 0.04970967024564743 0.24272209405899048 37.57526397705078 0.028217345476150513
73 399600 0.023673690855503082 0.24814821779727936 42.087806701660156 0.011656693182885647
73 399700 0.04837244376540184 0.237309068441391 39.03379821777344 0.0219716876745224
73 399800 0.04308270663022995 0.24028083682060242 37.92610549926758 0.027619559317827225
73 399900 0.03072361834347248 0.24694746732711792 42.07255554199219 0.01719924807548523
73 400000 0.033391423523426056 0.24581469595432281 41.74243927001953 0.019395053386688232
73 400100 0.046428147703409195 0.23768237233161926 38.56944274902344 0.029360778629779816
73 400200 0.043652474880218506 0.24029649794101715 38.532203674316406 0.025219455361366272
73 400300 0.02760135382413864 0.24822551012039185 43.48548126220703 0.01432826742529869
74 400400 0.045066721737384796 0.2418193817138672 38.57124328613281 0.026296298950910568
74 400500 0.04260239377617836 0.24339719116687775 38.79125213623047 0.01939351111650467
74 400600 0.03678958863019943 0.2450772523880005 41.20376968383789 0.01720019243657589
74 400700 0.036771055310964584 0.245773047208786 41.361061096191406 0.01142317708581686
74 400800 0.024657655507326126 0.24833902716636658 44.488365173339844 0.0156258512288332
74 400900 0.05582732707262039 0.23913827538490295 37.43721008300781 0.02752312831580639
74 401000 0.028733354061841965 0.24724480509757996 41.019805908203125 0.017209650948643684
74 401100 0.04895901307463646 0.23820659518241882 37.3006591796875 0.02441762015223503
74 401200 0.03513884171843529 0.2470165193080902 40.87228012084961 0.018428362905979156
74 401300 0.046381644904613495 0.24036568403244019 38.19676208496094 0.02327369712293148
74 401400 0.04752996191382408 0.23909765481948853 38.22553253173828 0.024397995322942734
74 401500 0.044237978756427765 0.23749317228794098 38.556705474853516 0.020458057522773743
74 401600 0.027401121333241463 0.24674445390701294 43.00635528564453 0.010982410982251167
74 401700 0.04086146503686905 0.2404097020626068 39.32157516479492 0.024758482351899147
74 401800 0.03086051344871521 0.24672460556030273 42.513954162597656 0.008542725816369057
74 401900 0.04811267554759979 0.24574905633926392 39.214561462402344 0.016483431681990623
74 402000 0.033088620752096176 0.24228937923908234 41.307125091552734 0.017901765182614326
74 402100 0.023065010085701942 0.24815568327903748 45.4390983581543 0.012256140820682049
74 402200 0.05497194081544876 0.23551347851753235 36.11878204345703 0.027626950293779373
74 402300 0.036540523171424866 0.24775339663028717 41.45147705078125 0.012856760993599892
74 402400 0.03575192019343376 0.24459582567214966 40.90288162231445 0.021795140579342842
74 402500 0.0389227494597435 0.24572855234146118 39.35895538330078 0.023028453812003136
74 402600 0.039386626332998276 0.2436676025390625 39.73020935058594 0.017729446291923523
74 402700 0.04978642612695694 0.24134676158428192 37.60731506347656 0.02144341729581356
74 402800 0.027375763282179832 0.2446403056383133 42.38391876220703 0.015582340769469738
74 402900 0.039150238037109375 0.2459108531475067 39.51332092285156 0.02545885555446148
74 403000 0.0324314720928669 0.24340671300888062 41.59790802001953 0.021740207448601723
74 403100 0.04461919143795967 0.24046026170253754 38.09446334838867 0.019729379564523697
74 403200 0.03253898769617081 0.24622146785259247 40.71722412109375 0.014578944072127342
74 403300 0.03533795848488808 0.2461167573928833 41.79668426513672 0.015283314511179924
74 403400 0.033415358513593674 0.24756762385368347 42.49237060546875 0.01591636799275875
74 403500 0.02436642535030842 0.2480931282043457 45.074039459228516 0.008977179415524006
74 403600 0.036381784826517105 0.24530218541622162 42.110595703125 0.020088328048586845
74 403700 0.04979385435581207 0.2433752715587616 36.159278869628906 0.03700966760516167
74 403800 0.035326648503541946 0.24731922149658203 41.647823333740234 0.01478002779185772
74 403900 0.03888542577624321 0.2451540231704712 40.08762741088867 0.01943809725344181
74 404000 0.03423328325152397 0.24470394849777222 40.69255065917969 0.01940419338643551
74 404100 0.04358536750078201 0.2431677132844925 39.558349609375 0.027726653963327408
74 404200 0.055232152342796326 0.23545773327350616 35.93950653076172 0.03357782959938049
74 404300 0.027556173503398895 0.24781188368797302 43.03791427612305 0.009622455574572086
74 404400 0.045258134603500366 0.2453007698059082 39.38703155517578 0.020575987175107002
74 404500 0.033017098903656006 0.24387627840042114 42.157691955566406 0.01684451475739479
74 404600 0.044803544878959656 0.24133040010929108 39.20873260498047 0.01976071298122406
74 404700 0.038190219551324844 0.24240384995937347 40.32337188720703 0.02151005156338215
74 404800 0.03110860288143158 0.24516944587230682 40.11638641357422 0.019143840298056602
74 404900 0.06317359209060669 0.23418810963630676 35.200035095214844 0.03163587301969528
74 405000 0.04174608737230301 0.24471116065979004 39.58377456665039 0.02121940441429615
74 405100 0.04506876692175865 0.24072206020355225 38.06779479980469 0.02467760443687439
74 405200 0.026014413684606552 0.24671563506126404 44.12369918823242 0.013376018963754177
74 405300 0.035797614604234695 0.24636529386043549 41.02610778808594 0.016951143741607666
74 405400 0.029066123068332672 0.24758832156658173 42.48747253417969 0.011975277215242386
74 405500 0.03759871423244476 0.24409973621368408 39.70946502685547 0.02203192561864853
74 405600 0.053802404552698135 0.24009311199188232 37.266788482666016 0.02492471970617771
74 405700 0.022311411798000336 0.2483183741569519 44.94747543334961 0.010451127775013447
74 405800 0.04862789809703827 0.23801180720329285 37.23766326904297 0.026964005082845688
75 405900 0.03175211697816849 0.24772760272026062 42.604469299316406 0.015052849426865578
75 406000 0.040825799107551575 0.2435106784105301 40.513118743896484 0.014977453276515007
75 406100 0.03878585249185562 0.24291351437568665 40.23444366455078 0.017800653353333473
75 406200 0.049714624881744385 0.24294501543045044 37.95334243774414 0.01704917661845684
75 406300 0.05165949463844299 0.23641574382781982 37.33237075805664 0.028377387672662735
75 406400 0.04190835356712341 0.2438862919807434 40.42185592651367 0.018322043120861053
75 406500 0.05733892321586609 0.23793081939220428 36.55863571166992 0.027319349348545074
75 406600 0.03864682465791702 0.24508756399154663 41.14204025268555 0.01666346564888954
75 406700 0.02193351462483406 0.2493143379688263 43.92096710205078 0.01091064140200615
75 406800 0.046814434230327606 0.24335581064224243 38.69984436035156 0.018598299473524094
75 406900 0.043940991163253784 0.24047978222370148 37.58966827392578 0.021118039265275
75 407000 0.04587023705244064 0.23867368698120117 37.97657775878906 0.023003028705716133
75 407100 0.028161589056253433 0.24638842046260834 43.18010711669922 0.012099548242986202
75 407200 0.03766267001628876 0.24415180087089539 40.953590393066406 0.021404007449746132
75 407300 0.03421598672866821 0.2459745556116104 42.27913284301758 0.01802382618188858
75 407400 0.03229905664920807 0.24750271439552307 42.44896697998047 0.012701566331088543
75 407500 0.0413203127682209 0.2407570481300354 39.10102844238281 0.025126466527581215
75 407600 0.0327913872897625 0.24533627927303314 38.66304016113281 0.016651686280965805
75 407700 0.0361473485827446 0.24517375230789185 40.707489013671875 0.022705016657710075
75 407800 0.03257627412676811 0.24430657923221588 42.10661697387695 0.013782072812318802
75 407900 0.027883730828762054 0.24659502506256104 43.24995422363281 0.013531558215618134
75 408000 0.04552001506090164 0.24361148476600647 39.106483459472656 0.020512178540229797
75 408100 0.04043365269899368 0.2464808225631714 41.86668014526367 0.014361265115439892
75 408200 0.02234066091477871 0.24717214703559875 43.206722259521484 0.015115741640329361
75 408300 0.02630714513361454 0.24651888012886047 44.158782958984375 0.01134936697781086
75 408400 0.04768063500523567 0.2372983694076538 36.34870910644531 0.03588840365409851
75 408500 0.06108083948493004 0.23450550436973572 35.37190628051758 0.030923031270503998
75 408600 0.04565470665693283 0.2476070374250412 38.68587875366211 0.0190139040350914
75 408700 0.04879552870988846 0.23929409682750702 38.08818817138672 0.01956496760249138
75 408800 0.04273711144924164 0.24431857466697693 40.04914855957031 0.017773743718862534
75 408900 0.03630278259515762 0.2463933825492859 40.73301696777344 0.022154491394758224
75 409000 0.04699168726801872 0.24005579948425293 37.60486602783203 0.025674812495708466
75 409100 0.03261871635913849 0.24467229843139648 40.18115234375 0.016575157642364502
75 409200 0.055589497089385986 0.23880966007709503 36.33307647705078 0.031570274382829666
75 409300 0.04053082317113876 0.2456861436367035 40.90688705444336 0.02572818286716938
75 409400 0.024525213986635208 0.2495478093624115 43.97949981689453 0.014861151576042175
75 409500 0.058588139712810516 0.2408556044101715 34.6085319519043 0.03453335165977478
75 409600 0.057916224002838135 0.2342451512813568 36.43177795410156 0.025285236537456512
75 409700 0.04119724780321121 0.2437211573123932 39.69455337524414 0.01741929166018963
75 409800 0.050407834351062775 0.24274089932441711 37.40122985839844 0.026835596188902855
75 409900 0.034033842384815216 0.2456287145614624 41.68726348876953 0.01423047948628664
75 410000 0.02949502132833004 0.24339744448661804 40.95756149291992 0.016452951356768608
75 410100 0.0352155864238739 0.2481163740158081 41.08382797241211 0.02142522856593132
75 410200 0.03909632936120033 0.2437072992324829 39.660404205322266 0.019177701324224472
75 410300 0.04047003760933876 0.2389286458492279 38.541053771972656 0.02173812873661518
75 410400 0.03444045037031174 0.24359916150569916 40.97146224975586 0.01711321249604225
75 410500 0.04252411425113678 0.2408146858215332 38.97718811035156 0.021150769665837288
75 410600 0.02576543018221855 0.24671068787574768 43.86599349975586 0.012569746933877468
75 410700 0.03185337036848068 0.24764621257781982 42.058895111083984 0.012800249271094799
75 410800 0.05365965887904167 0.23548218607902527 36.744876861572266 0.03275476396083832
75 410900 0.030519232153892517 0.24530184268951416 41.21868896484375 0.01655384711921215
75 411000 0.03572307527065277 0.2453506588935852 40.503814697265625 0.016191884875297546
75 411100 0.0363338403403759 0.24393564462661743 40.5202751159668 0.02479245699942112
75 411200 0.03649458661675453 0.2527725398540497 41.360294342041016 0.01996111124753952
75 411300 0.026891540735960007 0.24440819025039673 42.32238006591797 0.015514117665588856
76 411400 0.02859574928879738 0.24409177899360657 41.64836120605469 0.01462473999708891
76 411500 0.04681570082902908 0.23802897334098816 38.14604949951172 0.02817644737660885
76 411600 0.044226329773664474 0.2399735152721405 37.67957305908203 0.027943696826696396
76 411700 0.03971012309193611 0.23918230831623077 39.938453674316406 0.023063361644744873
76 411800 0.03300701454281807 0.24432100355625153 41.75290298461914 0.014484875835478306
76 411900 0.04770953953266144 0.24267253279685974 38.82825469970703 0.024502094835042953
76 412000 0.041681766510009766 0.24170687794685364 40.47074890136719 0.019204435870051384
76 412100 0.030732937157154083 0.24992921948432922 42.73894500732422 0.011296257376670837
76 412200 0.0315774567425251 0.24436978995800018 41.05691909790039 0.02024911902844906
76 412300 0.034818340092897415 0.2435111254453659 40.808372497558594 0.019700676202774048
76 412400 0.0448809489607811 0.24375754594802856 38.64266586303711 0.020772162824869156
76 412500 0.03286322206258774 0.2461719810962677 41.59384536743164 0.013691735453903675
76 412600 0.03821800649166107 0.2438681721687317 40.44480895996094 0.025463685393333435
76 412700 0.04733971878886223 0.24223646521568298 38.37879180908203 0.01945412904024124
76 412800 0.0284603089094162 0.24777179956436157 43.727447509765625 0.012197121046483517
76 412900 0.040904127061367035 0.2445170134305954 40.90922164916992 0.016188064590096474
76 413000 0.043410416692495346 0.24813228845596313 39.66267776489258 0.02066526934504509
76 413100 0.04349515587091446 0.24060025811195374 39.335479736328125 0.016953393816947937
76 413200 0.053800709545612335 0.24391156435012817 37.3431282043457 0.02617897279560566
76 413300 0.03389345854520798 0.2438363879919052 40.581600189208984 0.02030901424586773
76 413400 0.03803899884223938 0.24313297867774963 38.90290451049805 0.018679216504096985
76 413500 0.032674647867679596 0.24586203694343567 42.2637825012207 0.013666640967130661
76 413600 0.03012489154934883 0.24747535586357117 42.97270965576172 0.01653953827917576
76 413700 0.03465643525123596 0.2437160313129425 40.740577697753906 0.021920982748270035
76 413800 0.04650052636861801 0.24157097935676575 39.29202651977539 0.023030351847410202
76 413900 0.04438682645559311 0.24485987424850464 38.179786682128906 0.01828744076192379
76 414000 0.04001031816005707 0.2422637790441513 40.16465759277344 0.01738649792969227
76 414100 0.039344027638435364 0.24505943059921265 40.66383361816406 0.019880790263414383
76 414200 0.037579335272312164 0.24362236261367798 38.95210647583008 0.01565849594771862
76 414300 0.027542967349290848 0.24690896272659302 43.744598388671875 0.011856908909976482
76 414400 0.02657051756978035 0.24802526831626892 43.494041442871094 0.01595046930015087
76 414500 0.04194696620106697 0.2402854859828949 39.236507415771484 0.02921382710337639
76 414600 0.05219829082489014 0.23973968625068665 36.860069274902344 0.027030980214476585
76 414700 0.04019123315811157 0.24565628170967102 40.543853759765625 0.020508907735347748
76 414800 0.03526085615158081 0.24801583588123322 41.51606750488281 0.016159869730472565
76 414900 0.03298068046569824 0.24628466367721558 42.98696517944336 0.013200374320149422
76 415000 0.03488680347800255 0.24709850549697876 41.424930572509766 0.017730731517076492
76 415100 0.04824579879641533 0.24194560945034027 37.931175231933594 0.020373793318867683
76 415200 0.03290799260139465 0.24674279987812042 41.95248794555664 0.01656409539282322
76 415300 0.04516526684165001 0.24372431635856628 39.20146942138672 0.01829081028699875
76 415400 0.04777742922306061 0.23819519579410553 37.5558967590332 0.030888356268405914
76 415500 0.04313628003001213 0.24391314387321472 39.52212905883789 0.02374154143035412
76 415600 0.03694968670606613 0.24143821001052856 39.48340606689453 0.015848955139517784
76 415700 0.03634453937411308 0.2433047741651535 41.4866943359375 0.01777537725865841
76 415800 0.04984237998723984 0.2390117347240448 36.984703063964844 0.024600747972726822
76 415900 0.049981143325567245 0.2369755655527115 37.34048080444336 0.024683553725481033
76 416000 0.04334920644760132 0.24344375729560852 40.12146759033203 0.020568015053868294
76 416100 0.03263368457555771 0.24419835209846497 40.939842224121094 0.014841538853943348
76 416200 0.05012890696525574 0.2448134422302246 38.02653503417969 0.019712651148438454
76 416300 0.0376867949962616 0.24259454011917114 39.91948699951172 0.020678412169218063
76 416400 0.038268864154815674 0.24714601039886475 40.09866714477539 0.018894420936703682
76 416500 0.03023730404675007 0.2463606297969818 42.67007064819336 0.013026969507336617
76 416600 0.035874612629413605 0.24742244184017181 40.491939544677734 0.015395931899547577
76 416700 0.04124053940176964 0.24454590678215027 39.12522888183594 0.01733522303402424
77 416800 0.03946492820978165 0.24427779018878937 38.82502746582031 0.020649060606956482
77 416900 0.029037345200777054 0.24459877610206604 42.19984436035156 0.01978379115462303
77 417000 0.02672405168414116 0.24913698434829712 42.25355529785156 0.014205879531800747
77 417100 0.04732872545719147 0.239111989736557 36.966636657714844 0.024021785706281662
77 417200 0.04371550679206848 0.24165955185890198 39.374725341796875 0.02094598300755024
77 417300 0.033461228013038635 0.24567744135856628 42.67554473876953 0.012532166205346584
77 417400 0.04557338356971741 0.23748359084129333 38.701446533203125 0.026947498321533203
77 417500 0.03739910200238228 0.24637845158576965 41.43402099609375 0.019536981359124184
77 417600 0.02886725589632988 0.24610184133052826 42.100467681884766 0.014145447872579098
77 417700 0.03745581582188606 0.2414170205593109 40.15945816040039 0.02009737305343151
77 417800 0.03867499902844429 0.24488303065299988 40.897098541259766 0.01843661442399025
77 417900 0.03212273120880127 0.2432592511177063 41.089778900146484 0.01648392155766487
77 418000 0.03436160460114479 0.24558310210704803 40.54315185546875 0.01967559941112995
77 418100 0.05616685748100281 0.2384609878063202 37.04547882080078 0.022131718695163727
77 418200 0.034944914281368256 0.24398551881313324 39.8079948425293 0.012981003150343895
77 418300 0.04318614304065704 0.24264845252037048 40.71864700317383 0.01326893549412489
77 418400 0.03563099354505539 0.24647338688373566 41.87157440185547 0.02228638157248497
77 418500 0.03394889831542969 0.24670211970806122 40.7539176940918 0.015738457441329956
77 418600 0.03310072422027588 0.24294549226760864 42.1496467590332 0.011941635981202126
77 418700 0.06472938507795334 0.23824116587638855 36.23091125488281 0.02092234045267105
77 418800 0.04396548867225647 0.24330830574035645 39.27350616455078 0.022259319201111794
77 418900 0.032000668346881866 0.2444932758808136 41.361045837402344 0.02234121412038803
77 419000 0.028475001454353333 0.24717578291893005 41.88497543334961 0.016029242426156998
77 419100 0.03340573236346245 0.2457267940044403 41.3494873046875 0.01490385364741087
77 419200 0.036636535078287125 0.24234537780284882 40.100303649902344 0.031669918447732925
77 419300 0.03272601217031479 0.24227385222911835 40.069862365722656 0.019619956612586975
77 419400 0.026882052421569824 0.24665020406246185 44.17069625854492 0.010911350138485432
77 419500 0.04339531809091568 0.24413560330867767 39.791961669921875 0.01835860125720501
77 419600 0.035340845584869385 0.24520011246204376 40.75612258911133 0.02097003348171711
77 419700 0.038970641791820526 0.24197763204574585 41.29313278198242 0.021228892728686333
77 419800 0.03060544654726982 0.24426501989364624 42.16938400268555 0.02323020249605179
77 419900 0.043076325207948685 0.24454686045646667 39.460933685302734 0.018726728856563568
77 420000 0.045225657522678375 0.2448107749223709 39.21167755126953 0.023914020508527756
77 420100 0.030078839510679245 0.24686536192893982 41.70533752441406 0.010828081518411636
77 420200 0.0346684567630291 0.24622315168380737 41.97331237792969 0.012706883251667023
77 420300 0.03383972495794296 0.24670936167240143 42.189247131347656 0.015892770141363144
77 420400 0.02401110902428627 0.24898958206176758 42.20576477050781 0.009639577008783817
77 420500 0.04695408418774605 0.2368479073047638 36.9810791015625 0.030004343017935753
77 420600 0.031013481318950653 0.24327757954597473 41.78129577636719 0.015269318595528603
77 420700 0.04044873267412186 0.23914854228496552 38.84198760986328 0.01711662858724594
77 420800 0.047525689005851746 0.24126258492469788 38.46958923339844 0.025839010253548622
77 420900 0.036176897585392 0.246580570936203 40.768890380859375 0.01863247901201248
77 421000 0.03590273857116699 0.24403166770935059 40.781349182128906 0.021224329248070717
77 421100 0.025921640917658806 0.2461428940296173 44.2570686340332 0.008359141647815704
77 421200 0.047742776572704315 0.23927167057991028 36.72486877441406 0.03390722721815109
77 421300 0.046397238969802856 0.23791152238845825 37.378578186035156 0.0255728792399168
77 421400 0.027991987764835358 0.24767959117889404 43.6322021484375 0.014289435930550098
77 421500 0.03947671875357628 0.24531155824661255 40.88759231567383 0.019140025600790977
77 421600 0.04133184999227524 0.2411719113588333 38.873382568359375 0.013667422346770763
77 421700 0.04572197049856186 0.2432388961315155 37.09428405761719 0.017436916008591652
77 421800 0.054458312690258026 0.24645093083381653 35.93367004394531 0.02215575985610485
77 421900 0.03656322509050369 0.24637353420257568 41.9296875 0.018141569569706917
77 422000 0.034941986203193665 0.24601474404335022 41.801727294921875 0.01806749776005745
77 422100 0.03428029641509056 0.24572822451591492 41.03384017944336 0.01560222264379263
77 422200 0.04487603157758713 0.2440919429063797 39.30546569824219 0.01685377024114132
78 422300 0.06570342928171158 0.23900842666625977 36.19649124145508 0.0354531854391098
78 422400 0.03702637553215027 0.2416783720254898 40.44001007080078 0.021469363942742348
78 422500 0.030376218259334564 0.24908094108104706 43.14952087402344 0.012676396407186985
78 422600 0.025438938289880753 0.24733996391296387 43.97675704956055 0.017233602702617645
78 422700 0.030298341065645218 0.24864210188388824 41.95037078857422 0.013841844163835049
78 422800 0.029349882155656815 0.24420040845870972 42.027992248535156 0.011002113111317158
78 422900 0.05257521569728851 0.24442452192306519 36.868709564208984 0.019340112805366516
78 423000 0.03195114806294441 0.2422787845134735 40.73197937011719 0.020265135914087296
78 423100 0.03528541326522827 0.24398857355117798 41.174137115478516 0.023959146812558174
78 423200 0.051182422786951065 0.2398260086774826 36.902976989746094 0.022754795849323273
78 423300 0.04034753516316414 0.24455022811889648 40.66338348388672 0.022190095856785774
78 423400 0.03550904616713524 0.2492865025997162 41.72984313964844 0.014976732432842255
78 423500 0.038728438317775726 0.24388054013252258 40.73442077636719 0.020052548497915268
78 423600 0.03303468972444534 0.24547797441482544 40.28319549560547 0.029972754418849945
78 423700 0.03914588689804077 0.2440984547138214 39.44809341430664 0.02295638620853424
78 423800 0.030571017414331436 0.2522989511489868 43.193321228027344 0.01236372347921133
78 423900 0.03082672879099846 0.24406257271766663 42.62455368041992 0.018711475655436516
78 424000 0.03234901651740074 0.24507272243499756 41.84916305541992 0.015967220067977905
78 424100 0.038874104619026184 0.2439953088760376 40.05158615112305 0.019431432709097862
78 424200 0.04238362982869148 0.24480600655078888 39.937435150146484 0.015452079474925995
78 424300 0.029331207275390625 0.24748283624649048 42.83465576171875 0.011231797747313976
78 424400 0.03156208246946335 0.24709470570087433 42.908843994140625 0.013728800229728222
78 424500 0.030769824981689453 0.24565672874450684 40.81666946411133 0.012402008287608624
78 424600 0.04424351453781128 0.23972126841545105 38.20533752441406 0.030061114579439163
78 424700 0.04401536285877228 0.24512016773223877 39.602020263671875 0.020710667595267296
78 424800 0.03863648697733879 0.24118386209011078 39.80965042114258 0.016643479466438293
78 424900 0.03229028731584549 0.24540722370147705 41.56223678588867 0.019877009093761444
78 425000 0.029643498361110687 0.24518883228302002 41.989967346191406 0.018395287916064262
78 425100 0.03901182860136032 0.2422540783882141 39.681053161621094 0.020876221358776093
78 425200 0.04521408677101135 0.23982346057891846 38.72423553466797 0.020914042368531227
78 425300 0.031891997903585434 0.24696595966815948 41.67559814453125 0.015832023695111275
78 425400 0.03385072201490402 0.24241742491722107 40.7735595703125 0.018241655081510544
78 425500 0.03003481775522232 0.24723592400550842 42.542537689208984 0.015739433467388153
78 425600 0.026500791311264038 0.2481064796447754 43.31025695800781 0.013711845502257347
78 425700 0.029215339571237564 0.24807369709014893 42.735511779785156 0.011182403191924095
78 425800 0.03524186089634895 0.24706414341926575 42.25725555419922 0.011368406936526299
78 425900 0.035915177315473557 0.2447759062051773 40.01071548461914 0.014558746479451656
78 426000 0.028018314391374588 0.24687106907367706 43.14027404785156 0.0141818318516016
78 426100 0.06848712265491486 0.22559385001659393 34.29309844970703 0.04182155057787895
78 426200 0.04515466094017029 0.24174588918685913 36.88901901245117 0.016163473948836327
78 426300 0.03251304477453232 0.24949583411216736 43.269901275634766 0.011710939928889275
78 426400 0.04287285357713699 0.24241983890533447 38.12082290649414 0.02164260484278202
78 426500 0.03739776834845543 0.2460750937461853 40.77591323852539 0.02018176205456257
78 426600 0.0421796478331089 0.24245703220367432 39.95718765258789 0.017138393595814705
78 426700 0.04270955175161362 0.24296143651008606 39.531280517578125 0.021271878853440285
78 426800 0.03459535166621208 0.24513044953346252 41.93383026123047 0.01289554126560688
78 426900 0.041536152362823486 0.2431577742099762 37.18023681640625 0.0243852399289608
78 427000 0.02581784874200821 0.24615702033042908 43.83148956298828 0.016445357352495193
78 427100 0.02574969083070755 0.2459966093301773 43.69071578979492 0.013017915189266205
78 427200 0.03458993509411812 0.24485725164413452 40.33990478515625 0.018791893497109413
78 427300 0.05316420644521713 0.23658543825149536 37.103187561035156 0.026116110384464264
78 427400 0.04206092283129692 0.24432188272476196 40.554534912109375 0.019705602899193764
78 427500 0.05214746668934822 0.24298545718193054 37.818603515625 0.024023965001106262
78 427600 0.044014524668455124 0.23984286189079285 37.295352935791016 0.02409042976796627
78 427700 0.028874190524220467 0.2471112608909607 43.44216537475586 0.012441033497452736
79 427800 0.04194597154855728 0.24343660473823547 38.75038146972656 0.03626967966556549
79 427900 0.03162616118788719 0.24840445816516876 42.42829132080078 0.014622754417359829
79 428000 0.0362408347427845 0.24212238192558289 40.411102294921875 0.01993200182914734
79 428100 0.05826347693800926 0.23501181602478027 37.08013153076172 0.02274283394217491
79 428200 0.03957199677824974 0.24288645386695862 39.722442626953125 0.024835597723722458
79 428300 0.0352029874920845 0.2427169233560562 41.38011169433594 0.02366728149354458
79 428400 0.043187037110328674 0.24249574542045593 38.6739501953125 0.02346925064921379
79 428500 0.02739521861076355 0.2478415071964264 43.16051483154297 0.013181619346141815
79 428600 0.03549027815461159 0.2409769892692566 40.649818420410156 0.02190680056810379
79 428700 0.05846758559346199 0.2337343841791153 34.17534255981445 0.04644027352333069
79 428800 0.02977277711033821 0.24506665766239166 40.91059494018555 0.013179331086575985
79 428900 0.032435767352581024 0.24436533451080322 41.78463363647461 0.014063478447496891
79 429000 0.034272272139787674 0.24553421139717102 40.81988525390625 0.015054157935082912
79 429100 0.045661039650440216 0.24456115067005157 38.778621673583984 0.019721686840057373
79 429200 0.03719306364655495 0.24056079983711243 41.18495559692383 0.01646260917186737
79 429300 0.03316282480955124 0.24676018953323364 41.9279670715332 0.0135222552344203
79 429400 0.035828862339258194 0.2437177300453186 40.14323043823242 0.016470791772007942
79 429500 0.036140814423561096 0.2435978353023529 38.84983825683594 0.019689595326781273
79 429600 0.03567478060722351 0.2453828752040863 42.15107727050781 0.018910815939307213
79 429700 0.031183142215013504 0.24728573858737946 42.410396575927734 0.02121775783598423
79 429800 0.033459730446338654 0.24360260367393494 40.26670837402344 0.02754511684179306
79 429900 0.03599119558930397 0.2457677721977234 41.01314926147461 0.01838351972401142
79 430000 0.058429062366485596 0.232864648103714 35.014610290527344 0.03795073181390762
79 430100 0.03273780643939972 0.24827894568443298 40.90501022338867 0.016738928854465485
79 430200 0.04029048979282379 0.24455660581588745 40.780426025390625 0.01655520126223564
79 430300 0.031682733446359634 0.24676962196826935 41.72679901123047 0.01452895998954773
79 430400 0.02683129534125328 0.24683167040348053 44.017791748046875 0.011243754997849464
79 430500 0.03304235637187958 0.24570077657699585 42.304141998291016 0.019462386146187782
79 430600 0.04159875214099884 0.240648090839386 39.74489974975586 0.017540035769343376
79 430700 0.018948940560221672 0.24801044166088104 45.59393310546875 0.011927536688745022
79 430800 0.04188591241836548 0.24199914932250977 38.51013946533203 0.02035299688577652
79 430900 0.029799584299325943 0.2452993094921112 42.74190902709961 0.01115452777594328
79 431000 0.032143786549568176 0.24628877639770508 41.81634521484375 0.012599682435393333
79 431100 0.04499231278896332 0.2415793389081955 38.675392150878906 0.02878468856215477
79 431200 0.04147723317146301 0.2446366846561432 39.45096206665039 0.026075944304466248
79 431300 0.04306887835264206 0.23959432542324066 38.54137420654297 0.028516016900539398
79 431400 0.03305550664663315 0.24687010049819946 41.607017517089844 0.018571164458990097
79 431500 0.03472401946783066 0.24544936418533325 41.82706069946289 0.01650967262685299
79 431600 0.03703054040670395 0.24015992879867554 40.206336975097656 0.017763489857316017
79 431700 0.030743159353733063 0.2472981959581375 43.5623893737793 0.011956891976296902
79 431800 0.0566369853913784 0.23309898376464844 35.705665588378906 0.03070414811372757
79 431900 0.046140797436237335 0.24367821216583252 38.766929626464844 0.02540370263159275
79 432000 0.03714609146118164 0.24243098497390747 40.49736785888672 0.0209650956094265
79 432100 0.043055325746536255 0.24056828022003174 38.0340576171875 0.022620512172579765
79 432200 0.041919831186532974 0.2448486089706421 39.772308349609375 0.020526310428977013
79 432300 0.03236822783946991 0.2470603883266449 42.1052131652832 0.015903562307357788
79 432400 0.04766415059566498 0.23998573422431946 38.56528091430664 0.02724003978073597
79 432500 0.03733402490615845 0.247027188539505 41.295013427734375 0.0217684805393219
79 432600 0.06158372759819031 0.2324097603559494 36.67365264892578 0.030195191502571106
79 432700 0.03490809351205826 0.24390780925750732 40.364112854003906 0.015093117021024227
79 432800 0.03410976380109787 0.24444377422332764 40.962093353271484 0.024291830137372017
79 432900 0.04035661369562149 0.24764195084571838 38.792598724365234 0.015019434504210949
79 433000 0.026297766715288162 0.24710644781589508 43.852073669433594 0.010235896334052086
79 433100 0.030935777351260185 0.24635696411132812 43.4490966796875 0.016159681603312492
79 433200 0.03187665343284607 0.24319544434547424 39.94662857055664 0.021582622081041336
80 433300 0.041581593453884125 0.24094213545322418 38.93328094482422 0.01806534267961979
80 433400 0.03401127830147743 0.24930733442306519 42.87885665893555 0.015916001051664352
80 433500 0.03683653101325035 0.2430919110774994 39.93437576293945 0.02431662194430828
80 433600 0.033441901206970215 0.2451467216014862 40.63788604736328 0.017873382195830345
80 433700 0.0315491147339344 0.24686723947525024 42.89714813232422 0.010725399479269981
80 433800 0.039414357393980026 0.2422279268503189 39.87539291381836 0.020536068826913834
80 433900 0.047240711748600006 0.24058681726455688 37.71798324584961 0.021222539246082306
80 434000 0.041017964482307434 0.245290145277977 39.65176010131836 0.019285716116428375
80 434100 0.03893643617630005 0.2463565170764923 40.72991943359375 0.02194899506866932
80 434200 0.04485302045941353 0.24135516583919525 38.768211364746094 0.022594617679715157
80 434300 0.04450269043445587 0.2397439181804657 38.197837829589844 0.02197735384106636
80 434400 0.030765635892748833 0.246543288230896 43.307167053222656 0.013101865537464619
80 434500 0.044872887432575226 0.23977163434028625 38.65745544433594 0.025101404637098312
80 434600 0.041010938584804535 0.241646870970726 39.96135330200195 0.022621551528573036
80 434700 0.03795309364795685 0.24486032128334045 40.72894287109375 0.01958978921175003
80 434800 0.033441998064517975 0.24663953483104706 40.900794982910156 0.020425569266080856
80 434900 0.043464429676532745 0.24135461449623108 39.56903839111328 0.015507853589951992
80 435000 0.03083098866045475 0.24317294359207153 41.909427642822266 0.019936641678214073
80 435100 0.03377149999141693 0.24489620327949524 40.798343658447266 0.018917884677648544
80 435200 0.030887261033058167 0.24980729818344116 42.30437088012695 0.015447685495018959
80 435300 0.039420921355485916 0.24145853519439697 39.697330474853516 0.021972231566905975
80 435400 0.03765659034252167 0.2438381016254425 40.65327072143555 0.017547311261296272
80 435500 0.05101785808801651 0.24346865713596344 38.71033477783203 0.01725536584854126
80 435600 0.04282731935381889 0.2408946454524994 40.09889602661133 0.02419295348227024
80 435700 0.036907754838466644 0.24546487629413605 40.115665435791016 0.020333167165517807
80 435800 0.0380585677921772 0.24278569221496582 39.992591857910156 0.014296283945441246
80 435900 0.060577165335416794 0.23646214604377747 35.11799240112305 0.03342895582318306
80 436000 0.03181557357311249 0.2446921020746231 42.11275100708008 0.01989266462624073
80 436100 0.03359007462859154 0.24204522371292114 39.405174255371094 0.015192032791674137
80 436200 0.037054456770420074 0.24426747858524323 40.048641204833984 0.020411161705851555
80 436300 0.03466456010937691 0.24601884186267853 40.077667236328125 0.013461165130138397
80 436400 0.03723040968179703 0.24463555216789246 39.85103988647461 0.018359368667006493
80 436500 0.0338544100522995 0.24553921818733215 41.24312973022461 0.016441529616713524
80 436600 0.044421885162591934 0.2400650829076767 37.26116943359375 0.03495556861162186
80 436700 0.03704056516289711 0.24534523487091064 41.60139465332031 0.016033217310905457
80 436800 0.030541349202394485 0.24425148963928223 41.04337692260742 0.018442386761307716
80 436900 0.03819689154624939 0.24055562913417816 38.499656677246094 0.027366040274500847
80 437000 0.031641703099012375 0.24525770545005798 42.513607025146484 0.019714271649718285
80 437100 0.04115426540374756 0.2419658601284027 38.25358963012695 0.023113328963518143
80 437200 0.041336748749017715 0.2413846254348755 39.418853759765625 0.019936220720410347
80 437300 0.0400942824780941 0.24217760562896729 39.561859130859375 0.022754840552806854
80 437400 0.031038621440529823 0.24679744243621826 42.277774810791016 0.016368834301829338
80 437500 0.03132198005914688 0.24324336647987366 39.86069869995117 0.015212886966764927
80 437600 0.04091028869152069 0.24741670489311218 39.579524993896484 0.021148264408111572
80 437700 0.029493922367691994 0.24674037098884583 42.00161361694336 0.015836341306567192
80 437800 0.03620268404483795 0.2408466935157776 39.269412994384766 0.025561733171343803
80 437900 0.03442740440368652 0.24773338437080383 42.092796325683594 0.02504906989634037
80 438000 0.024040911346673965 0.24790748953819275 45.0616569519043 0.012231492437422276
80 438100 0.028430726379156113 0.25054651498794556 43.803916931152344 0.013092713430523872
80 438200 0.03528404235839844 0.24465200304985046 40.97453689575195 0.01692773960530758
80 438300 0.031102219596505165 0.24583075940608978 41.997737884521484 0.012982615269720554
80 438400 0.040974609553813934 0.24365824460983276 40.3100700378418 0.029092924669384956
80 438500 0.05639313906431198 0.23411425948143005 37.22770309448242 0.02590402401983738
80 438600 0.04737929627299309 0.2389557659626007 37.04302978515625 0.02593262307345867
80 438700 0.052315957844257355 0.2406756579875946 36.666656494140625 0.023063160479068756
81 438800 0.03653990477323532 0.24352754652500153 41.143768310546875 0.02293490804731846
81 438900 0.025877732783555984 0.24502134323120117 43.23786926269531 0.015964647755026817
81 439000 0.0316801555454731 0.24622122943401337 42.583892822265625 0.016102300956845284
81 439100 0.046698182821273804 0.24244239926338196 38.445491790771484 0.024328483268618584
81 439200 0.04649372398853302 0.2423887848854065 38.59827423095703 0.019966289401054382
81 439300 0.04806191846728325 0.23865197598934174 36.99319076538086 0.026159126311540604
81 439400 0.042608484625816345 0.240168496966362 38.91499710083008 0.02531147189438343
81 439500 0.03173912689089775 0.24598491191864014 41.278194427490234 0.013680013827979565
81 439600 0.05751252919435501 0.2369571477174759 35.838966369628906 0.026595937088131905
81 439700 0.024208297953009605 0.24796050786972046 44.45528793334961 0.012952668592333794
81 439800 0.023830629885196686 0.24884113669395447 43.37561798095703 0.012805196456611156
81 439900 0.04998035356402397 0.23987549543380737 37.036705017089844 0.030730845406651497
81 440000 0.03592696040868759 0.24256815016269684 40.997283935546875 0.018205517902970314
81 440100 0.0297081395983696 0.24517643451690674 42.81029510498047 0.011789768934249878
81 440200 0.03326931595802307 0.24424006044864655 40.68349838256836 0.018578210845589638
81 440300 0.03962554782629013 0.2446410059928894 39.856075286865234 0.01921825110912323
81 440400 0.05616983026266098 0.2366698682308197 37.08345031738281 0.030202753841876984
81 440500 0.04225543141365051 0.24202099442481995 39.822227478027344 0.018130606040358543
81 440600 0.03720101714134216 0.23954308032989502 40.921043395996094 0.015346414409577847
81 440700 0.038072291761636734 0.24338436126708984 40.233245849609375 0.0243777334690094
81 440800 0.03360915929079056 0.2451494336128235 41.66638946533203 0.016840403899550438
81 440900 0.027576491236686707 0.2475242167711258 43.65396499633789 0.011835689656436443
81 441000 0.05086253583431244 0.24560770392417908 37.47251892089844 0.019531579688191414
81 441100 0.03355686739087105 0.24582916498184204 42.3798828125 0.01849982887506485
81 441200 0.047588080167770386 0.23478752374649048 38.572105407714844 0.02484222687780857
81 441300 0.02517826110124588 0.24745401740074158 43.40062713623047 0.00967477448284626
81 441400 0.047079600393772125 0.2437109649181366 39.132232666015625 0.01754414290189743
81 441500 0.04445594549179077 0.23748895525932312 38.471885681152344 0.019086690619587898
81 441600 0.044881515204906464 0.23984798789024353 38.624671936035156 0.026653369888663292
81 441700 0.037762098014354706 0.2448330521583557 40.93562316894531 0.022235622629523277
81 441800 0.033593252301216125 0.24408578872680664 40.59922790527344 0.019475148990750313
81 441900 0.040521830320358276 0.24553677439689636 40.70831298828125 0.01465048361569643
81 442000 0.03256567567586899 0.24168342351913452 40.52045822143555 0.02057488076388836
81 442100 0.026257909834384918 0.24641823768615723 43.07965087890625 0.013996605761349201
81 442200 0.03569100424647331 0.24551290273666382 41.99230194091797 0.014725228771567345
81 442300 0.035359837114810944 0.245072603225708 40.88174819946289 0.013668710365891457
81 442400 0.03571154177188873 0.24359409511089325 39.51911926269531 0.018850641325116158
81 442500 0.03783923014998436 0.24839025735855103 41.76759338378906 0.017881011590361595
81 442600 0.03284312039613724 0.2467106133699417 42.70754623413086 0.013240902684628963
81 442700 0.031085345894098282 0.2456449270248413 41.72555160522461 0.021930573508143425
81 442800 0.04536021500825882 0.24515566229820251 39.45203399658203 0.01459809672087431
81 442900 0.03946993499994278 0.24133963882923126 40.08319854736328 0.01851576939225197
81 443000 0.035725489258766174 0.2453300654888153 42.097286224365234 0.021918371319770813
81 443100 0.03068716824054718 0.24717654287815094 42.55388259887695 0.01454862765967846
81 443200 0.03095235675573349 0.24447250366210938 42.5545654296875 0.0123532610014081
81 443300 0.02922220528125763 0.25013911724090576 41.78832244873047 0.01203016098588705
81 443400 0.045027535408735275 0.243968665599823 39.34361267089844 0.021016526967287064
81 443500 0.04080669954419136 0.24553224444389343 40.634090423583984 0.017429884523153305
81 443600 0.039143264293670654 0.2432171106338501 39.940818786621094 0.017680365592241287
81 443700 0.03958853334188461 0.23842763900756836 39.537628173828125 0.023369764909148216
81 443800 0.021973466500639915 0.24784773588180542 45.49324417114258 0.010043811984360218
81 443900 0.03175715357065201 0.2432529330253601 41.967185974121094 0.021666433662176132
81 444000 0.04110800474882126 0.24598711729049683 40.115413665771484 0.015934817492961884
81 444100 0.04714462161064148 0.2432054877281189 39.50116729736328 0.01598372869193554
81 444200 0.03097892925143242 0.24719132483005524 42.877532958984375 0.012526017613708973
82 444300 0.02818215638399124 0.2474304437637329 44.04728698730469 0.015294940210878849
82 444400 0.04690779000520706 0.2408200055360794 38.54433822631836 0.019511139020323753
82 444500 0.03206836059689522 0.24555069208145142 41.724666595458984 0.011740987189114094
82 444600 0.04661983251571655 0.23767749965190887 36.68921661376953 0.020679336041212082
82 444700 0.038231413811445236 0.24841667711734772 41.46341323852539 0.013773410581052303
82 444800 0.04454967752099037 0.24133655428886414 37.83577346801758 0.022455237805843353
82 444900 0.03484215959906578 0.24624738097190857 41.51508712768555 0.01634262688457966
82 445000 0.017616508528590202 0.24899283051490784 46.65938186645508 0.0066691613756120205
82 445100 0.04186651110649109 0.24565699696540833 39.31480407714844 0.015113072469830513
82 445200 0.032342731952667236 0.24250096082687378 40.25337600708008 0.014658079482614994
82 445300 0.03667613863945007 0.2467280924320221 41.38072967529297 0.012886149808764458
82 445400 0.03158489614725113 0.24789461493492126 41.84988784790039 0.012080423533916473
82 445500 0.040276266634464264 0.24496150016784668 40.37627410888672 0.015491665340960026
82 445600 0.045295123010873795 0.24002251029014587 38.73979187011719 0.024555500596761703
82 445700 0.036907680332660675 0.24292205274105072 39.30728530883789 0.018695399165153503
82 445800 0.04794861003756523 0.23928259313106537 37.162315368652344 0.034328728914260864
82 445900 0.038055215030908585 0.2444629967212677 40.61825180053711 0.018555136397480965
82 446000 0.05335002392530441 0.2382568120956421 36.3084831237793 0.02433362416923046
82 446100 0.026474488899111748 0.24707573652267456 43.14777755737305 0.012252848595380783
82 446200 0.029387690126895905 0.24542075395584106 42.6060676574707 0.01861751079559326
82 446300 0.03768454119563103 0.24173174798488617 39.46382141113281 0.01795373111963272
82 446400 0.034280430525541306 0.2465238720178604 40.434871673583984 0.021496355533599854
82 446500 0.04709112271666527 0.2399297058582306 38.05792236328125 0.025714488700032234
82 446600 0.03989603370428085 0.24274486303329468 39.075889587402344 0.021652735769748688
82 446700 0.030908219516277313 0.24333851039409637 42.35100173950195 0.017538301646709442
82 446800 0.034878265112638474 0.24307513236999512 40.92803192138672 0.01531628891825676
82 446900 0.04958269000053406 0.2395862638950348 37.59406661987305 0.024644650518894196
82 447000 0.04191446304321289 0.2442009150981903 39.21902847290039 0.0183715857565403
82 447100 0.04565172269940376 0.23769405484199524 38.26218032836914 0.02445155568420887
82 447200 0.03787150979042053 0.2445794641971588 40.306243896484375 0.017366984859108925
82 447300 0.03865481913089752 0.24468713998794556 39.62493133544922 0.019017718732357025
82 447400 0.050268299877643585 0.24021689593791962 35.55760192871094 0.027912070974707603
82 447500 0.04848316311836243 0.24197490513324738 38.6533317565918 0.025236690416932106
82 447600 0.03722676634788513 0.24461615085601807 40.456520080566406 0.015850046649575233
82 447700 0.02578732930123806 0.24935349822044373 43.977657318115234 0.009996100328862667
82 447800 0.03447791934013367 0.24643948674201965 41.65565872192383 0.01610899157822132
82 447900 0.03856484219431877 0.24491819739341736 42.11125564575195 0.01406164187937975
82 448000 0.039969589561223984 0.24592116475105286 39.891502380371094 0.02030206471681595
82 448100 0.040159258991479874 0.2440374791622162 40.35966491699219 0.01513834297657013
82 448200 0.022883880883455276 0.24912013113498688 43.293582916259766 0.008473461493849754
82 448300 0.050334375351667404 0.24203595519065857 38.51117706298828 0.023014839738607407
82 448400 0.035909559577703476 0.2462133765220642 41.93287658691406 0.020154429599642754
82 448500 0.037193916738033295 0.2441832721233368 40.887386322021484 0.02255333587527275
82 448600 0.03563782572746277 0.24244055151939392 40.659706115722656 0.017312966287136078
82 448700 0.027983974665403366 0.2478531002998352 44.37018585205078 0.011255580931901932
82 448800 0.022304538637399673 0.24868056178092957 45.61338424682617 0.012420205399394035
82 448900 0.039984025061130524 0.23961851000785828 40.29136657714844 0.022692864760756493
82 449000 0.036286380141973495 0.23957893252372742 40.575523376464844 0.021618274971842766
82 449100 0.03646019101142883 0.24451234936714172 40.456111907958984 0.017278572544455528
82 449200 0.03135697916150093 0.24923884868621826 43.13239288330078 0.011355478316545486
82 449300 0.027122605592012405 0.24584172666072845 43.117218017578125 0.015176801942288876
82 449400 0.03210959583520889 0.24571391940116882 42.182762145996094 0.016056107357144356
82 449500 0.03409212827682495 0.24712863564491272 42.477500915527344 0.017688192427158356
82 449600 0.04103102535009384 0.24294254183769226 38.72201919555664 0.020688261836767197
83 449700 0.0406801775097847 0.2425224334001541 39.23146438598633 0.02771083451807499
83 449800 0.03188628703355789 0.24743863940238953 41.049285888671875 0.01127190887928009
83 449900 0.03131003677845001 0.24356825649738312 40.854129791259766 0.02130221761763096
